Date,Open,High,Low,Close,Volume,VIX,Gold,Crude,USDINR,SP500,NASDAQ
2016-01-04,7718.0498046875,7740.14990234375,7666.10009765625,7713.0498046875,183900,17.280000686645508,1075.099976,36.790000915527344,66.24800109863281,2072.780029296875,4914.5400390625
2016-01-06,8179.2001953125,8215.349609375,8171.0498046875,8179.9501953125,194400,15.84000015258789,1091.900024,49.0099983215332,67.23100280761719,2099.330078125,4952.25
2016-01-07,8313.0498046875,8356.75,8308.650390625,8328.349609375,165500,15.739999771118164,1107.699951,48.9900016784668,67.5009994506836,2102.949951171875,4862.56982421875
2016-01-08,8654.2998046875,8711.2998046875,8590.5,8636.5498046875,188400,15.18000030517578,1097.800049,40.060001373291016,66.64800262451172,2170.840087890625,5184.2001953125
2016-01-11,8653.150390625,8669.599609375,8614.5,8626.25,165000,15.739999771118164,1096.5,46.66999816894531,66.66549682617188,2111.719970703125,5153.580078125
2016-01-12,8244.0,8250.7998046875,8185.0498046875,8192.900390625,157700,16.690000534057617,1085.599976,51.060001373291016,68.58799743652344,2191.080078125,5251.10986328125
2016-01-13,7557.89990234375,7590.9501953125,7425.7998046875,7562.39990234375,215200,18.350000381469727,1087.5,30.479999542236328,66.91999816894531,1890.280029296875,4526.06005859375
2016-01-14,7467.39990234375,7604.7998046875,7443.7998046875,7536.7998046875,200800,18.61000061035156,1073.900024,31.200000762939453,66.93599700927734,1921.8399658203125,4615.0
2016-01-15,7561.64990234375,7566.5,7427.2998046875,7437.7998046875,197500,19.420000076293945,1091.5,29.420000076293945,67.30400085449219,1880.3299560546875,4488.419921875
2016-01-19,7381.7998046875,7462.75,7364.14990234375,7435.10009765625,188300,18.43000030517578,1089.900024,28.459999084472656,67.71099853515625,1881.3299560546875,4476.9501953125
2016-01-20,7357.0,7470.89990234375,7241.5,7309.2998046875,225600,20.96999931335449,1107.099976,26.549999237060547,67.76699829101562,1859.3299560546875,4471.68994140625
2016-01-21,7376.64990234375,7398.7001953125,7250.0,7276.7998046875,240700,20.809999465942383,1099.099976,29.530000686645508,67.9489974975586,1868.989990234375,4472.06005859375
2016-01-22,7355.7001953125,7433.39990234375,7327.60009765625,7422.4501953125,229200,18.81999969482422,1097.199951,32.189998626708984,67.80799865722656,1906.9000244140625,4591.18017578125
2016-01-25,7468.75,7487.14990234375,7421.2001953125,7436.14990234375,163200,18.270000457763672,1106.199951,30.34000015258789,67.54100036621094,1877.0799560546875,4518.490234375
2016-01-27,7469.60009765625,7477.89990234375,7419.7001953125,7437.75,187600,19.059999465942383,1116.099976,32.29999923706055,67.7699966430664,1882.949951171875,4468.169921875
2016-01-28,7426.5,7468.85009765625,7409.60009765625,7424.64990234375,274500,17.899999618530273,1115.599976,33.220001220703125,68.19599914550781,1893.3599853515625,4506.68017578125
2016-01-29,7413.35009765625,7575.64990234375,7402.7998046875,7563.5498046875,298700,17.239999771118164,1116.400024,33.619998931884766,68.09300231933594,1940.239990234375,4613.9501953125
2016-02-02,7566.64990234375,7576.2998046875,7428.0498046875,7455.5498046875,230200,18.040000915527344,1127.300049,29.8799991607666,67.88200378417969,1903.030029296875,4516.9501953125
2016-02-03,7321.7001953125,7380.35009765625,7308.14990234375,7368.85009765625,338500,18.989999771118164,1141.300049,34.65999984741211,67.74600219726562,1986.449951171875,4703.419921875
2016-02-05,7822.7001953125,7829.7998046875,7777.2998046875,7805.89990234375,146300,17.09000015258789,1157.800049,44.77999877929688,66.41799926757812,2081.429931640625,4817.58984375
2016-02-08,8647.4501953125,8687.2001953125,8611.400390625,8622.900390625,169400,15.6899995803833,1197.900024,39.5099983215332,66.7509994506836,2157.030029296875,5137.72998046875
2016-02-09,8796.349609375,8824.099609375,8768.2001953125,8809.650390625,191500,12.9399995803833,1198.699951,44.43999862670898,66.79299926757812,2179.97998046875,5249.89990234375
2016-02-11,8542.7998046875,8549.5,8504.849609375,8514.0,155300,16.799999237060547,1247.900024,45.34000015258789,66.67849731445312,2097.93994140625,5105.56982421875
2016-02-12,8153.5498046875,8159.2998046875,8070.0498046875,8086.7998046875,171500,17.93000030517578,1239.099976,51.68000030517578,68.21649932861328,2191.949951171875,5255.64990234375
2016-02-16,7201.25,7204.64990234375,7037.7001953125,7048.25,253800,23.040000915527344,1207.900024,29.040000915527344,68.13700103759766,1895.5799560546875,4435.9599609375
2016-02-17,7058.85009765625,7123.7001953125,6960.64990234375,7108.4501953125,260000,21.82999992370605,1211.099976,30.65999984741211,68.50599670410156,1926.8199462890625,4534.06005859375
2016-02-18,7177.39990234375,7215.10009765625,7127.85009765625,7191.75,246700,21.489999771118164,1226.099976,30.770000457763672,68.35600280761719,1917.8299560546875,4487.5400390625
2016-02-19,7170.5498046875,7226.85009765625,7145.9501953125,7210.75,192300,20.920000076293945,1230.400024,29.63999938964844,68.56600189208984,1917.780029296875,4504.43017578125
2016-02-22,7208.85009765625,7252.39990234375,7200.7001953125,7234.5498046875,154400,21.020000457763672,1209.5,31.479999542236328,68.53800201416016,1945.5,4570.60986328125
2016-02-23,7240.2998046875,7241.7001953125,7090.7001953125,7109.5498046875,194400,23.84000015258789,1222.300049,31.8700008392334,68.5739974975586,1921.27001953125,4503.580078125
2016-02-24,7075.0,7090.7998046875,7009.75,7018.7001953125,199700,22.959999084472656,1238.699951,32.150001525878906,68.60299682617188,1929.800048828125,4542.60986328125
2016-02-25,7029.85009765625,7034.2001953125,6961.39990234375,6970.60009765625,283100,22.75,1238.199951,33.06999969482422,68.3759994506836,1951.699951171875,4582.2001953125
2016-02-26,7039.2998046875,7052.89990234375,6985.10009765625,7029.75,206700,21.8700008392334,1219.800049,32.779998779296875,68.7969970703125,1948.050048828125,4590.47021484375
2016-02-29,7050.4501953125,7094.60009765625,6825.7998046875,6987.0498046875,473400,20.15999984741211,1233.900024,33.75,68.7300033569336,1932.22998046875,4557.9501953125
2016-03-02,7392.4501953125,7419.39990234375,7350.2998046875,7361.7998046875,192000,18.59000015258789,1241.099976,32.279998779296875,67.98600006103516,1912.530029296875,4504.240234375
2016-03-03,7429.5498046875,7483.9501953125,7406.0498046875,7475.60009765625,278600,18.040000915527344,1257.400024,34.56999969482422,67.38800048828125,1993.4000244140625,4707.419921875
2016-03-08,8635.2001953125,8635.4501953125,8529.599609375,8544.849609375,163000,16.239999771118164,1262.099976,40.83000183105469,66.6760025024414,2163.7900390625,5159.740234375
2016-03-10,8666.150390625,8745.2001953125,8635.0,8738.099609375,137300,15.619999885559082,1272.0,48.810001373291016,66.54650115966797,2161.199951171875,5300.8701171875
2016-03-11,8499.849609375,8537.650390625,8476.150390625,8484.9501953125,170500,16.469999313354492,1258.699951,44.65999984741211,66.77749633789062,2088.659912109375,5058.41015625
2016-03-14,7542.60009765625,7583.7001953125,7515.0498046875,7538.75,166900,17.100000381469727,1244.400024,37.18000030517578,66.91300201416016,2019.6400146484373,4750.27978515625
2016-03-15,7535.85009765625,7545.2001953125,7452.7998046875,7460.60009765625,193700,17.600000381469727,1230.400024,36.34000015258789,67.17400360107422,2015.9300537109373,4728.669921875
2016-03-16,7457.0498046875,7508.0,7405.14990234375,7498.75,195400,17.110000610351562,1229.300049,38.459999084472656,67.35900115966797,2027.219970703125,4763.97021484375
2016-03-17,7557.39990234375,7585.2998046875,7479.39990234375,7512.5498046875,239600,16.84000015258789,1264.5,40.20000076293945,66.83000183105469,2040.5899658203125,4774.990234375
2016-03-18,7534.64990234375,7613.60009765625,7517.89990234375,7604.35009765625,237400,16.3799991607666,1253.800049,39.43999862670898,66.61199951171875,2049.580078125,4795.64990234375
2016-03-21,7619.2001953125,7713.5498046875,7617.7001953125,7704.25,196800,16.329999923706055,1243.800049,39.90999984741211,66.3759994506836,2051.60009765625,4808.8701171875
2016-03-22,7695.5498046875,7728.2001953125,7643.7998046875,7714.89990234375,208900,16.43000030517578,1248.199951,41.45000076293945,66.5199966430664,2049.800048828125,4821.66015625
2016-03-23,7717.4501953125,7726.85009765625,7670.60009765625,7716.5,199600,16.350000381469727,1223.699951,39.790000915527344,66.76399993896484,2036.7099609375,4768.85986328125
2016-03-28,7741.0,7749.39990234375,7587.7001953125,7615.10009765625,242400,17.489999771118164,1219.900024,39.38999938964844,66.90699768066406,2037.050048828125,4766.7900390625
2016-03-29,7606.5498046875,7652.89990234375,7582.25,7597.0,216800,17.639999389648438,1235.599976,38.27999877929688,66.90699768066406,2055.010009765625,4846.6201171875
2016-03-30,7651.10009765625,7741.9501953125,7643.4501953125,7735.2001953125,232600,16.809999465942383,1226.900024,38.31999969482422,66.36799621582031,2063.949951171875,4869.2900390625
2016-03-31,7727.64990234375,7777.60009765625,7702.0,7738.39990234375,380100,16.579999923706055,1234.199951,38.34000015258789,66.36799621582031,2059.739990234375,4869.85009765625
2016-04-01,7924.5498046875,7937.5498046875,7781.10009765625,7791.2998046875,134700,16.84000015258789,1222.199951,36.7599983215332,66.19300079345703,2012.6600341796875,4903.08984375
2016-04-04,7733.14990234375,7764.4501953125,7704.39990234375,7758.7998046875,155500,17.450000762939453,1218.0,35.70000076293945,66.35800170898438,2066.1298828125,4891.7998046875
2016-04-05,7724.14990234375,7749.0,7697.25,7706.5498046875,199700,17.450000762939453,1228.400024,43.77999877929688,66.59200286865234,2051.1201171875,4725.64013671875
2016-04-08,8599.9501953125,8601.400390625,8518.150390625,8551.099609375,164700,15.140000343322754,1242.5,41.93000030517578,66.76000213623047,2164.25,5166.25
2016-04-11,8503.599609375,8504.0,8400.25,8433.75,224800,16.850000381469727,1256.699951,44.06999969482422,66.68450164794922,2085.179931640625,5046.3701171875
2016-04-13,7777.14990234375,7864.7998046875,7772.2001953125,7850.4501953125,220400,16.040000915527344,1246.800049,41.7599983215332,66.31500244140625,2082.419921875,4947.419921875
2016-04-18,7908.14990234375,7920.60009765625,7842.75,7914.7001953125,184600,16.950000762939453,1233.599976,39.77999877929688,66.65299987792969,2094.340087890625,4960.02001953125
2016-04-20,7950.0498046875,7950.39990234375,7877.5498046875,7914.75,205300,17.079999923706055,1253.199951,42.630001068115234,66.22200012207031,2102.39990234375,4948.1298828125
2016-04-21,7953.64990234375,7978.4501953125,7884.10009765625,7912.0498046875,223700,16.510000228881836,1249.0,43.18000030517578,66.2040023803711,2091.47998046875,4945.89013671875
2016-04-22,7891.7998046875,7923.35009765625,7873.35009765625,7899.2998046875,183300,16.3799991607666,1228.699951,43.72999954223633,66.51200103759766,2091.580078125,4906.22998046875
2016-04-25,7894.7998046875,7911.0,7827.0,7855.0498046875,146300,16.56999969482422,1238.900024,42.63999938964844,66.65299987792969,2087.7900390625,4895.7900390625
2016-04-26,7828.14990234375,7974.5,7822.5498046875,7962.64990234375,202400,16.579999923706055,1242.199951,44.040000915527344,66.70500183105469,2091.699951171875,4888.27978515625
2016-04-27,7942.0,7991.0,7940.5498046875,7979.89990234375,206800,16.350000381469727,1249.199951,45.33000183105469,66.45700073242188,2095.14990234375,4863.14013671875
2016-04-28,7967.39990234375,7992.0,7834.4501953125,7847.25,292500,16.600000381469727,1265.5,46.02999877929688,66.3550033569336,2075.81005859375,4805.2900390625
2016-04-29,7844.25,7889.0498046875,7788.7001953125,7849.7998046875,243700,16.540000915527344,1289.199951,45.91999816894531,66.43800354003906,2065.300048828125,4775.35986328125
2016-05-02,7418.25,7503.14990234375,7406.64990234375,7489.10009765625,249800,18.11000061035156,1294.699951,30.88999938964844,67.56400299072266,1880.050048828125,4363.14013671875
2016-05-04,7736.2998046875,7736.2998046875,7588.64990234375,7603.2001953125,203800,17.829999923706055,1273.300049,35.88999938964844,66.13300323486328,2045.1700439453125,4843.93017578125
2016-05-05,7731.0,7777.5498046875,7706.85009765625,7735.5,185100,17.170000076293945,1271.400024,44.31999969482422,66.62000274658203,2050.6298828125,4717.08984375
2016-05-10,8806.349609375,8806.9501953125,8731.400390625,8743.9501953125,157200,14.93000030517578,1263.900024,49.83000183105469,66.5780029296875,2159.72998046875,5316.02001953125
2016-05-12,8088.75,8141.89990234375,8056.85009765625,8128.75,126500,17.290000915527344,1270.300049,51.790000915527344,68.0114974975586,2204.7099609375,5308.89013671875
2016-05-13,7881.0,7881.0,7784.2001953125,7814.89990234375,179500,17.0,1271.900024,46.209999084472656,66.7509994506836,2046.6099853515625,4717.68017578125
2016-05-16,7831.2001953125,7873.89990234375,7772.14990234375,7860.75,205200,17.030000686645508,1273.400024,47.720001220703125,66.9000015258789,2066.659912109375,4775.4599609375
2016-05-17,7896.85009765625,7940.10009765625,7879.7001953125,7890.75,183400,16.3700008392334,1276.199951,48.310001373291016,66.875,2047.2099609375,4715.72998046875
2016-05-18,7846.75,7882.0498046875,7810.75,7870.14990234375,156400,16.450000762939453,1273.699951,48.18999862670898,66.86799621582031,2047.6300048828125,4739.1201171875
2016-05-19,7875.5,7876.2001953125,7766.7998046875,7783.39990234375,170400,17.059999465942383,1254.199951,48.15999984741211,67.16000366210938,2040.0400390625,4712.52978515625
2016-05-20,7792.2001953125,7812.39990234375,7735.75,7749.7001953125,157000,16.43000030517578,1252.400024,47.75,67.47699737548828,2052.320068359375,4769.56005859375
2016-05-23,7813.9501953125,7820.60009765625,7722.2001953125,7731.0498046875,172000,16.15999984741211,1251.099976,48.08000183105469,67.4229965209961,2048.0400390625,4765.77978515625
2016-05-24,7738.0498046875,7761.5498046875,7715.7998046875,7748.85009765625,147000,16.219999313354492,1228.900024,48.619998931884766,67.447998046875,2076.06005859375,4861.06005859375
2016-05-25,7811.7998046875,7941.2001953125,7809.2998046875,7934.89990234375,176200,15.520000457763672,1223.5,49.560001373291016,67.6510009765625,2090.5400390625,4894.89013671875
2016-05-26,7974.4501953125,8083.0,7948.5,8069.64990234375,264300,15.329999923706056,1220.099976,49.47999954223633,67.30400085449219,2090.10009765625,4901.77001953125
2016-05-27,8081.9501953125,8164.2001953125,8077.0498046875,8156.64990234375,260900,15.260000228881836,1213.800049,49.33000183105469,66.9540023803711,2099.06005859375,4933.5
2016-05-31,8209.849609375,8213.599609375,8134.2998046875,8160.10009765625,471000,16.049999237060547,1214.800049,49.09999847412109,67.13300323486328,2096.949951171875,4948.0498046875
2016-06-01,7788.0498046875,7800.9501953125,7721.2001953125,7741.0,147100,16.549999237060547,1211.900024,33.970001220703125,66.52400207519531,1990.260009765625,4835.759765625
2016-06-06,8228.75,8234.7001953125,8186.0498046875,8201.0498046875,171600,15.359999656677246,1244.599976,49.68999862670898,66.99199676513672,2109.409912109375,4968.7099609375
2016-06-09,8852.7001953125,8950.849609375,8848.4501953125,8943.0,195600,12.75,1270.199951,44.83000183105469,66.45999908447266,2186.47998046875,5275.91015625
2016-06-10,8768.7001953125,8781.150390625,8684.650390625,8709.5498046875,163600,14.84000015258789,1273.400024,50.43999862670898,66.56320190429688,2160.77001953125,5306.85009765625
2016-06-13,8102.25,8125.25,8063.89990234375,8110.60009765625,169700,16.579999923706055,1284.400024,48.880001068115234,66.94499969482422,2079.06005859375,4848.43994140625
2016-06-14,8134.39990234375,8134.9501953125,8069.5,8108.85009765625,145500,17.190000534057617,1285.599976,48.4900016784668,67.15399932861328,2075.320068359375,4843.5498046875
2016-06-15,8139.39990234375,8213.2001953125,8123.14990234375,8206.599609375,169800,17.059999465942383,1285.800049,48.0099983215332,67.2979965209961,2071.5,4834.93017578125
2016-06-16,8180.64990234375,8180.64990234375,8074.4501953125,8140.75,189200,17.700000762939453,1296.099976,46.209999084472656,67.072998046875,2077.989990234375,4844.919921875
2016-06-17,8176.64990234375,8195.25,8135.7998046875,8170.2001953125,166600,17.350000381469727,1292.5,47.97999954223633,67.30699920654297,2071.219970703125,4800.33984375
2016-06-20,8115.75,8244.150390625,8107.35009765625,8238.5,168600,17.520000457763672,1290.0,49.369998931884766,67.06600189208984,2083.25,4837.2099609375
2016-06-21,8255.400390625,8257.25,8202.150390625,8219.900390625,137000,17.260000228881836,1270.5,48.84999847412109,67.12999725341797,2088.89990234375,4843.759765625
2016-06-22,8213.650390625,8238.349609375,8153.25,8203.7001953125,136100,18.18000030517578,1268.0,49.130001068115234,67.60600280761719,2085.449951171875,4833.31982421875
2016-06-23,8201.150390625,8285.599609375,8188.2998046875,8270.4501953125,154100,18.020000457763672,1261.199951,50.11000061035156,67.4219970703125,2113.320068359375,4910.0400390625
2016-06-24,8029.10009765625,8100.7001953125,7927.0498046875,8088.60009765625,297600,18.6299991607666,1320.0,47.63999938964844,67.24199676513672,2037.4100341796875,4707.97998046875
2016-06-27,8039.35009765625,8120.64990234375,8039.35009765625,8094.7001953125,162500,18.530000686645508,1322.5,46.33000183105469,67.87699890136719,2000.5400390625,4594.43994140625
2016-06-28,8096.0498046875,8146.35009765625,8086.85009765625,8127.85009765625,170400,17.729999542236328,1315.300049,47.84999847412109,67.9209976196289,2036.0899658203125,4691.8701171875
2016-06-29,8173.10009765625,8212.400390625,8157.64990234375,8204.0,147000,16.15999984741211,1323.900024,49.880001068115234,67.70500183105469,2070.77001953125,4779.25
2016-06-30,8260.25,8308.150390625,8242.099609375,8287.75,279400,16.290000915527344,1318.400024,48.33000183105469,67.41600036621094,2098.860107421875,4842.669921875
2016-07-01,7673.35009765625,7674.9501953125,7556.60009765625,7568.2998046875,188900,18.959999084472656,1336.699951,33.27000045776367,66.7239990234375,1943.0899658203125,4689.43017578125
2016-07-06,8235.5498046875,8294.9501953125,8216.400390625,8266.4501953125,241900,14.869999885559082,1364.900024,50.36000061035156,66.8010025024414,2112.1298828125,4961.75
2016-07-07,8342.0,8361.9501953125,8317.7001953125,8337.900390625,155500,15.3100004196167,1360.099976,45.13999938964844,67.4010009765625,2097.89990234375,4876.81005859375
2016-07-11,8535.75,8535.849609375,8481.4501953125,8497.0498046875,172800,16.510000228881836,1355.0,44.88999938964844,66.7853012084961,2131.52001953125,5166.169921875
2016-07-12,8168.39990234375,8190.4501953125,8077.5,8102.0498046875,169800,16.850000381469727,1334.099976,49.77000045776367,67.72200012207031,2241.35009765625,5393.759765625
2016-07-13,8540.4501953125,8550.25,8493.5498046875,8519.5,195500,15.329999923706056,1342.400024,44.75,66.87000274658203,2152.429931640625,5005.72998046875
2016-07-14,8515.75,8571.400390625,8500.7001953125,8565.0,153900,15.609999656677246,1331.300049,45.68000030517578,67.00599670410156,2163.75,5034.06005859375
2016-07-15,8565.4501953125,8594.7998046875,8510.0498046875,8541.400390625,221700,15.640000343322754,1326.5,45.95000076293945,66.83799743652344,2161.739990234375,5029.58984375
2016-07-18,8564.0498046875,8587.099609375,8494.349609375,8508.7001953125,164300,15.989999771118164,1328.400024,45.2400016784668,67.13300323486328,2166.889892578125,5055.77978515625
2016-07-19,8514.2998046875,8540.0498046875,8476.7001953125,8528.5498046875,167900,15.800000190734863,1331.5,44.650001525878906,67.13899993896484,2163.780029296875,5036.3701171875
2016-07-20,8515.4501953125,8569.900390625,8512.5498046875,8565.849609375,160300,15.989999771118164,1318.800049,44.93999862670898,67.20600128173828,2173.02001953125,5089.93017578125
2016-07-21,8582.7001953125,8585.25,8503.4501953125,8510.099609375,150000,15.710000038146973,1330.5,44.75,67.16400146484375,2165.169921875,5073.89990234375
2016-07-22,8519.650390625,8548.9501953125,8489.7998046875,8541.2001953125,143200,15.5,1323.099976,44.18999862670898,67.15399932861328,2175.030029296875,5100.16015625
2016-07-25,8519.9501953125,8641.150390625,8517.2001953125,8635.650390625,150000,15.720000267028809,1319.300049,43.130001068115234,67.14600372314453,2168.47998046875,5097.6298828125
2016-07-26,8633.75,8644.900390625,8577.150390625,8590.650390625,154800,15.619999885559082,1320.699951,42.91999816894531,67.40499877929688,2169.179931640625,5110.0498046875
2016-07-27,8599.400390625,8665.0,8572.0498046875,8615.7998046875,184100,15.43000030517578,1326.599976,41.91999816894531,67.28399658203125,2166.580078125,5139.81005859375
2016-07-28,8636.9501953125,8674.7001953125,8625.25,8666.2998046875,233500,15.149999618530272,1332.300049,41.13999938964844,67.06300354003906,2170.06005859375,5154.97998046875
2016-07-29,8668.2998046875,8670.349609375,8631.150390625,8638.5,157000,14.920000076293944,1349.0,41.59999847412109,67.00700378417969,2173.60009765625,5162.1298828125
2016-08-01,7611.64990234375,7634.10009765625,7581.0498046875,7601.35009765625,157400,17.799999237060547,1351.400024,33.15999984741211,66.9209976196289,1922.030029296875,4643.6298828125
2016-08-02,7489.7001953125,7512.5498046875,7363.2001953125,7387.25,171500,20.26000022888184,1364.400024,29.690000534057617,67.802001953125,1853.43994140625,4283.75
2016-08-03,7486.39990234375,7527.14990234375,7442.14990234375,7485.2998046875,257000,18.46999931335449,1356.099976,36.5,67.0459976196289,1979.260009765625,4648.81982421875
2016-08-04,7542.35009765625,7569.35009765625,7526.7001953125,7555.2001953125,143400,16.43000030517578,1358.800049,39.720001220703125,66.77899932861328,2047.5999755859373,4850.68994140625
2016-08-08,8712.849609375,8723.5,8697.599609375,8711.349609375,172600,14.59000015258789,1333.400024,43.02000045776367,66.83499908447266,2180.889892578125,5213.14013671875
2016-08-09,8915.5,8960.349609375,8896.0,8952.5,217200,13.119999885559082,1339.0,47.619998931884766,66.47160339355469,2181.300048828125,5259.47998046875
2016-08-11,8540.0,8559.400390625,8480.099609375,8543.5498046875,195700,16.770000457763672,1342.5,44.97999954223633,66.73500061035156,2139.56005859375,5193.490234375
2016-08-12,8152.10009765625,8256.25,8151.75,8246.849609375,142500,15.529999732971191,1335.800049,50.84000015258789,67.43150329589844,2246.18994140625,5417.35986328125
2016-08-16,8670.25,8682.349609375,8600.4501953125,8642.5498046875,224800,14.18000030517578,1350.5,46.58000183105469,66.86489868164062,2178.14990234375,5227.10986328125
2016-08-17,8639.7998046875,8667.099609375,8603.599609375,8624.0498046875,174100,14.779999732971191,1342.699951,46.790000915527344,66.85769653320312,2182.219970703125,5228.66015625
2016-08-18,8648.849609375,8690.7001953125,8645.0498046875,8673.25,164300,14.550000190734863,1351.199951,48.220001220703125,66.90550231933594,2187.02001953125,5240.14990234375
2016-08-19,8694.2998046875,8696.599609375,8647.099609375,8666.900390625,191900,14.539999961853027,1340.400024,48.52000045776367,66.81999969482422,2183.8701171875,5238.3798828125
2016-08-22,8667.0,8684.849609375,8614.0,8629.150390625,152300,14.239999771118164,1337.699951,47.04999923706055,67.12750244140625,2182.639892578125,5244.60009765625
2016-08-23,8628.349609375,8642.150390625,8580.0,8632.599609375,187500,13.899999618530272,1340.599976,48.09999847412109,67.1874008178711,2186.89990234375,5260.080078125
2016-08-24,8648.5,8661.0498046875,8620.900390625,8650.2998046875,149600,13.489999771118164,1324.400024,46.77000045776367,67.12999725341797,2175.43994140625,5217.68994140625
2016-08-25,8668.849609375,8683.0498046875,8583.650390625,8592.2001953125,213100,13.289999961853027,1320.099976,47.33000183105469,67.16000366210938,2172.469970703125,5212.2001953125
2016-08-26,8614.349609375,8622.9501953125,8547.5498046875,8572.5498046875,147500,13.56999969482422,1321.5,47.63999938964844,67.00559997558594,2169.0400390625,5218.919921875
2016-08-29,8583.75,8622.0,8543.75,8607.4501953125,129700,13.170000076293944,1322.900024,46.97999954223633,67.12899780273438,2180.3798828125,5232.330078125
2016-08-30,8646.75,8750.599609375,8642.25,8744.349609375,150200,13.020000457763672,1311.699951,46.34999847412109,67.08999633789062,2176.1201171875,5222.990234375
2016-08-31,8754.0498046875,8819.2001953125,8754.0498046875,8786.2001953125,362200,13.239999771118164,1306.900024,44.70000076293945,67.12660217285156,2170.949951171875,5213.22021484375
2016-09-02,7303.9501953125,7323.4501953125,7275.14990234375,7298.2001953125,212100,21.729999542236328,1322.099976,27.940000534057617,68.07599639892578,1852.2099609375,4268.759765625
2016-09-06,8273.349609375,8273.349609375,8184.60009765625,8203.599609375,174900,15.670000076293944,1349.400024,50.560001373291016,66.51000213623047,2115.47998046875,4958.6201171875
2016-09-08,8727.7998046875,8728.349609375,8638.2001953125,8678.25,200100,14.539999961853027,1336.800049,42.77000045776367,66.79399871826172,2181.739990234375,5225.47998046875
2016-09-09,8934.2998046875,8939.150390625,8858.7001953125,8866.7001953125,175900,13.229999542236328,1330.099976,45.880001068115234,66.44999694824219,2127.81005859375,5125.91015625
2016-09-12,8271.7001953125,8274.9501953125,8241.9501953125,8261.75,149700,15.06999969482422,1321.0,51.5,67.40599822998047,2259.530029296875,5444.5
2016-09-14,8710.650390625,8739.849609375,8688.900390625,8726.599609375,184300,14.760000228881836,1321.5,43.58000183105469,66.99500274658203,2125.77001953125,5173.77001953125
2016-09-15,8743.849609375,8751.9501953125,8704.349609375,8742.5498046875,145400,14.68000030517578,1313.5,43.90999984741211,66.75810241699219,2147.260009765625,5249.68994140625
2016-09-16,8780.849609375,8847.650390625,8750.5,8779.849609375,265800,14.579999923706056,1305.800049,43.02999877929688,66.85030364990234,2139.159912109375,5244.56982421875
2016-09-19,8788.4501953125,8824.2998046875,8774.2001953125,8808.400390625,131700,14.9399995803833,1313.5,43.29999923706055,67.06529998779297,2139.1201171875,5235.02978515625
2016-09-20,8816.099609375,8816.4501953125,8759.2998046875,8775.900390625,136500,14.779999732971191,1313.699951,43.43999862670898,66.9552001953125,2139.760009765625,5241.35009765625
2016-09-21,8790.2998046875,8826.849609375,8757.2998046875,8777.150390625,148800,14.8100004196167,1326.900024,45.34000015258789,66.9749984741211,2163.1201171875,5295.18017578125
2016-09-22,8873.349609375,8893.349609375,8837.7998046875,8867.4501953125,172800,13.34000015258789,1340.400024,46.31999969482422,66.76119995117188,2177.179931640625,5339.52001953125
2016-09-23,8880.75,8885.2001953125,8820.2998046875,8831.5498046875,185900,13.25,1337.199951,44.47999954223633,66.62259674072266,2164.68994140625,5305.75
2016-09-26,8807.900390625,8809.5498046875,8715.099609375,8723.0498046875,164000,14.56999969482422,1339.699951,45.93000030517578,66.69650268554688,2146.10009765625,5257.490234375
2016-09-27,8748.900390625,8768.5,8690.5,8706.400390625,151400,14.25,1325.900024,44.66999816894531,66.60649871826172,2159.929931640625,5305.7099609375
2016-09-28,8711.2001953125,8767.0498046875,8703.150390625,8745.150390625,165500,13.850000381469728,1319.400024,47.04999923706055,66.44129943847656,2171.3701171875,5318.5498046875
2016-09-29,8792.7001953125,8800.650390625,8558.25,8591.25,372900,18.450000762939453,1321.699951,47.83000183105469,66.33280181884766,2151.1298828125,5269.14990234375
2016-09-30,8581.5,8637.150390625,8555.2001953125,8611.150390625,181700,17.18000030517578,1313.300049,48.2400016784668,66.81629943847656,2168.27001953125,5312.0
2016-10-03,7545.35009765625,7547.10009765625,7447.39990234375,7486.14990234375,224700,17.899999618530273,1309.0,37.84000015258789,67.1449966430664,1989.5699462890625,4662.16015625
2016-10-05,7873.5498046875,7896.89990234375,7837.7001953125,7887.7998046875,162000,16.420000076293945,1265.199951,44.65999984741211,66.72100067138672,2084.389892578125,4809.8798828125
2016-10-06,8180.25,8265.599609375,8162.85009765625,8170.0498046875,182200,15.970000267028809,1249.800049,49.06999969482422,66.74099731445312,2096.070068359375,4894.5498046875
2016-10-11,8555.599609375,8598.4501953125,8510.7001953125,8525.75,263100,15.460000038146973,1253.0,44.65999984741211,66.50749969482422,2167.47998046875,5208.7998046875
2016-10-13,8671.5,8681.5498046875,8541.349609375,8573.349609375,212300,15.43000030517578,1255.0,50.43999862670898,66.81809997558594,2132.550048828125,5213.330078125
2016-10-14,8594.0,8604.4501953125,8549.7998046875,8583.400390625,162800,14.890000343322754,1253.099976,50.34999847412109,66.78399658203125,2132.97998046875,5214.16015625
2016-10-17,8612.9501953125,8615.400390625,8506.150390625,8520.400390625,197400,15.65999984741211,1254.400024,49.93999862670898,66.7052993774414,2126.5,5199.81982421875
2016-10-18,8556.0498046875,8685.099609375,8555.900390625,8677.900390625,216600,14.539999961853027,1260.800049,50.290000915527344,66.78359985351562,2139.60009765625,5243.83984375
2016-10-19,8697.5,8698.75,8636.7001953125,8659.099609375,172100,14.609999656677246,1267.900024,51.59999847412109,66.73799896240234,2144.2900390625,5246.41015625
2016-10-20,8693.349609375,8727.0,8678.2998046875,8699.400390625,161000,14.170000076293944,1265.599976,50.43000030517578,66.63639831542969,2141.340087890625,5241.830078125
2016-10-21,8708.599609375,8709.099609375,8652.0498046875,8693.0498046875,157300,13.829999923706056,1265.900024,50.84999847412109,66.84130096435547,2141.159912109375,5257.39990234375
2016-10-24,8709.849609375,8736.9501953125,8684.150390625,8708.9501953125,157100,14.329999923706056,1262.0,50.52000045776367,66.91120147705078,2151.330078125,5309.830078125
2016-10-25,8721.7001953125,8722.650390625,8663.4501953125,8691.2998046875,189800,14.479999542236328,1271.900024,49.959999084472656,66.83399963378906,2143.159912109375,5283.39990234375
2016-10-26,8657.2998046875,8657.2998046875,8596.599609375,8615.25,219300,14.449999809265137,1264.800049,49.18000030517578,66.78130340576172,2139.429931640625,5250.27001953125
2016-10-27,8607.099609375,8624.849609375,8550.25,8615.25,242800,14.09000015258789,1267.900024,49.720001220703125,66.86399841308594,2133.0400390625,5215.97021484375
2016-10-28,8625.0,8653.75,8581.75,8638.0,175500,14.649999618530272,1275.5,48.70000076293945,66.90299987792969,2126.409912109375,5190.10009765625
2016-11-01,7527.4501953125,7605.10009765625,7494.35009765625,7563.85009765625,189000,18.690000534057617,1286.400024,31.40999984741211,66.83999633789062,1923.6700439453125,4637.990234375
2016-11-02,7203.60009765625,7208.64990234375,6959.9501953125,6976.35009765625,292300,25.96999931335449,1306.800049,26.209999084472656,67.89299774169922,1829.0799560546875,4266.83984375
2016-11-03,7484.85009765625,7543.9501953125,7460.60009765625,7510.2001953125,198700,17.100000381469727,1302.099976,38.5,67.30899810791016,2022.18994140625,4748.47021484375
2016-11-04,7577.7998046875,7678.7998046875,7516.85009765625,7671.39990234375,179800,16.010000228881836,1303.300049,40.36000061035156,66.54399871826172,2041.989990234375,4833.39990234375
2016-11-07,8413.349609375,8475.25,8407.0498046875,8467.900390625,149800,14.850000381469728,1278.300049,44.7599983215332,67.13200378417969,2137.159912109375,4988.64013671875
2016-11-08,8572.7998046875,8601.150390625,8540.0498046875,8592.150390625,189200,14.210000038146973,1273.400024,43.4900016784668,66.75800323486328,2185.7900390625,5228.39990234375
2016-11-15,8284.849609375,8288.5498046875,8093.2001953125,8108.4501953125,359200,20.149999618530277,1224.0,45.810001373291016,67.77549743652344,2180.389892578125,5275.6201171875
2016-11-16,8205.650390625,8210.0498046875,8089.39990234375,8111.60009765625,269500,19.5,1223.400024,45.56999969482422,67.74800109863281,2176.93994140625,5294.580078125
2016-11-17,8105.10009765625,8151.25,8060.2998046875,8079.9501953125,191300,18.709999084472656,1216.5,45.41999816894531,67.98149871826172,2187.1201171875,5333.97021484375
2016-11-18,8097.5498046875,8128.9501953125,8048.2998046875,8074.10009765625,161200,17.809999465942383,1208.5,45.68999862670898,67.97480010986328,2181.89990234375,5321.509765625
2016-11-21,8102.10009765625,8102.4501953125,7916.39990234375,7929.10009765625,218800,19.100000381469727,1209.599976,47.4900016784668,68.16999816894531,2198.179931640625,5368.85986328125
2016-11-22,7989.14990234375,8019.0498046875,7938.14990234375,8002.2998046875,210200,18.46999931335449,1211.0,48.02999877929688,68.21549987792969,2202.93994140625,5386.35009765625
2016-11-23,8051.2001953125,8055.2001953125,7973.10009765625,8033.2998046875,181000,18.040000915527344,1189.099976,47.959999084472656,68.385498046875,2204.719970703125,5380.68017578125
2016-11-25,8007.9501953125,8122.25,7976.75,8114.2998046875,177900,17.610000610351562,1178.199951,46.060001373291016,68.74549865722656,2213.35009765625,5398.919921875
2016-11-28,8080.64990234375,8146.5,8066.5,8126.89990234375,189700,18.059999465942383,1190.599976,47.08000183105469,68.50849914550781,2201.719970703125,5368.81005859375
2016-11-29,8131.5498046875,8197.349609375,8128.7001953125,8142.14990234375,189700,17.709999084472656,1187.900024,45.22999954223633,68.55549621582031,2204.659912109375,5379.919921875
2016-11-30,8172.14990234375,8234.25,8139.25,8224.5,248000,16.850000381469727,1170.800049,49.43999862670898,68.60800170898438,2198.81005859375,5323.68017578125
2016-12-01,7587.2001953125,7588.2998046875,7487.7998046875,7510.2998046875,163900,18.709999084472656,1166.900024,30.440000534057617,66.79299926757812,1938.6800537109373,4685.919921875
2016-12-02,7023.64990234375,7034.7998046875,6869.0,6980.9501953125,333900,24.670000076293945,1175.099976,29.440000534057617,68.4739990234375,1864.780029296875,4337.509765625
2016-12-05,7871.4501953125,7916.0498046875,7849.64990234375,7900.39990234375,152700,16.329999923706055,1174.0,46.70000076293945,66.59100341796875,2064.110107421875,4737.330078125
2016-12-07,8502.599609375,8526.599609375,8479.2001953125,8521.0498046875,183600,14.779999732971191,1175.0,46.79999923706055,67.1449966430664,2152.139892578125,5022.81982421875
2016-12-09,8732.9501953125,8746.9501953125,8699.400390625,8715.599609375,184500,15.239999771118164,1159.400024,46.290000915527344,66.77799987792969,2159.0400390625,5211.89013671875
2016-12-12,8230.650390625,8230.650390625,8154.4501953125,8170.7998046875,108100,16.190000534057617,1163.5,52.83000183105469,67.46050262451172,2256.9599609375,5412.5400390625
2016-12-13,8196.150390625,8228.849609375,8155.7998046875,8221.7998046875,184000,15.920000076293944,1156.699951,52.97999954223633,67.41799926757812,2271.719970703125,5463.830078125
2016-12-14,8229.349609375,8229.400390625,8165.10009765625,8182.4501953125,144600,16.59000015258789,1161.300049,51.040000915527344,67.3864974975586,2253.280029296875,5436.669921875
2016-12-15,8128.39990234375,8225.900390625,8121.9501953125,8153.60009765625,181800,15.65999984741211,1127.800049,50.900001525878906,67.81999969482422,2262.030029296875,5456.85009765625
2016-12-16,8178.2001953125,8178.7001953125,8127.4501953125,8139.4501953125,203000,15.25,1135.300049,51.900001525878906,67.84500122070312,2258.070068359375,5437.16015625
2016-12-19,8126.0,8132.5,8094.85009765625,8104.35009765625,107400,14.84000015258789,1140.5,52.119998931884766,67.83499908447266,2262.530029296875,5457.43994140625
2016-12-20,8110.60009765625,8124.10009765625,8062.75,8082.39990234375,128000,14.539999961853027,1131.5,52.22999954223633,67.84020233154297,2270.760009765625,5483.93994140625
2016-12-21,8105.85009765625,8112.5498046875,8053.25,8061.2998046875,123700,14.710000038146973,1131.099976,52.4900016784668,67.89700317382812,2265.179931640625,5471.43017578125
2016-12-22,8043.85009765625,8046.4501953125,7964.9501953125,7979.10009765625,122600,15.550000190734863,1128.800049,52.95000076293945,67.82550048828125,2260.9599609375,5447.419921875
2016-12-23,7972.5,8022.60009765625,7942.0498046875,7985.75,124100,15.130000114440918,1131.900024,53.02000045776367,67.83799743652344,2263.7900390625,5462.68994140625
2016-12-27,7915.0498046875,8044.64990234375,7903.7001953125,8032.85009765625,118800,15.079999923706056,1137.300049,53.900001525878906,67.77200317382812,2268.8798828125,5487.43994140625
2016-12-28,8047.5498046875,8100.5498046875,8028.39990234375,8034.85009765625,126700,15.539999961853027,1139.400024,54.060001373291016,67.96800231933594,2249.919921875,5438.56005859375
2016-12-29,8030.60009765625,8111.10009765625,8020.7998046875,8103.60009765625,178500,15.279999732971191,1156.400024,53.77000045776367,68.20500183105469,2249.260009765625,5432.08984375
2016-12-30,8119.64990234375,8197.0,8114.75,8185.7998046875,127600,15.470000267028809,1150.0,53.720001220703125,67.93299865722656,2238.830078125,5383.1201171875
2017-01-03,8904.400390625,8960.7998046875,8898.599609375,8945.7998046875,205900,13.579999923706056,1160.400024,53.83000183105469,66.7051010131836,2395.9599609375,5904.02978515625
2017-01-06,9603.5498046875,9634.650390625,9589.900390625,9616.099609375,176100,11.3100004196167,1171.900024,48.36000061035156,64.5000991821289,2430.06005859375,6246.830078125
2017-01-09,9937.650390625,9983.4501953125,9909.849609375,9974.400390625,157800,11.68000030517578,1183.5,47.290000915527344,63.91189956665039,2476.550048828125,6435.330078125
2017-01-11,10390.349609375,10451.650390625,10383.0498046875,10440.5,260300,12.140000343322754,1195.599976,54.29999923706055,64.67009735107422,2579.360107421875,6716.52978515625
2017-01-12,10263.7001953125,10272.7001953125,10108.5498046875,10121.7998046875,143400,14.800000190734863,1198.900024,58.36000061035156,64.49939727783203,2642.219970703125,6847.58984375
2017-01-13,8457.650390625,8461.0498046875,8373.150390625,8400.349609375,185300,14.380000114440918,1195.300049,52.369998931884766,68.12950134277344,2274.639892578125,5574.1201171875
2017-01-17,8415.0498046875,8440.900390625,8378.2998046875,8398.0,122000,15.390000343322754,1212.0,52.47999954223633,68.09459686279297,2267.889892578125,5538.72998046875
2017-01-18,8403.849609375,8460.2998046875,8397.400390625,8417.0,163800,15.18000030517578,1211.300049,51.08000183105469,67.89949798583984,2271.889892578125,5555.64990234375
2017-01-19,8418.400390625,8445.150390625,8404.0498046875,8435.099609375,165900,15.020000457763672,1200.900024,51.369998931884766,68.197998046875,2263.68994140625,5540.080078125
2017-01-20,8404.349609375,8423.650390625,8340.9501953125,8349.349609375,202600,15.789999961853027,1204.300049,52.41999816894531,68.09030151367188,2271.31005859375,5555.330078125
2017-01-23,8329.599609375,8404.150390625,8327.2001953125,8391.5,195000,15.90999984741211,1215.0,52.75,68.07720184326172,2265.199951171875,5552.93994140625
2017-01-24,8407.0498046875,8480.9501953125,8398.150390625,8475.7998046875,179200,15.289999961853027,1210.300049,53.18000030517578,68.05139923095703,2280.070068359375,5600.9599609375
2017-01-25,8499.4501953125,8612.599609375,8493.9501953125,8602.75,292500,15.170000076293944,1197.300049,52.75,68.16449737548828,2298.3701171875,5656.33984375
2017-01-27,8610.5,8672.7001953125,8606.900390625,8641.25,275400,16.010000228881836,1188.099976,53.16999816894531,68.14900207519531,2294.68994140625,5660.77978515625
2017-01-30,8635.5498046875,8662.599609375,8617.75,8632.75,304700,16.670000076293945,1193.199951,52.630001068115234,68.11000061035156,2280.89990234375,5613.7099609375
2017-01-31,8629.4501953125,8631.75,8552.400390625,8561.2998046875,521000,16.829999923706055,1208.599976,52.810001373291016,67.82099914550781,2278.8701171875,5614.7900390625
2017-02-02,8724.75,8757.599609375,8685.7998046875,8734.25,283500,13.520000457763672,1216.699951,53.540000915527344,67.39540100097656,2280.85009765625,5636.2001953125
2017-02-03,8982.849609375,8992.5,8879.7998046875,8899.75,218800,13.359999656677246,1218.5,52.61000061035156,66.85800170898438,2381.919921875,5861.22021484375
2017-02-06,9657.150390625,9673.5,9637.4501953125,9653.5,162200,10.8100004196167,1230.0,47.65999984741211,64.37229919433594,2439.070068359375,6305.7998046875
2017-02-08,10136.2998046875,10137.849609375,10054.2001953125,10081.5,161500,11.9399995803833,1237.599976,49.59000015258789,64.05580139160156,2477.570068359375,6362.64990234375
2017-02-13,8819.7998046875,8826.900390625,8754.2001953125,8805.0498046875,204900,13.6899995803833,1224.400024,52.93000030517578,66.84369659423828,2328.25,5763.9599609375
2017-02-14,8819.900390625,8820.4501953125,8772.5,8792.2998046875,188300,13.800000190734863,1223.900024,53.20000076293945,66.91539764404297,2337.580078125,5782.56982421875
2017-02-15,8778.9501953125,8807.900390625,8712.849609375,8724.7001953125,216100,14.210000038146973,1231.699951,53.11000061035156,66.7759017944336,2349.25,5819.43994140625
2017-02-16,8739.0,8783.9501953125,8719.599609375,8778.0,184600,13.729999542236328,1240.0,53.36000061035156,66.8655014038086,2347.219970703125,5814.89990234375
2017-02-17,8883.7001953125,8896.4501953125,8804.25,8821.7001953125,298300,13.43000030517578,1237.599976,53.400001525878906,67.16480255126953,2351.159912109375,5838.580078125
2017-02-21,8890.75,8920.7998046875,8860.9501953125,8907.849609375,175700,13.529999732971191,1237.5,54.060001373291016,66.96499633789062,2365.3798828125,5865.9501953125
2017-02-22,8931.599609375,8960.75,8905.25,8926.900390625,247100,13.699999809265137,1232.0,53.59000015258789,66.96510314941406,2362.820068359375,5860.6298828125
2017-02-23,8956.400390625,8982.150390625,8927.5498046875,8939.5,377200,13.399999618530272,1250.199951,54.45000076293945,66.91429901123047,2363.81005859375,5835.509765625
2017-02-27,8943.7001953125,8951.7998046875,8888.650390625,8896.7001953125,189900,13.68000030517578,1257.400024,54.04999923706055,66.63500213623047,2369.75,5861.89990234375
2017-02-28,8898.9501953125,8914.75,8867.599609375,8879.599609375,293600,13.789999961853027,1252.599976,54.0099983215332,66.69319915771484,2363.639892578125,5825.43994140625
2017-03-01,8196.0498046875,8219.099609375,8148.60009765625,8192.25,127300,15.960000038146973,1248.900024,52.33000183105469,68.13390350341797,2257.830078125,5429.080078125
2017-03-02,8735.150390625,8748.25,8707.75,8740.9501953125,191000,13.130000114440918,1231.900024,53.83000183105469,67.2656021118164,2297.419921875,5666.77001953125
2017-03-03,8883.5,8907.099609375,8860.099609375,8897.5498046875,202600,13.350000381469728,1225.5,53.33000183105469,66.84510040283203,2383.1201171875,5870.75
2017-03-07,9587.9501953125,9624.0,9543.5498046875,9615.0,183000,11.199999809265137,1215.099976,47.06999969482422,64.60679626464844,2429.010009765625,6110.06005859375
2017-03-08,10081.150390625,10081.150390625,9998.25,10013.650390625,192700,11.640000343322754,1208.5,49.02999877929688,63.64059829711914,2472.159912109375,6340.33984375
2017-03-10,9893.2998046875,9895.400390625,9831.0498046875,9859.5,162800,12.460000038146973,1200.699951,50.41999816894531,65.57170104980469,2534.580078125,6531.7099609375
2017-03-14,9091.650390625,9122.75,9060.5,9087.0,270300,12.399999618530272,1201.900024,47.720001220703125,66.17009735107422,2365.449951171875,5856.81982421875
2017-03-15,9086.849609375,9106.5498046875,9075.5,9084.7998046875,240600,12.420000076293944,1200.099976,48.86000061035156,65.77510070800781,2385.260009765625,5900.0498046875
2017-03-16,9129.650390625,9158.4501953125,9128.5498046875,9153.7001953125,208600,11.90999984741211,1226.5,48.75,65.62049865722656,2381.3798828125,5900.759765625
2017-03-17,9207.7998046875,9218.400390625,9147.599609375,9160.0498046875,286700,11.850000381469728,1229.800049,48.77999877929688,65.40450286865234,2378.25,5901.0
2017-03-20,9166.9501953125,9167.599609375,9116.2998046875,9126.849609375,332100,12.020000457763672,1233.599976,48.220001220703125,65.46810150146484,2373.469970703125,5901.52978515625
2017-03-21,9133.9501953125,9147.75,9087.2001953125,9121.5,247700,11.9399995803833,1246.099976,47.34000015258789,65.33529663085938,2344.02001953125,5793.830078125
2017-03-22,9047.2001953125,9072.900390625,9019.2998046875,9030.4501953125,232300,12.270000457763672,1249.300049,48.040000915527344,65.49500274658203,2348.449951171875,5821.64013671875
2017-03-23,9048.75,9099.0498046875,9048.599609375,9086.2998046875,191800,11.84000015258789,1246.900024,47.70000076293945,65.36499786376953,2345.9599609375,5817.68994140625
2017-03-24,9104.0,9133.5498046875,9089.400390625,9108.0,203700,11.979999542236328,1248.199951,47.970001220703125,65.44439697265625,2343.97998046875,5828.740234375
2017-03-27,9093.4501953125,9094.849609375,9024.650390625,9045.2001953125,202700,12.4399995803833,1255.400024,47.72999954223633,65.39309692382812,2341.590087890625,5840.3701171875
2017-03-28,9081.5,9110.400390625,9079.7998046875,9100.7998046875,183300,12.119999885559082,1255.300049,48.369998931884766,65.04499816894531,2358.570068359375,5875.14013671875
2017-03-29,9128.7001953125,9153.150390625,9109.099609375,9143.7998046875,243400,12.09000015258789,1253.400024,49.5099983215332,65.11000061035156,2361.1298828125,5897.5498046875
2017-03-30,9142.599609375,9183.150390625,9136.349609375,9173.75,323400,12.149999618530272,1245.0,50.34999847412109,64.77999877929688,2368.06005859375,5914.33984375
2017-03-31,9158.900390625,9191.7001953125,9152.099609375,9173.75,190900,12.420000076293944,1247.300049,50.59999847412109,64.79000091552734,2362.719970703125,5911.740234375
2017-04-05,9360.9501953125,9365.650390625,9323.25,9359.900390625,269600,11.329999923706056,1245.400024,45.52000045776367,64.20999908447266,2389.52001953125,6075.33984375
2017-04-10,9884.349609375,9938.2998046875,9850.650390625,9914.900390625,156200,11.800000190734863,1251.099976,49.97999954223633,65.44309997558594,2537.739990234375,6534.6298828125
2017-04-12,10175.0498046875,10179.2001953125,10095.7001953125,10127.75,148600,14.859999656677246,1275.300049,57.470001220703125,64.50900268554688,2639.43994140625,6775.3701171875
2017-04-13,9202.5,9202.650390625,9144.9501953125,9150.7998046875,166500,11.579999923706056,1285.900024,53.18000030517578,64.5,2328.949951171875,5805.14990234375
2017-04-17,9144.75,9160.0,9120.25,9139.2998046875,0,11.890000343322754,1289.400024,52.650001525878906,64.45369720458984,2349.010009765625,5856.7900390625
2017-04-18,9163.0,9217.900390625,9095.4501953125,9105.150390625,174200,12.380000114440918,1291.699951,52.40999984741211,64.4083023071289,2342.18994140625,5849.47021484375
2017-04-19,9112.2001953125,9120.5,9075.150390625,9103.5,173700,12.220000267028809,1281.400024,50.43999862670898,64.56999969482422,2338.169921875,5863.02978515625
2017-04-20,9108.099609375,9143.900390625,9102.650390625,9136.400390625,170300,11.5600004196167,1281.900024,50.27000045776367,64.64669799804688,2355.840087890625,5916.77978515625
2017-04-21,9179.099609375,9183.650390625,9088.75,9119.400390625,155200,11.420000076293944,1287.400024,49.619998931884766,64.66000366210938,2348.68994140625,5910.52001953125
2017-04-24,9135.349609375,9225.400390625,9130.5498046875,9217.9501953125,167700,11.630000114440918,1275.800049,49.22999954223633,64.63999938964844,2374.14990234375,5983.81982421875
2017-04-25,9273.0498046875,9309.2001953125,9250.349609375,9306.599609375,168700,11.15999984741211,1265.599976,49.560001373291016,64.38999938964844,2388.610107421875,6025.490234375
2017-04-26,9336.2001953125,9367.0,9301.349609375,9351.849609375,185700,11.739999771118164,1262.099976,49.619998931884766,64.3499984741211,2387.449951171875,6025.22998046875
2017-04-27,9359.150390625,9367.150390625,9322.650390625,9342.150390625,209400,11.06999969482422,1263.699951,48.970001220703125,64.0199966430664,2388.77001953125,6048.93994140625
2017-04-28,9340.9501953125,9342.650390625,9282.25,9304.0498046875,162200,10.859999656677246,1266.099976,49.33000183105469,64.05999755859375,2384.199951171875,6047.60986328125
2017-05-01,8226.650390625,8282.650390625,8223.7001953125,8273.7998046875,159100,15.050000190734863,1253.300049,53.7599983215332,67.885498046875,2269.0,5487.93994140625
2017-05-04,9264.400390625,9273.900390625,9215.400390625,9265.150390625,184800,11.550000190734863,1226.5,51.150001525878906,65.05000305175781,2352.949951171875,5864.47998046875
2017-05-05,9374.5498046875,9377.099609375,9272.0,9285.2998046875,231900,11.989999771118164,1224.800049,46.220001220703125,64.16999816894531,2399.2900390625,6100.759765625
2017-05-09,9933.25,9963.099609375,9901.0498046875,9952.2001953125,139200,12.890000343322754,1214.300049,48.65999984741211,64.02629852294922,2457.85009765625,6375.56982421875
2017-05-10,9927.0,9945.9501953125,9881.849609375,9888.7001953125,147800,11.710000038146973,1217.300049,50.790000915527344,65.01950073242188,2552.070068359375,6585.35986328125
2017-05-12,10118.25,10147.9501953125,10069.099609375,10118.25,155500,15.010000228881836,1226.199951,57.619998931884766,64.35140228271484,2629.570068359375,6762.2099609375
2017-05-15,9433.5498046875,9449.25,9423.099609375,9445.400390625,140800,10.68000030517578,1228.599976,48.84999847412109,64.16549682617188,2402.320068359375,6149.669921875
2017-05-16,9461.0,9517.2001953125,9456.349609375,9512.25,166500,10.5600004196167,1235.0,48.65999984741211,64.03829956054688,2400.669921875,6169.8701171875
2017-05-17,9517.599609375,9532.599609375,9486.099609375,9525.75,205500,10.640000343322754,1257.5,49.06999969482422,63.900001525878906,2357.030029296875,6011.240234375
2017-05-18,9453.2001953125,9489.099609375,9418.099609375,9429.4501953125,193300,11.789999961853027,1251.699951,49.34999847412109,64.2300033569336,2365.719970703125,6055.1298828125
2017-05-19,9469.900390625,9505.75,9390.75,9427.900390625,252100,11.300000190734863,1252.699951,50.33000183105469,64.87110137939453,2381.72998046875,6083.7001953125
2017-05-22,9480.25,9498.650390625,9427.900390625,9438.25,196800,11.199999809265137,1260.699951,50.72999954223633,64.44850158691406,2394.02001953125,6133.6201171875
2017-05-23,9445.0498046875,9448.0498046875,9370.0,9386.150390625,224400,12.199999809265137,1254.800049,51.470001220703125,64.50019836425781,2398.419921875,6138.7099609375
2017-05-24,9410.900390625,9431.900390625,9341.650390625,9360.5498046875,211800,11.829999923706056,1252.400024,51.36000061035156,64.88520050048828,2404.389892578125,6163.02001953125
2017-05-25,9384.0498046875,9523.2998046875,9379.2001953125,9509.75,289200,10.449999809265137,1255.800049,48.900001525878906,64.76010131835938,2415.070068359375,6205.259765625
2017-05-26,9507.75,9604.900390625,9495.400390625,9595.099609375,218800,10.859999656677246,1267.599976,49.79999923706055,64.54540252685547,2415.820068359375,6210.18994140625
2017-05-30,9590.650390625,9635.2998046875,9581.2001953125,9624.5498046875,193900,11.770000457763672,1262.099976,49.65999984741211,64.50859832763672,2412.909912109375,6203.18994140625
2017-05-31,9636.5498046875,9649.599609375,9609.25,9621.25,414300,11.760000228881836,1272.0,48.31999969482422,64.61859893798828,2411.800048828125,6198.52001953125
2017-06-01,8281.849609375,8306.849609375,8233.25,8243.7998046875,139400,14.90999984741211,1267.0,53.9900016784668,67.73300170898438,2276.97998046875,5521.06005859375
2017-06-02,8785.4501953125,8814.099609375,8770.2001953125,8801.0498046875,194400,13.399999618530272,1276.800049,53.0099983215332,67.15730285644531,2292.56005859375,5663.5498046875
2017-06-06,9704.25,9709.2998046875,9630.2001953125,9637.150390625,145900,11.130000114440918,1294.400024,48.18999862670898,64.34400177001953,2429.330078125,6275.06005859375
2017-06-07,9653.599609375,9700.7001953125,9639.9501953125,9674.5498046875,147400,10.979999542236328,1290.099976,45.52000045776367,64.79139709472656,2409.75,6089.4599609375
2017-06-09,9899.25,9931.5498046875,9882.5498046875,9916.2001953125,149200,13.119999885559082,1268.5,49.15999984741211,64.0999984741211,2465.5400390625,6393.31005859375
2017-06-12,10088.7998046875,10104.2001953125,10033.349609375,10044.099609375,166100,15.09000015258789,1266.099976,55.959999084472656,64.35690307617188,2629.27001953125,6776.3798828125
2017-06-13,9615.5498046875,9654.150390625,9595.400390625,9606.900390625,129700,11.34000015258789,1265.800049,46.459999084472656,64.46910095214844,2440.35009765625,6220.3701171875
2017-06-14,9621.5498046875,9627.400390625,9580.4501953125,9618.150390625,181800,11.18000030517578,1272.800049,44.72999954223633,64.35749816894531,2437.919921875,6194.89013671875
2017-06-15,9617.900390625,9621.400390625,9560.7998046875,9578.0498046875,171100,11.329999923706056,1252.199951,44.459999084472656,64.16580200195312,2432.4599609375,6165.5
2017-06-16,9595.4501953125,9615.849609375,9565.5,9588.0498046875,213200,10.920000076293944,1254.0,44.7400016784668,64.55999755859375,2433.14990234375,6151.759765625
2017-06-19,9626.400390625,9673.2998046875,9614.900390625,9657.5498046875,141700,10.630000114440918,1244.199951,44.20000076293945,64.3949966430664,2453.4599609375,6239.009765625
2017-06-20,9670.5,9676.5,9643.75,9653.5,159500,10.65999984741211,1241.0,43.22999954223633,64.48760223388672,2437.030029296875,6188.02978515625
2017-06-21,9648.099609375,9650.4501953125,9608.599609375,9633.599609375,144000,10.920000076293944,1243.400024,42.52999877929688,64.53050231933594,2435.610107421875,6233.9501953125
2017-06-22,9642.650390625,9698.849609375,9617.75,9630.0,198800,11.210000038146973,1247.599976,42.7400016784668,64.5416030883789,2434.5,6236.68994140625
2017-06-23,9643.25,9647.650390625,9565.2998046875,9574.9501953125,175200,11.5600004196167,1256.199951,43.0099983215332,64.59100341796875,2438.300048828125,6265.25
2017-06-27,9594.0498046875,9615.400390625,9473.4501953125,9511.400390625,203300,12.510000228881836,1246.400024,44.2400016784668,64.42130279541016,2419.3798828125,6146.6201171875
2017-06-28,9520.2001953125,9522.5,9474.349609375,9491.25,172400,11.989999771118164,1248.0,44.7400016784668,64.5248031616211,2440.68994140625,6234.41015625
2017-06-29,9522.9501953125,9575.7998046875,9493.7998046875,9504.099609375,259300,11.380000114440918,1244.199951,44.93000030517578,64.51190185546875,2419.699951171875,6144.35009765625
2017-06-30,9478.5,9535.7998046875,9448.75,9520.900390625,179600,11.729999542236328,1240.699951,46.040000915527344,64.78510284423828,2423.409912109375,6140.419921875
2017-07-03,8977.75,8977.849609375,8932.7998046875,8946.900390625,173400,13.880000114440918,1217.900024,53.13999938964844,66.66470336914062,2368.389892578125,5833.93017578125
2017-07-06,9663.9501953125,9678.5498046875,9630.5498046875,9663.900390625,160700,10.890000343322754,1222.199951,45.720001220703125,64.42050170898438,2433.139892578125,6297.3798828125
2017-07-07,9670.349609375,9684.25,9642.650390625,9665.7998046875,141800,10.869999885559082,1208.599976,44.22999954223633,64.71330261230469,2425.179931640625,6153.080078125
2017-07-11,10477.150390625,10485.75,10340.7998046875,10350.150390625,286900,13.239999771118164,1213.599976,57.20000076293945,64.59089660644531,2590.639892578125,6767.77978515625
2017-07-12,10063.4501953125,10182.650390625,10061.900390625,10166.7001953125,166200,14.270000457763672,1218.099976,56.68999862670898,64.51519775390625,2636.97998046875,6812.83984375
2017-07-13,9855.7998046875,9897.25,9853.4501953125,9891.7001953125,181300,11.25,1216.300049,46.08000183105469,64.36499786376953,2447.830078125,6274.43994140625
2017-07-14,9913.2998046875,9913.2998046875,9845.4501953125,9886.349609375,159600,11.170000076293944,1226.599976,46.540000915527344,64.42579650878906,2459.27001953125,6312.47021484375
2017-07-17,9908.150390625,9928.2001953125,9894.7001953125,9915.9501953125,163500,11.460000038146973,1232.800049,46.02000045776367,64.26730346679688,2459.139892578125,6314.43017578125
2017-07-18,9832.7001953125,9885.349609375,9792.0498046875,9827.150390625,293900,11.489999771118164,1241.099976,46.400001525878906,64.33000183105469,2460.610107421875,6344.31005859375
2017-07-19,9855.9501953125,9905.0498046875,9851.650390625,9899.599609375,200200,11.260000228881836,1241.199951,47.119998931884766,64.3062973022461,2473.830078125,6385.0400390625
2017-07-20,9920.2001953125,9922.5498046875,9863.4501953125,9873.2998046875,161100,11.31999969482422,1244.800049,46.790000915527344,64.26329803466797,2473.449951171875,6390.0
2017-07-21,9899.599609375,9924.7001953125,9838.0,9915.25,187500,11.09000015258789,1254.300049,45.77000045776367,64.32499694824219,2472.5400390625,6387.75
2017-07-24,9936.7998046875,9982.0498046875,9919.599609375,9966.400390625,174500,11.3100004196167,1253.900024,46.34000015258789,64.46109771728516,2469.909912109375,6410.81005859375
2017-07-25,10010.5498046875,10011.2998046875,9949.099609375,9964.5498046875,185500,10.90999984741211,1251.699951,47.88999938964844,64.36509704589844,2477.1298828125,6412.169921875
2017-07-26,9983.650390625,10025.9501953125,9965.9501953125,10020.650390625,197600,11.170000076293944,1249.0,48.75,64.4469985961914,2477.830078125,6422.75
2017-07-27,10063.25,10114.849609375,10005.5,10020.5498046875,287900,11.220000267028809,1259.599976,49.040000915527344,64.3447036743164,2475.419921875,6382.18994140625
2017-07-28,9996.5498046875,10026.0498046875,9944.5,10014.5,191600,11.140000343322754,1268.400024,49.709999084472656,64.18499755859375,2472.10009765625,6374.68017578125
2017-07-31,10034.7001953125,10085.900390625,10016.9501953125,10077.099609375,237700,11.899999618530272,1266.599976,50.16999816894531,64.12349700927734,2470.300048828125,6348.1201171875
2017-08-02,8774.5498046875,8791.25,8715.0,8769.0498046875,218700,13.350000381469728,1271.800049,52.34000015258789,67.34049987792969,2294.669921875,5682.4501953125
2017-08-03,8950.7001953125,8957.0498046875,8891.9501953125,8924.2998046875,177800,14.079999923706056,1267.800049,50.27999877929688,66.61620330810547,2362.97998046875,5837.5498046875
2017-08-08,10068.349609375,10083.7998046875,9947.0,9978.5498046875,203300,12.770000457763672,1256.400024,49.16999816894531,63.8301010131836,2474.919921875,6370.4599609375
2017-08-09,9958.650390625,9963.599609375,9913.2998046875,9934.7998046875,163600,12.960000038146973,1273.0,47.47999954223633,63.95009994506836,2461.429931640625,6360.18994140625
2017-08-11,10361.9501953125,10384.25,10285.5,10303.150390625,274500,13.609999656677246,1287.699951,56.810001373291016,65.16449737548828,2594.3798828125,6789.1201171875
2017-08-14,9755.75,9818.2998046875,9752.099609375,9794.150390625,195600,14.380000114440918,1284.199951,47.59000015258789,64.08100128173828,2465.840087890625,6340.22998046875
2017-08-16,9825.849609375,9903.9501953125,9773.849609375,9897.2998046875,219500,14.239999771118164,1276.900024,46.77999877929688,64.26300048828125,2468.110107421875,6345.10986328125
2017-08-17,9945.5498046875,9947.7998046875,9883.75,9904.150390625,197600,14.34000015258789,1286.400024,47.09000015258789,64.1604995727539,2430.010009765625,6221.91015625
2017-08-18,9865.9501953125,9865.9501953125,9783.650390625,9837.400390625,246300,14.56999969482422,1285.699951,48.5099983215332,64.18890380859375,2425.550048828125,6216.52978515625
2017-08-21,9864.25,9884.349609375,9740.099609375,9754.349609375,205300,14.81999969482422,1290.800049,47.369998931884766,64.07589721679688,2428.3701171875,6213.1298828125
2017-08-22,9815.75,9828.4501953125,9752.599609375,9765.5498046875,183600,14.109999656677246,1285.099976,47.63999938964844,64.15750122070312,2452.510009765625,6297.47998046875
2017-08-23,9803.0498046875,9857.900390625,9786.75,9852.5,168600,13.18000030517578,1288.900024,48.40999984741211,64.05750274658203,2444.0400390625,6278.41015625
2017-08-24,9881.2001953125,9881.5,9848.849609375,9857.0498046875,184700,12.56999969482422,1286.5,47.43000030517578,64.00499725341797,2438.969970703125,6271.330078125
2017-08-28,9907.150390625,9925.75,9882.0,9912.7998046875,159600,12.640000343322754,1309.699951,46.56999969482422,63.99549865722656,2444.239990234375,6283.02001953125
2017-08-29,9886.400390625,9887.349609375,9783.75,9796.0498046875,173300,13.539999961853027,1313.099976,46.43999862670898,63.78929901123047,2446.300048828125,6301.89013671875
2017-08-30,9859.5,9909.4501953125,9850.7998046875,9884.400390625,157800,12.890000343322754,1308.099976,45.959999084472656,63.98680114746094,2457.590087890625,6368.31005859375
2017-08-31,9905.7001953125,9925.099609375,9856.9501953125,9917.900390625,327700,11.949999809265137,1316.199951,47.22999954223633,63.976200103759766,2471.64990234375,6428.66015625
2017-09-01,8259.349609375,8263.0,8227.75,8236.0498046875,99100,15.479999542236328,1324.5,51.959999084472656,68.1426010131836,2268.89990234375,5531.81982421875
2017-09-05,9337.349609375,9338.9501953125,9307.7001953125,9316.849609375,132300,11.109999656677246,1339.199951,45.880001068115234,64.41179656982422,2396.919921875,6120.58984375
2017-09-06,9638.5498046875,9676.25,9608.150390625,9668.25,159000,10.859999656677246,1333.900024,45.83000183105469,64.243896484375,2431.77001953125,6207.919921875
2017-09-08,9961.150390625,9969.7998046875,9893.0498046875,9908.0498046875,169200,13.449999809265137,1346.0,49.560001373291016,63.70289993286133,2474.02001953125,6352.330078125
2017-09-11,10358.650390625,10368.4501953125,10266.9501953125,10308.9501953125,240200,13.270000457763672,1331.0,57.16999816894531,64.9104995727539,2584.6201171875,6750.0498046875
2017-09-13,10099.25,10131.9501953125,10063.150390625,10079.2998046875,215000,11.760000228881836,1323.400024,49.29999923706055,63.98759841918945,2498.3701171875,6460.18994140625
2017-09-14,10107.400390625,10126.5,10070.349609375,10086.599609375,225600,11.470000267028809,1324.699951,49.88999938964844,64.11509704589844,2495.6201171875,6429.080078125
2017-09-15,10062.349609375,10115.150390625,10043.650390625,10085.400390625,266600,11.68000030517578,1320.400024,49.88999938964844,64.15499877929688,2500.22998046875,6448.47021484375
2017-09-18,10133.099609375,10171.7001953125,10131.2998046875,10153.099609375,156100,11.4399995803833,1306.300049,49.90999984741211,64.12020111083984,2503.8701171875,6454.64013671875
2017-09-19,10175.599609375,10178.9501953125,10129.9501953125,10147.5498046875,187500,11.470000267028809,1306.199951,49.47999954223633,64.2146987915039,2506.64990234375,6461.31982421875
2017-09-20,10160.9501953125,10171.0498046875,10134.2001953125,10141.150390625,199400,11.630000114440918,1312.0,50.40999984741211,64.29869842529297,2508.239990234375,6456.0400390625
2017-09-21,10139.599609375,10158.900390625,10058.599609375,10121.900390625,191800,11.630000114440918,1290.599976,50.54999923706055,64.28369903564453,2500.60009765625,6422.68994140625
2017-09-22,10094.349609375,10095.0498046875,9952.7998046875,9964.400390625,226600,12.8100004196167,1293.300049,50.65999984741211,64.80229949951172,2502.219970703125,6426.919921875
2017-09-25,9960.099609375,9960.5,9816.0498046875,9872.599609375,221400,13.34000015258789,1306.800049,52.220001220703125,64.89099884033203,2496.659912109375,6370.58984375
2017-09-26,9875.25,9891.349609375,9813.0,9871.5,190900,12.93000030517578,1297.0,51.880001068115234,65.26509857177734,2496.840087890625,6380.16015625
2017-09-27,9920.599609375,9921.0498046875,9714.400390625,9735.75,200100,13.859999656677246,1283.400024,52.13999938964844,65.3499984741211,2507.0400390625,6453.259765625
2017-09-28,9736.400390625,9789.2001953125,9687.5498046875,9768.9501953125,385000,13.170000076293944,1285.5,51.560001373291016,65.5250015258789,2510.06005859375,6453.4501953125
2017-09-29,9814.2998046875,9854.0,9775.349609375,9788.599609375,196300,12.489999771118164,1281.5,51.66999816894531,65.36000061035156,2519.360107421875,6495.9599609375
2017-10-02,8812.349609375,8822.099609375,8771.2001953125,8793.5498046875,225900,13.18000030517578,1272.699951,53.86000061035156,66.74530029296875,2316.10009765625,5734.1298828125
2017-10-03,8953.7001953125,8975.7001953125,8903.9501953125,8934.5498046875,152700,13.960000038146973,1271.5,48.4900016784668,66.68049621582031,2372.60009765625,5861.72998046875
2017-10-04,9225.599609375,9225.650390625,9174.849609375,9181.4501953125,135800,11.619999885559082,1273.699951,53.08000183105469,64.26000213623047,2357.159912109375,5880.93017578125
2017-10-05,9339.650390625,9414.75,9336.0,9407.2998046875,152700,10.949999809265137,1269.900024,47.33000183105469,64.63999938964844,2399.6298828125,6129.14013671875
2017-10-10,10013.7001953125,10034.0,10002.2998046875,10016.9501953125,148600,11.109999656677246,1290.599976,50.91999816894531,65.41459655761719,2550.639892578125,6587.25
2017-10-11,10304.349609375,10344.9501953125,10254.099609375,10321.75,279400,13.479999542236328,1285.800049,56.7400016784668,64.96800231933594,2582.300048828125,6750.93994140625
2017-10-13,10123.7001953125,10191.900390625,10120.099609375,10167.4501953125,230100,11.260000228881836,1301.5,51.45000076293945,65.0459976196289,2553.169921875,6605.7998046875
2017-10-16,10207.400390625,10242.9501953125,10175.099609375,10230.849609375,203000,11.3100004196167,1299.900024,51.869998931884766,64.6729965209961,2557.639892578125,6624.0
2017-10-17,10227.650390625,10251.849609375,10212.599609375,10234.4501953125,195700,11.609999656677246,1283.0,51.880001068115234,64.6946029663086,2559.360107421875,6623.66015625
2017-10-18,10209.400390625,10236.4501953125,10175.75,10210.849609375,254200,11.539999961853027,1279.900024,52.040000915527344,64.92870330810547,2561.260009765625,6624.22021484375
2017-10-19,10210.349609375,10211.9501953125,10123.349609375,10146.5498046875,30200,12.399999618530272,1286.900024,51.290000915527344,65.04010009765625,2562.10009765625,6605.06982421875
2017-10-23,10176.650390625,10224.150390625,10124.5,10184.849609375,218100,12.329999923706056,1277.699951,51.900001525878906,65.1041030883789,2564.97998046875,6586.830078125
2017-10-24,10218.5498046875,10237.75,10182.400390625,10207.7001953125,217200,11.59000015258789,1275.0,52.470001220703125,65.03489685058594,2569.1298828125,6598.43017578125
2017-10-25,10321.150390625,10340.5498046875,10240.900390625,10295.349609375,594200,11.760000228881836,1275.400024,52.18000030517578,65.07949829101562,2557.14990234375,6563.89013671875
2017-10-26,10291.7998046875,10355.650390625,10271.849609375,10343.7998046875,429700,11.619999885559082,1266.300049,52.63999938964844,64.83999633789062,2560.39990234375,6556.77001953125
2017-10-27,10362.2998046875,10366.150390625,10311.2998046875,10323.0498046875,312700,11.479999542236328,1268.5,53.900001525878906,64.5999984741211,2581.070068359375,6701.259765625
2017-10-30,10353.849609375,10384.5,10344.2998046875,10363.650390625,236900,12.109999656677246,1274.099976,54.150001525878906,64.87339782714844,2572.830078125,6698.9599609375
2017-10-31,10364.900390625,10367.7001953125,10323.9501953125,10335.2998046875,232600,12.4399995803833,1267.0,54.380001068115234,64.84239959716797,2575.260009765625,6727.669921875
2017-11-01,8327.7998046875,8389.0,8322.25,8380.650390625,186500,14.8100004196167,1274.099976,52.25,68.31800079345703,2275.320068359375,5563.64990234375
2017-11-08,9712.150390625,9771.650390625,9685.5498046875,9710.7998046875,285900,15.199999809265137,1281.599976,48.81999969482422,64.13860321044922,2441.320068359375,6256.56005859375
2017-11-09,9971.75,10028.650390625,9968.7998046875,10006.0498046875,173000,12.359999656677246,1285.599976,48.06999969482422,63.930999755859375,2488.110107421875,6432.259765625
2017-11-10,10042.599609375,10067.25,9955.7998046875,9984.7998046875,189700,11.729999542236328,1272.400024,51.29999923706055,65.23889923095703,2555.239990234375,6603.5498046875
2017-11-13,10322.0,10334.150390625,10216.25,10224.9501953125,210300,14.050000190734863,1277.300049,56.7599983215332,65.1603012084961,2584.840087890625,6757.60009765625
2017-11-14,10223.400390625,10248.0,10175.5498046875,10186.599609375,305000,14.170000076293944,1281.5,55.70000076293945,65.43840026855469,2578.8701171875,6737.8701171875
2017-11-15,10171.9501953125,10175.4501953125,10094.0,10118.0498046875,207400,14.270000457763672,1276.5,55.33000183105469,65.41339874267578,2564.6201171875,6706.2099609375
2017-11-17,10324.5498046875,10343.599609375,10268.0498046875,10283.599609375,203300,13.710000038146973,1295.800049,56.54999923706055,65.20999908447266,2578.85009765625,6782.7900390625
2017-11-20,10287.2001953125,10309.849609375,10261.5,10298.75,147200,13.43000030517578,1274.599976,56.09000015258789,64.90499877929688,2582.139892578125,6790.7099609375
2017-11-21,10329.25,10358.7001953125,10315.0498046875,10326.900390625,186100,13.720000267028809,1281.099976,56.83000183105469,65.0250015258789,2599.030029296875,6862.47998046875
2017-11-22,10350.7998046875,10368.7001953125,10309.5498046875,10342.2998046875,157600,14.039999961853027,1291.599976,58.02000045776367,64.76129913330078,2597.080078125,6867.35986328125
2017-11-24,10366.7998046875,10404.5,10362.25,10389.7001953125,129200,13.510000228881836,1286.699951,58.95000076293945,64.57939910888672,2602.419921875,6889.16015625
2017-11-27,10361.0498046875,10407.150390625,10340.2001953125,10399.5498046875,141900,13.029999732971191,1293.800049,58.11000061035156,64.54499816894531,2601.419921875,6878.52001953125
2017-11-28,10387.900390625,10409.5498046875,10355.2001953125,10370.25,196000,13.149999618530272,1294.699951,57.9900016784668,64.43389892578125,2627.0400390625,6912.35986328125
2017-11-29,10376.650390625,10392.9501953125,10345.900390625,10361.2998046875,152500,13.0600004196167,1282.099976,57.29999923706055,64.47000122070312,2626.070068359375,6824.39013671875
2017-11-30,10332.7001953125,10332.7001953125,10211.25,10226.5498046875,342500,13.550000190734863,1273.199951,57.400001525878906,64.41480255126953,2647.580078125,6873.97021484375
2017-12-01,8391.0498046875,8417.2001953125,8382.2998046875,8407.2001953125,172600,14.609999656677246,1278.800049,53.0099983215332,68.13999938964844,2270.43994140625,5547.490234375
2017-12-04,9242.5,9246.400390625,9161.7998046875,9203.4501953125,161800,11.630000114440918,1274.300049,53.11000061035156,64.62999725341797,2344.929931640625,5836.16015625
2017-12-05,9436.650390625,9437.75,9372.5498046875,9400.900390625,154300,10.630000114440918,1261.599976,47.84000015258789,64.36000061035156,2390.89990234375,6121.22998046875
2017-12-06,9646.7001953125,9647.0498046875,9598.5,9616.400390625,141400,11.420000076293944,1262.800049,46.08000183105469,64.37699890136719,2429.389892578125,6175.4599609375
2017-12-07,9807.2998046875,9824.9501953125,9787.7001953125,9816.099609375,145500,11.050000190734863,1249.800049,45.4900016784668,64.52559661865234,2443.25,6261.169921875
2017-12-12,10324.900390625,10326.099609375,10230.2001953125,10240.150390625,175100,15.260000228881836,1238.5,57.13999938964844,64.3499984741211,2664.110107421875,6862.31982421875
2017-12-13,10236.599609375,10296.5498046875,10169.849609375,10192.9501953125,181600,15.949999809265137,1245.400024,56.59999847412109,64.55000305175781,2662.85009765625,6875.7998046875
2017-12-14,10229.2998046875,10276.099609375,10141.5498046875,10252.099609375,154300,16.40999984741211,1253.800049,57.040000915527344,64.31999969482422,2652.010009765625,6856.52978515625
2017-12-15,10345.650390625,10373.099609375,10319.650390625,10333.25,255100,14.9399995803833,1254.300049,57.29999923706055,64.2750015258789,2675.81005859375,6936.580078125
2017-12-18,10263.099609375,10443.5498046875,10074.7998046875,10388.75,230400,13.119999885559082,1262.199951,57.15999984741211,64.07230377197266,2690.159912109375,6994.759765625
2017-12-19,10414.7998046875,10472.2001953125,10406.0,10463.2001953125,169100,12.1899995803833,1260.699951,57.459999084472656,64.20010375976562,2681.469970703125,6963.85009765625
2017-12-20,10494.400390625,10494.4501953125,10437.150390625,10444.2001953125,175200,12.1899995803833,1266.099976,58.09000015258789,64.04759979248047,2679.25,6960.9599609375
2017-12-21,10473.9501953125,10473.9501953125,10426.900390625,10440.2998046875,151900,12.09000015258789,1267.300049,58.36000061035156,63.96500015258789,2684.570068359375,6965.35986328125
2017-12-22,10457.2998046875,10501.099609375,10448.25,10493.0,138800,11.59000015258789,1275.400024,58.470001220703125,64.00969696044922,2683.340087890625,6959.9599609375
2017-12-26,10512.2998046875,10545.4501953125,10477.9501953125,10531.5,155600,12.050000190734863,1284.099976,59.970001220703125,64.010498046875,2680.5,6936.25
2017-12-27,10531.0498046875,10552.400390625,10469.25,10490.75,165200,12.489999771118164,1287.0,59.63999938964844,64.0281982421875,2682.6201171875,6939.33984375
2017-12-28,10498.2001953125,10534.5498046875,10460.4501953125,10477.900390625,272900,12.300000190734863,1294.099976,59.84000015258789,64.11499786376953,2687.5400390625,6950.16015625
2017-12-29,10492.349609375,10538.7001953125,10488.650390625,10530.7001953125,152000,12.670000076293944,1306.300049,60.41999816894531,64.06199645996094,2673.610107421875,6903.39013671875
2018-01-02,11044.5498046875,11117.349609375,10878.7998046875,11016.900390625,306200,14.109999656677246,1313.699951,65.80000305175781,63.665000915527344,2821.97998046875,7385.85986328125
2018-01-03,10479.9501953125,10525.5,10447.150390625,10458.349609375,176000,14.06999969482422,1316.199951,60.9900016784668,65.23999786376953,2677.669921875,7180.56005859375
2018-01-08,11359.7998046875,11390.5498046875,11313.5498046875,11346.2001953125,269700,12.529999732971191,1318.599976,67.66000366210938,68.4968032836914,2813.360107421875,7707.2900390625
2018-01-10,10930.900390625,11035.650390625,10821.5498046875,11008.2998046875,387000,16.84000015258789,1317.400024,75.30000305175781,72.50499725341797,2924.590087890625,8037.2998046875
2018-01-11,10441.7001953125,10441.900390625,10341.900390625,10380.4501953125,348500,19.190000534057617,1320.599976,63.68999862670898,74.06999969482422,2740.3701171875,7434.06005859375
2018-01-16,10761.5,10762.349609375,10687.849609375,10700.4501953125,211000,14.09000015258789,1335.400024,63.72999954223633,63.52119827270508,2776.419921875,7223.68994140625
2018-01-17,10702.4501953125,10803.0,10666.75,10788.5498046875,252700,13.859999656677246,1338.0,63.970001220703125,63.99430084228516,2802.56005859375,7298.27978515625
2018-01-18,10873.400390625,10887.5,10782.400390625,10817.0,312000,13.960000038146973,1326.0,63.95000076293945,63.82500076293945,2798.030029296875,7296.0498046875
2018-01-19,10829.2001953125,10906.849609375,10793.900390625,10894.7001953125,207600,13.979999542236328,1331.900024,63.369998931884766,63.86759948730469,2810.300048828125,7336.3798828125
2018-01-22,10883.2001953125,10975.099609375,10881.400390625,10966.2001953125,231600,15.390000343322754,1330.900024,63.4900016784668,63.83209991455078,2832.969970703125,7408.02978515625
2018-01-23,10997.400390625,11092.900390625,10994.5498046875,11083.7001953125,284600,16.229999542236328,1335.699951,64.47000122070312,63.88010025024414,2839.1298828125,7460.2900390625
2018-01-24,11069.349609375,11110.099609375,11046.150390625,11086.0,283400,18.040000915527344,1355.900024,65.61000061035156,63.7504997253418,2837.5400390625,7415.06005859375
2018-01-25,11095.599609375,11095.599609375,11009.2001953125,11069.650390625,330300,17.510000228881836,1362.400024,65.51000213623047,63.57789993286133,2839.25,7411.16015625
2018-01-30,11120.849609375,11121.099609375,11033.900390625,11049.650390625,228000,16.420000076293945,1335.400024,64.5,63.66939926147461,2822.429931640625,7402.47998046875
2018-01-31,11018.7998046875,11058.5,10979.2998046875,11027.7001953125,245900,15.93000030517578,1339.0,64.7300033569336,63.769901275634766,2823.81005859375,7411.47998046875
2018-02-01,10477.5498046875,10495.2001953125,10404.650390625,10442.2001953125,153400,13.6899995803833,1344.300049,60.369998931884766,63.86759948730469,2695.81005859375,7006.89990234375
2018-02-02,10938.2001953125,10954.9501953125,10736.099609375,10760.599609375,282700,15.25,1333.699951,65.44999694824219,63.97499847412109,2762.1298828125,7240.9501953125
2018-02-05,10783.849609375,10784.650390625,10689.7998046875,10718.0498046875,229700,12.84000015258789,1333.0,67.93000030517578,66.7886962890625,2635.669921875,7100.89990234375
2018-02-07,10732.349609375,10736.150390625,10604.650390625,10657.2998046875,295400,13.369999885559082,1311.599976,73.94000244140625,68.43499755859375,2726.7099609375,7567.68994140625
2018-02-08,11328.900390625,11328.900390625,11234.9501953125,11244.7001953125,210000,12.5600004196167,1316.900024,68.95999908447266,68.30709838867188,2827.219970703125,7802.68994140625
2018-02-14,10585.75,10590.5498046875,10456.650390625,10500.900390625,229200,17.18000030517578,1355.5,60.59999847412109,64.2500991821289,2698.6298828125,7143.6201171875
2018-02-15,10537.900390625,10618.099609375,10511.0498046875,10545.5,210600,16.31999969482422,1352.099976,61.34000015258789,64.02519989013672,2731.199951171875,7256.43017578125
2018-02-16,10596.2001953125,10612.900390625,10434.0498046875,10452.2998046875,184300,16.3799991607666,1353.199951,61.68000030517578,63.890899658203125,2732.219970703125,7239.47021484375
2018-02-20,10391.0,10429.349609375,10347.650390625,10360.400390625,187700,16.8700008392334,1328.800049,61.900001525878906,64.50499725341797,2716.260009765625,7234.31005859375
2018-02-21,10426.0,10426.099609375,10349.599609375,10397.4501953125,234100,15.920000076293944,1330.0,61.68000030517578,64.86499786376953,2701.330078125,7218.22998046875
2018-02-22,10354.349609375,10397.5498046875,10340.650390625,10382.7001953125,313600,14.829999923706056,1330.599976,62.77000045776367,64.8949966430664,2703.9599609375,7210.08984375
2018-02-23,10408.099609375,10499.099609375,10396.650390625,10491.0498046875,210600,14.199999809265137,1328.199951,63.54999923706055,64.95140075683594,2747.300048828125,7337.39013671875
2018-02-26,10526.5498046875,10592.9501953125,10520.2001953125,10582.599609375,171900,13.699999809265137,1330.699951,63.90999984741211,64.7030029296875,2779.60009765625,7421.4599609375
2018-02-27,10615.2001953125,10631.650390625,10537.25,10554.2998046875,187500,13.920000076293944,1315.5,63.0099983215332,64.78040313720703,2744.280029296875,7330.35009765625
2018-02-28,10488.9501953125,10535.5,10461.5498046875,10492.849609375,286000,13.8100004196167,1315.5,61.63999938964844,64.91000366210938,2713.830078125,7273.009765625
2018-03-01,10482.650390625,10503.599609375,10429.5498046875,10443.2001953125,167300,13.619999885559082,1302.900024,61.630001068115234,63.459999084472656,2713.06005859375,7065.52978515625
2018-03-05,10720.150390625,10720.599609375,10647.4501953125,10679.650390625,185200,12.989999771118164,1318.099976,68.43000030517578,67.08000183105469,2629.72998046875,7088.14990234375
2018-03-07,10668.599609375,10713.2998046875,10630.25,10699.900390625,202100,13.0,1326.0,74.13999938964844,68.6948013305664,2713.219970703125,7502.669921875
2018-03-08,11297.7998046875,11368.0,11294.5498046875,11360.7998046875,218300,12.079999923706056,1319.900024,68.48999786376953,68.6155014038086,2840.35009765625,7812.009765625
2018-03-12,10930.7001953125,10941.2001953125,10845.349609375,10883.75,409700,18.21999931335449,1319.400024,52.95000076293945,69.76000213623047,2790.3701171875,7441.509765625
2018-03-13,10389.5,10478.599609375,10377.849609375,10426.849609375,266700,14.460000038146973,1325.900024,60.709999084472656,64.94550323486328,2765.31005859375,7511.009765625
2018-03-14,10393.0498046875,10420.349609375,10336.2998046875,10410.900390625,181400,14.359999656677246,1324.400024,60.959999084472656,64.8281021118164,2749.47998046875,7496.81005859375
2018-03-15,10405.4501953125,10420.0,10346.2001953125,10360.150390625,173900,14.329999923706056,1316.800049,61.18999862670898,64.83679962158203,2747.330078125,7481.740234375
2018-03-16,10345.150390625,10346.2998046875,10180.25,10195.150390625,328500,15.220000267028809,1311.300049,62.34000015258789,65.01439666748047,2752.010009765625,7481.990234375
2018-03-19,10215.349609375,10224.5498046875,10075.2998046875,10094.25,210200,15.81999969482422,1316.800049,62.060001373291016,65.06500244140625,2712.919921875,7344.240234375
2018-03-20,10051.5498046875,10155.650390625,10049.099609375,10124.349609375,203000,15.609999656677246,1311.099976,63.400001525878906,65.21009826660156,2716.93994140625,7364.2998046875
2018-03-21,10181.9501953125,10227.2998046875,10132.9501953125,10155.25,204800,15.109999656677246,1320.699951,65.16999816894531,65.2323989868164,2711.929931640625,7345.2900390625
2018-03-22,10167.5,10207.849609375,10105.400390625,10114.75,230500,15.25,1326.599976,64.30000305175781,65.06559753417969,2643.68994140625,7166.68017578125
2018-03-23,9968.7998046875,10027.7001953125,9951.900390625,9998.0498046875,285700,15.550000190734863,1349.300049,65.87999725341797,65.16000366210938,2588.260009765625,6992.669921875
2018-03-26,9989.150390625,10143.5,9958.5498046875,10130.650390625,262600,15.199999809265137,1354.400024,65.55000305175781,65.01499938964844,2658.550048828125,7220.5400390625
2018-03-27,10188.0,10207.900390625,10139.650390625,10184.150390625,225700,15.550000190734863,1341.300049,65.25,64.69499969482422,2612.6201171875,7008.81005859375
2018-03-28,10143.599609375,10158.349609375,10096.900390625,10113.7001953125,344400,15.760000228881836,1324.199951,64.37999725341797,64.89550018310547,2605.0,6949.22998046875
2018-04-04,10274.599609375,10279.849609375,10111.2998046875,10128.400390625,231100,16.34000015258789,1335.800049,63.369998931884766,64.90499877929688,2644.68994140625,7042.10986328125
2018-04-05,10700.4501953125,10700.4501953125,10601.599609375,10618.25,186500,13.25,1324.300049,69.72000122070312,66.66000366210938,2663.419921875,7209.6201171875
2018-04-06,10765.9501953125,10770.2998046875,10618.349609375,10628.5,203800,13.880000114440918,1331.900024,64.75,66.92500305175781,2746.8701171875,7606.4599609375
2018-04-09,11598.75,11602.5498046875,11496.849609375,11520.2998046875,254800,13.779999732971191,1336.300049,69.87000274658203,71.06999969482422,2896.719970703125,8091.25
2018-04-10,10754.7001953125,10754.7001953125,10547.25,10599.25,425100,18.920000076293945,1342.0,74.33000183105469,73.8499984741211,2901.610107421875,7879.509765625
2018-04-12,10877.099609375,10890.9501953125,10833.349609375,10869.5,322100,18.11000061035156,1338.400024,53.25,70.48500061035156,2700.06005859375,7158.43017578125
2018-04-13,10495.2998046875,10519.900390625,10451.4501953125,10480.599609375,213100,14.140000343322754,1344.800049,67.38999938964844,65.27570343017578,2656.300048828125,7106.64990234375
2018-04-16,10398.2998046875,10540.150390625,10396.349609375,10528.349609375,195000,14.260000228881836,1347.5,66.22000122070312,65.19560241699219,2677.840087890625,7156.27978515625
2018-04-17,10557.2998046875,10560.4501953125,10495.650390625,10548.7001953125,206100,14.039999961853027,1347.199951,66.5199966430664,65.4292984008789,2706.389892578125,7281.10009765625
2018-04-18,10578.900390625,10594.2001953125,10509.7001953125,10526.2001953125,205400,14.109999656677246,1351.199951,68.47000122070312,65.67500305175781,2708.639892578125,7295.240234375
2018-04-19,10563.650390625,10572.2001953125,10546.2001953125,10565.2998046875,262600,13.75,1346.800049,68.29000091552734,66.01000213623047,2693.1298828125,7238.06005859375
2018-04-20,10560.349609375,10582.349609375,10527.4501953125,10564.0498046875,244600,12.9399995803833,1336.699951,68.37999725341797,66.11479949951172,2670.139892578125,7146.1298828125
2018-04-23,10592.7998046875,10638.349609375,10514.9501953125,10584.7001953125,194200,13.149999618530272,1322.5,68.63999938964844,66.1968994140625,2670.2900390625,7128.60009765625
2018-04-24,10578.099609375,10636.7998046875,10569.0,10614.349609375,219200,11.899999618530272,1331.400024,67.69999694824219,66.54499816894531,2634.56005859375,7007.35009765625
2018-04-25,10612.400390625,10612.599609375,10536.4501953125,10570.5498046875,189200,12.399999618530272,1321.199951,68.05000305175781,66.41410064697266,2639.39990234375,7003.740234375
2018-04-26,10586.5,10628.400390625,10559.650390625,10617.7998046875,335100,12.039999961853027,1316.300049,68.19000244140625,66.90769958496094,2666.93994140625,7118.68017578125
2018-04-27,10651.650390625,10719.7998046875,10647.5498046875,10692.2998046875,0,12.020000457763672,1320.300049,68.0999984741211,66.9000015258789,2669.909912109375,7119.7998046875
2018-04-30,10705.75,10759.0,10704.599609375,10739.349609375,173800,12.359999656677246,1316.199951,68.56999969482422,66.61000061035156,2648.050048828125,7066.27001953125
2018-05-01,10534.25,10566.099609375,10520.099609375,10558.849609375,180900,13.109999656677246,1303.800049,61.43999862670898,63.36959838867188,2743.14990234375,7136.56005859375
2018-05-02,10604.2998046875,10702.75,10586.7998046875,10666.5498046875,240100,16.049999237060547,1302.599976,64.1500015258789,64.13249969482422,2648.93994140625,6967.52978515625
2018-05-03,10428.2998046875,10428.7001953125,10323.900390625,10358.849609375,194000,15.399999618530272,1310.699951,62.56999969482422,65.18669891357422,2720.93994140625,7330.7099609375
2018-05-04,10228.4501953125,10331.7998046875,10227.4501953125,10325.150390625,236800,14.800000190734863,1312.699951,63.540000915527344,64.99500274658203,2662.840087890625,7076.5498046875
2018-05-07,10786.0498046875,10786.0498046875,10726.25,10749.75,220500,12.579999923706056,1312.199951,72.94000244140625,68.9800033569336,2736.610107421875,7586.43017578125
2018-05-09,11514.849609375,11542.650390625,11393.849609375,11476.9501953125,246100,13.649999618530272,1311.300049,68.72000122070312,71.75,2888.60009765625,7995.169921875
2018-05-10,10514.099609375,10540.650390625,10261.900390625,10316.4501953125,606400,19.729999542236328,1320.800049,74.33999633789062,74.22000122070312,2885.570068359375,7788.4501953125
2018-05-11,10558.75,10558.7998046875,10477.0,10524.0,301900,19.479999542236328,1319.0,63.09999847412109,72.90499877929688,2738.31005859375,7328.85009765625
2018-05-14,10815.150390625,10834.849609375,10774.75,10806.599609375,171400,14.25,1316.5,70.95999908447266,67.3822021484375,2730.1298828125,7411.31982421875
2018-05-15,10812.599609375,10929.2001953125,10781.400390625,10801.849609375,254300,13.170000076293944,1288.900024,71.30999755859375,67.6780014038086,2711.449951171875,7351.6298828125
2018-05-16,10751.9501953125,10790.4501953125,10699.7001953125,10741.099609375,231100,13.4399995803833,1290.199951,71.48999786376953,68.45999908447266,2722.4599609375,7398.2998046875
2018-05-17,10775.599609375,10777.25,10664.5,10682.7001953125,214100,13.40999984741211,1288.199951,71.48999786376953,68.05999755859375,2720.1298828125,7382.47021484375
2018-05-18,10671.849609375,10674.9501953125,10589.099609375,10596.400390625,223000,14.149999618530272,1290.199951,71.27999877929688,68.13999938964844,2712.969970703125,7354.33984375
2018-05-21,10616.7001953125,10621.7001953125,10505.7998046875,10516.7001953125,0,14.40999984741211,1290.199951,72.23999786376953,67.9749984741211,2733.010009765625,7394.0400390625
2018-05-22,10518.4501953125,10558.599609375,10490.5498046875,10536.7001953125,241700,13.600000381469728,1291.699951,72.12999725341797,68.4000015258789,2724.43994140625,7378.4599609375
2018-05-23,10521.099609375,10533.5498046875,10417.7998046875,10430.349609375,290900,14.15999984741211,1289.300049,71.83999633789062,68.43000030517578,2733.2900390625,7425.9599609375
2018-05-24,10464.849609375,10535.150390625,10419.7998046875,10513.849609375,297600,13.149999618530272,1303.699951,70.70999908447266,68.6500015258789,2727.760009765625,7424.43017578125
2018-05-25,10533.0498046875,10628.0498046875,10524.0,10605.150390625,260800,12.649999618530272,1303.300049,67.87999725341797,68.26010131835938,2721.330078125,7433.85009765625
2018-05-29,10689.400390625,10717.25,10616.099609375,10633.2998046875,225800,13.06999969482422,1298.699951,66.7300033569336,67.40280151367188,2689.860107421875,7396.58984375
2018-05-30,10579.0,10648.7001953125,10558.4501953125,10614.349609375,238700,13.40999984741211,1301.5,68.20999908447266,68.12999725341797,2724.010009765625,7462.4501953125
2018-05-31,10670.099609375,10763.7998046875,10620.400390625,10736.150390625,610300,13.220000267028809,1300.099976,67.04000091552734,67.43000030517578,2705.27001953125,7442.1201171875
2018-06-04,10322.75,10350.4501953125,10290.849609375,10331.599609375,200200,14.75,1293.099976,62.060001373291016,64.86150360107422,2604.469970703125,6915.10986328125
2018-06-06,10603.4501953125,10698.349609375,10587.5,10684.650390625,189900,12.550000190734863,1297.099976,64.7300033569336,67.08999633789062,2772.35009765625,7689.240234375
2018-06-07,10744.150390625,10816.349609375,10735.0498046875,10772.650390625,0,12.4399995803833,1298.699951,73.80000305175781,69.06999969482422,2759.820068359375,7688.39013671875
2018-06-08,11401.5,11427.650390625,11370.599609375,11387.099609375,203700,12.5600004196167,1298.099976,69.01000213623047,68.50499725341797,2850.39990234375,7859.68017578125
2018-06-11,10552.0,10600.25,10491.4501953125,10530.0,0,18.51000022888184,1298.900024,62.209999084472656,72.86000061035156,2755.449951171875,7375.9599609375
2018-06-12,10718.150390625,10722.650390625,10588.25,10601.150390625,318500,19.309999465942383,1295.099976,51.4900016784668,70.87000274658203,2695.949951171875,7188.259765625
2018-06-13,10887.5,10893.25,10842.650390625,10856.7001953125,213400,12.640000343322754,1296.900024,66.63999938964844,67.91000366210938,2775.6298828125,7695.7001953125
2018-06-14,10832.900390625,10833.7001953125,10773.5498046875,10808.0498046875,184300,12.100000381469728,1304.0,66.88999938964844,67.77999877929688,2782.489990234375,7761.0400390625
2018-06-15,10808.650390625,10834.0,10755.400390625,10817.7001953125,305400,12.06999969482422,1274.599976,65.05999755859375,68.12999725341797,2779.659912109375,7746.3798828125
2018-06-18,10830.2001953125,10830.2001953125,10787.349609375,10799.849609375,196600,12.380000114440918,1276.199951,65.8499984741211,68.05000305175781,2773.75,7747.02978515625
2018-06-19,10789.4501953125,10789.4501953125,10701.2001953125,10710.4501953125,224500,12.920000076293944,1275.599976,65.06999969482422,68.01000213623047,2762.590087890625,7725.58984375
2018-06-20,10734.650390625,10781.7998046875,10724.0498046875,10772.0498046875,193500,12.170000076293944,1271.199951,66.22000122070312,68.05000305175781,2767.320068359375,7781.509765625
2018-06-21,10808.4501953125,10809.599609375,10725.900390625,10741.099609375,223600,12.449999809265137,1267.199951,65.54000091552734,68.3499984741211,2749.760009765625,7712.9501953125
2018-06-22,10742.7001953125,10837.0,10710.4501953125,10821.849609375,229800,12.020000457763672,1267.400024,68.58000183105469,67.83000183105469,2754.8798828125,7692.81982421875
2018-06-25,10822.900390625,10831.0498046875,10753.0498046875,10762.4501953125,229600,12.579999923706056,1265.599976,68.08000183105469,67.85489654541016,2717.070068359375,7532.009765625
2018-06-26,10742.7001953125,10805.25,10732.5498046875,10769.150390625,220000,12.800000190734863,1256.599976,70.52999877929688,68.33999633789062,2723.06005859375,7561.6298828125
2018-06-27,10785.5,10785.5,10652.400390625,10671.400390625,246000,13.510000228881836,1252.800049,72.76000213623047,68.36499786376953,2699.6298828125,7445.080078125
2018-06-28,10660.7998046875,10674.2001953125,10557.7001953125,10589.099609375,352300,13.949999809265137,1247.800049,73.44999694824219,69.23999786376953,2716.31005859375,7503.68017578125
2018-06-29,10612.849609375,10723.0498046875,10612.349609375,10714.2998046875,242800,12.9399995803833,1251.300049,74.1500015258789,68.79669952392578,2718.3701171875,7510.2998046875
2018-07-02,10607.2001953125,10614.0,10446.400390625,10476.7001953125,250400,19.46999931335449,1239.800049,61.790000915527344,63.97999954223633,2681.659912109375,7051.97998046875
2018-07-03,10232.9501953125,10243.349609375,10141.5498046875,10154.2001953125,249500,15.699999809265137,1251.599976,61.150001525878906,64.88999938964844,2726.800048828125,7396.64990234375
2018-07-05,10653.150390625,10725.650390625,10635.650390625,10715.5,168400,13.760000228881836,1257.300049,70.7300033569336,66.81050109863281,2672.6298828125,7265.2099609375
2018-07-06,10722.599609375,10818.0,10722.599609375,10768.349609375,220900,12.779999732971191,1254.300049,65.94999694824219,66.8301010131836,2770.3701171875,7635.06982421875
2018-07-09,11558.25,11603.0,11484.400390625,11589.099609375,295900,13.890000343322754,1258.099976,67.75,71.93890380859375,2871.679931640625,7902.5400390625
2018-07-11,10614.4501953125,10616.4501953125,10582.2998046875,10598.400390625,31200,17.719999313354492,1242.800049,61.66999816894531,73.2300033569336,2813.889892578125,7570.75
2018-07-12,10644.7998046875,10704.5498046875,10599.349609375,10693.7001953125,325800,18.59000015258789,1245.0,52.61000061035156,70.75,2633.080078125,6969.25
2018-07-13,11056.900390625,11071.349609375,10999.75,11018.900390625,0,12.300000190734863,1239.599976,71.01000213623047,68.54000091552734,2801.31005859375,7825.97998046875
2018-07-16,11018.9501953125,11019.5,10926.25,10936.849609375,210500,12.949999809265137,1238.099976,68.05999755859375,68.48670196533203,2798.429931640625,7805.72021484375
2018-07-17,10939.650390625,11018.5,10925.599609375,11008.0498046875,210600,12.829999923706056,1225.699951,68.08000183105469,68.72000122070312,2809.550048828125,7855.1201171875
2018-07-18,11060.2001953125,11076.2001953125,10956.2998046875,10980.4501953125,225500,13.68000030517578,1226.300049,68.76000213623047,68.35600280761719,2815.6201171875,7854.43994140625
2018-07-19,10999.5,11006.5,10935.4501953125,10957.099609375,215400,13.59000015258789,1222.400024,69.45999908447266,68.6155014038086,2804.489990234375,7825.2998046875
2018-07-20,10963.5,11030.25,10946.2001953125,11010.2001953125,187300,13.539999961853027,1229.5,70.45999908447266,68.93509674072266,2801.830078125,7820.2001953125
2018-07-23,11019.849609375,11093.400390625,11010.9501953125,11084.75,229100,13.010000228881836,1224.0,67.88999938964844,68.7332992553711,2806.97998046875,7841.8701171875
2018-07-24,11109.0,11143.400390625,11092.5,11134.2998046875,205800,12.470000267028809,1223.900024,68.5199966430664,69.19999694824219,2820.39990234375,7840.77001953125
2018-07-25,11148.400390625,11157.150390625,11113.25,11132.0,205900,12.210000038146973,1231.400024,69.30000305175781,68.80999755859375,2846.070068359375,7932.240234375
2018-07-26,11132.9501953125,11185.849609375,11125.7001953125,11167.2998046875,365400,12.029999732971191,1225.300049,69.61000061035156,68.83999633789062,2837.43994140625,7852.18017578125
2018-07-27,11232.75,11283.400390625,11210.25,11278.349609375,314600,12.3100004196167,1222.599976,68.69000244140625,68.73999786376953,2818.820068359375,7737.419921875
2018-07-30,11296.650390625,11328.099609375,11261.4501953125,11319.5498046875,278800,12.59000015258789,1221.300049,70.12999725341797,68.61499786376953,2802.60009765625,7630.0
2018-07-31,11311.0498046875,11366.0,11267.75,11356.5,256500,12.479999542236328,1223.699951,68.76000213623047,68.68499755859375,2816.2900390625,7671.7900390625
2018-08-01,10591.7001953125,10631.2001953125,10588.5498046875,10623.599609375,169000,13.739999771118164,1217.900024,61.72999954223633,63.26499938964844,2747.7099609375,7157.39013671875
2018-08-02,10518.5,10637.7998046875,10479.5498046875,10576.849609375,232200,17.770000457763672,1210.599976,61.150001525878906,64.19999694824219,2581.0,6777.16015625
2018-08-03,10216.25,10270.349609375,10146.400390625,10242.650390625,226400,14.59000015258789,1214.199951,60.119998931884766,64.89119720458984,2738.969970703125,7427.9501953125
2018-08-06,10736.400390625,10779.4501953125,10709.0498046875,10767.650390625,209400,12.699999809265137,1208.599976,65.73999786376953,67.41000366210938,2779.030029296875,7645.509765625
2018-08-08,11412.5,11459.9501953125,11379.2998046875,11450.0,210500,12.539999961853027,1212.599976,66.94000244140625,68.59600067138672,2857.699951171875,7888.330078125
2018-08-10,10310.150390625,10398.349609375,10198.400390625,10348.0498046875,456200,20.149999618530277,1211.099976,74.29000091552734,73.76300048828125,2884.429931640625,7735.9501953125
2018-08-13,11369.599609375,11406.2998046875,11340.2998046875,11355.75,246900,13.399999618530272,1191.300049,67.19999694824219,69.08499908447266,2821.929931640625,7819.7099609375
2018-08-14,11381.7001953125,11452.4501953125,11370.7998046875,11435.099609375,232600,13.279999732971191,1193.0,67.04000091552734,69.9490966796875,2839.9599609375,7870.89013671875
2018-08-16,11397.150390625,11449.849609375,11366.25,11385.0498046875,290600,13.649999618530272,1176.199951,65.45999908447266,70.66000366210938,2840.68994140625,7806.52001953125
2018-08-17,11437.150390625,11486.4501953125,11431.7998046875,11470.75,234700,13.15999984741211,1176.5,65.91000366210938,70.00499725341797,2850.1298828125,7816.330078125
2018-08-20,11502.099609375,11565.2998046875,11499.650390625,11551.75,232600,13.029999732971191,1186.800049,66.43000030517578,69.78500366210938,2857.050048828125,7821.009765625
2018-08-21,11576.2001953125,11581.75,11539.599609375,11570.900390625,224200,12.899999618530272,1192.599976,67.3499984741211,69.73999786376953,2862.9599609375,7859.169921875
2018-08-23,11620.7001953125,11620.7001953125,11546.7001953125,11582.75,248500,12.760000228881836,1187.0,67.83000183105469,69.79000091552734,2856.97998046875,7878.4599609375
2018-08-24,11566.599609375,11604.599609375,11532.0,11557.099609375,218800,12.40999984741211,1206.300049,68.72000122070312,70.2750015258789,2874.68994140625,7945.97998046875
2018-08-27,11605.849609375,11700.9501953125,11595.599609375,11691.9501953125,199500,12.239999771118164,1209.0,68.87000274658203,69.76499938964844,2896.739990234375,8017.89990234375
2018-08-28,11731.9501953125,11760.2001953125,11710.5,11738.5,241900,12.43000030517578,1207.400024,68.52999877929688,69.94499969482422,2897.52001953125,8030.0400390625
2018-08-29,11744.9501953125,11753.2001953125,11678.849609375,11691.900390625,251600,12.4399995803833,1204.5,69.51000213623047,70.54000091552734,2914.0400390625,8109.68994140625
2018-08-30,11694.75,11698.7998046875,11639.7001953125,11676.7998046875,313800,12.40999984741211,1197.699951,70.25,70.91000366210938,2901.1298828125,8088.35986328125
2018-08-31,11675.849609375,11727.650390625,11640.099609375,11680.5,346500,12.600000381469728,1200.300049,69.80000305175781,71.40499877929688,2901.52001953125,8109.5400390625
2018-09-04,10333.7001953125,10397.7001953125,10328.5,10379.349609375,221600,14.869999885559082,1192.699951,63.41999816894531,64.90450286865234,2613.159912109375,6950.33984375
2018-09-05,10693.349609375,10766.25,10689.849609375,10741.7001953125,215400,14.270000457763672,1194.900024,71.13999938964844,67.1624984741211,2697.7900390625,7339.91015625
2018-09-07,10838.2998046875,10860.349609375,10807.150390625,10852.900390625,183600,12.390000343322754,1193.599976,73.8499984741211,68.75499725341797,2784.169921875,7756.2001953125
2018-09-10,10390.2998046875,10397.599609375,10279.349609375,10301.0498046875,430500,19.76000022888184,1193.0,74.95999908447266,73.88999938964844,2880.340087890625,7738.02001953125
2018-09-11,10614.7001953125,10619.5498046875,10544.849609375,10585.2001953125,296600,17.770000457763672,1195.400024,60.18999862670898,72.9000015258789,2781.010009765625,7406.89990234375
2018-09-14,11443.5,11523.25,11430.5498046875,11515.2001953125,276600,13.84000015258789,1195.0,68.98999786376953,72.02749633789062,2904.97998046875,8010.0400390625
2018-09-17,11464.9501953125,11464.9501953125,11366.900390625,11377.75,201400,14.5,1199.699951,68.91000366210938,72.09500122070312,2888.800048828125,7895.7900390625
2018-09-18,11381.5498046875,11411.4501953125,11268.9501953125,11278.900390625,240900,14.420000076293944,1196.800049,69.8499984741211,72.53479766845703,2904.31005859375,7956.10986328125
2018-09-19,11326.650390625,11332.0498046875,11210.900390625,11234.349609375,250600,14.010000228881836,1202.199951,71.12000274658203,73.12000274658203,2907.949951171875,7950.0400390625
2018-09-21,11271.2998046875,11346.7998046875,10866.4501953125,11143.099609375,719000,15.539999961853027,1196.199951,70.77999877929688,71.72000122070312,2929.669921875,7986.9599609375
2018-09-24,11164.400390625,11170.150390625,10943.599609375,10967.400390625,0,17.43000030517578,1199.300049,72.08000183105469,72.2300033569336,2919.3701171875,7993.25
2018-09-25,10969.9501953125,11080.599609375,10882.849609375,11067.4501953125,405000,16.68000030517578,1200.0,72.27999877929688,73.30000305175781,2915.56005859375,8007.47021484375
2018-09-26,11145.5498046875,11145.5498046875,10993.0498046875,11053.7998046875,340500,17.09000015258789,1194.0,71.56999969482422,73.08999633789062,2905.969970703125,7990.3701171875
2018-09-27,11079.7998046875,11089.4501953125,10953.349609375,10977.5498046875,405700,16.920000076293945,1182.300049,72.12000274658203,72.7699966430664,2914.0,8041.97021484375
2018-09-28,11008.099609375,11034.099609375,10850.2998046875,10930.4501953125,478100,17.0,1191.5,73.25,72.94999694824219,2913.97998046875,8046.35009765625
2018-10-01,10652.0498046875,10655.5,10592.7001953125,10632.2001953125,176400,14.039999961853027,1187.099976,63.56999969482422,63.63610076904297,2748.22998046875,7153.56982421875
2018-10-04,10412.900390625,10424.849609375,10381.5,10402.25,251700,14.5,1197.199951,65.51000213623047,64.87000274658203,2656.8701171875,7094.2998046875
2018-10-05,10779.650390625,10785.5498046875,10705.0,10716.5498046875,192100,14.43000030517578,1201.199951,71.36000061035156,67.62000274658203,2723.070068359375,7404.97021484375
2018-10-08,11474.9501953125,11478.75,11419.650390625,11429.5,0,12.850000381469728,1184.400024,67.62999725341797,69.0999984741211,2833.280029296875,7839.10986328125
2018-10-09,11570.25,11573.0,11427.2998046875,11438.099609375,286700,15.199999809265137,1187.199951,67.54000091552734,72.09500122070312,2877.1298828125,7924.16015625
2018-10-10,10331.849609375,10482.349609375,10318.25,10460.099609375,0,17.90999984741211,1189.300049,73.16999816894531,74.55000305175781,2785.679931640625,7422.0498046875
2018-10-12,10508.7001953125,10558.849609375,10474.9501953125,10488.4501953125,381300,20.440000534057617,1218.099976,51.0,71.36499786376953,2637.719970703125,7020.52001953125
2018-10-15,10524.2001953125,10526.2998046875,10410.150390625,10512.5,259500,18.88999938964844,1226.400024,71.77999877929688,73.6760025024414,2750.7900390625,7430.740234375
2018-10-16,10550.150390625,10604.900390625,10525.2998046875,10584.75,265200,17.3700008392334,1227.300049,71.91999816894531,74.08000183105469,2809.919921875,7645.490234375
2018-10-17,10688.7001953125,10710.150390625,10436.4501953125,10453.0498046875,284800,17.979999542236328,1223.699951,69.75,73.45549774169922,2809.2099609375,7642.7001953125
2018-10-19,10339.7001953125,10380.099609375,10249.599609375,10303.5498046875,357500,19.790000915527344,1225.300049,69.12000274658203,74.16000366210938,2767.780029296875,7449.02978515625
2018-10-22,10405.849609375,10408.5498046875,10224.0,10245.25,297300,21.36000061035156,1221.199951,69.16999816894531,73.46499633789062,2755.8798828125,7468.6298828125
2018-10-23,10152.599609375,10222.099609375,10102.349609375,10146.7998046875,302600,19.040000915527344,1233.400024,66.43000030517578,73.8594970703125,2740.68994140625,7437.5400390625
2018-10-24,10278.150390625,10290.650390625,10126.7001953125,10224.75,351400,18.8799991607666,1227.800049,66.81999969482422,73.22129821777344,2656.10009765625,7108.39990234375
2018-10-25,10135.0498046875,10166.599609375,10079.2998046875,10124.900390625,0,18.959999084472656,1229.099976,67.33000183105469,73.22049713134766,2705.570068359375,7318.33984375
2018-10-26,10122.349609375,10128.849609375,10004.5498046875,10030.0,364300,19.229999542236328,1232.5,67.58999633789062,73.22019958496094,2658.68994140625,7167.2099609375
2018-10-29,10078.099609375,10275.2998046875,10020.349609375,10250.849609375,364400,19.82999992370605,1224.5,67.04000091552734,73.125,2641.25,7050.2900390625
2018-10-30,10239.400390625,10285.099609375,10175.349609375,10198.400390625,289800,20.5,1222.599976,66.18000030517578,73.5905990600586,2682.6298828125,7161.64990234375
2018-10-31,10209.5498046875,10396.0,10105.099609375,10386.599609375,375000,19.799999237060547,1212.300049,65.30999755859375,73.6500015258789,2711.739990234375,7305.89990234375
2018-11-01,10637.0498046875,10664.599609375,10612.349609375,10651.2001953125,153800,14.010000228881836,1236.0,63.79999923706055,63.7599983215332,2767.56005859375,7211.77978515625
2018-11-05,10741.9501953125,10812.0498046875,10724.4501953125,10806.5,203100,13.979999542236328,1229.800049,70.69999694824219,67.38999938964844,2727.719970703125,7402.8798828125
2018-11-06,10781.849609375,10850.5498046875,10777.0498046875,10786.9501953125,211400,13.18000030517578,1223.800049,66.0999984741211,67.51000213623047,2782.0,7659.93017578125
2018-11-07,10956.400390625,10976.650390625,10923.0,10948.2998046875,222300,12.779999732971191,1226.199951,70.37999725341797,68.9000015258789,2774.02001953125,7716.60986328125
2018-11-09,11476.849609375,11479.400390625,11274.0,11287.5,0,15.329999923706056,1206.400024,69.25,72.44499969482422,2887.889892578125,7972.47021484375
2018-11-12,10350.0498046875,10567.150390625,10333.849609375,10549.150390625,425500,17.950000762939453,1201.300049,51.650001525878906,72.7300033569336,2636.780029296875,7031.830078125
2018-11-13,10451.900390625,10596.25,10440.5498046875,10582.5,254600,18.700000762939453,1199.199951,55.68999862670898,73.18000030517578,2722.179931640625,7200.8701171875
2018-11-14,10634.900390625,10651.599609375,10532.7001953125,10576.2998046875,384500,18.82999992370605,1207.900024,56.25,72.55000305175781,2701.580078125,7136.39013671875
2018-11-15,10580.599609375,10646.5,10557.5,10616.7001953125,0,18.450000762939453,1212.800049,56.459999084472656,72.4000015258789,2730.199951171875,7259.02978515625
2018-11-16,10644.0,10695.150390625,10631.150390625,10682.2001953125,342800,18.350000381469727,1220.800049,56.459999084472656,71.8917007446289,2736.27001953125,7247.8701171875
2018-11-19,10731.25,10774.7001953125,10688.7998046875,10763.400390625,272100,19.26000022888184,1223.099976,56.7599983215332,71.7750015258789,2690.72998046875,7028.47998046875
2018-11-20,10740.099609375,10740.849609375,10640.849609375,10656.2001953125,295200,19.32999992370605,1219.0,53.43000030517578,71.69000244140625,2641.889892578125,6908.81982421875
2018-11-21,10670.9501953125,10671.2998046875,10562.349609375,10600.0498046875,300900,19.559999465942383,1225.800049,54.630001068115234,71.41500091552734,2649.929931640625,6972.25
2018-11-26,10568.2998046875,10637.7998046875,10489.75,10628.599609375,0,20.399999618530277,1220.199951,51.630001068115234,70.66999816894531,2673.449951171875,7081.85009765625
2018-11-27,10621.4501953125,10695.150390625,10596.349609375,10685.599609375,0,18.31999969482422,1211.199951,51.560001373291016,70.80999755859375,2682.169921875,7082.7001953125
2018-11-28,10708.75,10757.7998046875,10699.849609375,10728.849609375,424500,17.959999084472656,1221.400024,50.290000915527344,70.87999725341797,2743.7900390625,7291.58984375
2018-11-29,10808.7001953125,10883.0498046875,10782.349609375,10858.7001953125,691300,18.700000762939453,1224.099976,51.45000076293945,70.5999984741211,2737.800048828125,7273.080078125
2018-11-30,10892.099609375,10922.4501953125,10835.099609375,10876.75,453900,19.15999984741211,1220.199951,50.93000030517578,69.91999816894531,2760.169921875,7330.5400390625
2018-12-03,10301.599609375,10433.650390625,10295.4501953125,10421.400390625,216400,14.489999771118164,1233.900024,61.36000061035156,64.96489715576172,2783.02001953125,7588.31982421875
2018-12-04,10410.650390625,10469.900390625,10395.25,10458.650390625,238600,14.5600004196167,1241.099976,67.06999969482422,65.19000244140625,2663.989990234375,7140.25
2018-12-06,10816.150390625,10856.5498046875,10789.400390625,10842.849609375,198300,12.729999542236328,1238.099976,66.36000061035156,67.48999786376953,2786.85009765625,7703.7900390625
2018-12-07,11006.9501953125,11078.2998046875,10999.650390625,11023.2001953125,248300,12.510000228881836,1246.800049,70.33000183105469,68.72000122070312,2798.2900390625,7823.919921875
2018-12-10,10331.5498046875,10492.4501953125,10322.150390625,10472.5,343500,18.6299991607666,1243.699951,71.33999633789062,74.16000366210938,2767.1298828125,7496.89013671875
2018-12-11,10607.7998046875,10645.5,10464.0498046875,10482.2001953125,259700,19.3700008392334,1241.900024,59.93000030517578,72.47000122070312,2726.219970703125,7200.8701171875
2018-12-12,10591.0,10752.2001953125,10560.7998046875,10737.599609375,360500,15.8100004196167,1244.400024,51.150001525878906,72.62000274658203,2651.070068359375,7098.31005859375
2018-12-13,10810.75,10838.599609375,10749.5,10791.5498046875,376200,15.550000190734863,1242.699951,52.58000183105469,72.1500015258789,2650.5400390625,7070.330078125
2018-12-14,10784.5,10815.75,10752.099609375,10805.4501953125,340100,15.15999984741211,1237.0,51.20000076293945,71.5469970703125,2599.949951171875,6910.66015625
2018-12-17,10853.2001953125,10900.349609375,10844.849609375,10888.349609375,296900,14.539999961853027,1247.400024,49.880001068115234,71.91000366210938,2545.93994140625,6753.72998046875
2018-12-18,10850.900390625,10915.400390625,10819.099609375,10908.7001953125,286100,14.579999923706056,1249.199951,46.2400016784668,71.58999633789062,2546.159912109375,6783.91015625
2018-12-19,10930.5498046875,10985.150390625,10928.0,10967.2998046875,312100,14.65999984741211,1252.099976,47.20000076293945,70.56999969482422,2506.9599609375,6636.830078125
2018-12-20,10885.2001953125,10962.5498046875,10880.0498046875,10951.7001953125,318900,14.329999923706056,1263.599976,45.880001068115234,70.68550109863281,2467.419921875,6528.41015625
2018-12-21,10944.25,10963.650390625,10738.650390625,10754.0,377500,15.989999771118164,1253.800049,45.59000015258789,70.30000305175781,2416.6201171875,6332.990234375
2018-12-24,10780.900390625,10782.2998046875,10649.25,10663.5,223400,15.75,1267.5,42.52999877929688,70.13999938964844,2351.10009765625,6192.919921875
2018-12-26,10635.4501953125,10747.5,10534.5498046875,10729.849609375,263700,15.920000076293944,1269.199951,46.220001220703125,70.23999786376953,2467.699951171875,6554.35986328125
2018-12-27,10817.900390625,10834.2001953125,10764.4501953125,10779.7998046875,456100,16.06999969482422,1277.300049,44.61000061035156,70.1500015258789,2488.830078125,6579.490234375
2018-12-28,10820.9501953125,10893.599609375,10817.150390625,10859.900390625,245500,15.270000457763672,1279.900024,45.33000183105469,69.98999786376953,2485.739990234375,6584.52001953125
2018-12-31,10913.2001953125,10923.5498046875,10853.2001953125,10862.5498046875,180900,16.0,1278.300049,45.40999984741211,69.92250061035156,2506.85009765625,6635.27978515625
2019-01-02,10851.349609375,10983.4501953125,10813.4501953125,10893.650390625,482300,15.720000267028809,1281.0,55.2599983215332,71.19999694824219,2706.530029296875,7263.8701171875
2019-01-03,10842.650390625,10877.900390625,10823.099609375,10863.5,308500,16.270000457763672,1291.800049,55.79999923706055,70.81600189208984,2803.68994140625,7595.35009765625
2019-01-04,11665.2001953125,11738.099609375,11644.75,11669.150390625,379600,18.010000228881836,1282.699951,61.59000015258789,69.43000030517578,2867.18994140625,7828.91015625
2019-01-07,11839.900390625,11884.650390625,11830.7998046875,11865.599609375,278400,14.600000381469728,1286.800049,59.09000015258789,68.94049835205078,2964.330078125,8091.16015625
2019-01-08,11060.2001953125,11076.75,10881.0,10980.0,499900,14.5600004196167,1283.199951,53.95000076293945,69.40499877929688,2953.56005859375,8111.1201171875
2019-01-10,11515.400390625,11554.2001953125,11247.900390625,11359.900390625,1305400,16.760000228881836,1284.699951,53.619998931884766,70.92250061035156,2940.25,7908.68017578125
2019-01-11,11886.599609375,11918.2998046875,11843.349609375,11890.599609375,855300,15.729999542236328,1287.099976,56.20000076293945,70.97000122070312,3066.909912109375,8386.400390625
2019-01-14,10807.0,10808.0,10692.349609375,10737.599609375,298800,16.15999984741211,1289.099976,50.5099983215332,70.37000274658203,2582.610107421875,6905.919921875
2019-01-15,10777.5498046875,10896.9501953125,10777.5498046875,10886.7998046875,310700,15.579999923706056,1286.199951,52.11000061035156,71.08499908447266,2610.300048828125,7023.830078125
2019-01-16,10899.650390625,10928.150390625,10876.900390625,10890.2998046875,276500,16.079999923706055,1291.599976,52.310001373291016,71.09249877929688,2616.10009765625,7034.68994140625
2019-01-17,10920.849609375,10930.650390625,10844.650390625,10905.2001953125,271700,16.239999771118164,1291.0,52.06999969482422,71.36499786376953,2635.9599609375,7084.4599609375
2019-01-18,10914.849609375,10928.2001953125,10852.2001953125,10906.9501953125,323800,16.6200008392334,1281.300049,53.79999923706055,71.03019714355469,2670.7099609375,7157.22998046875
2019-01-22,10949.7998046875,10949.7998046875,10864.150390625,10922.75,300800,17.989999771118164,1282.5,52.56999969482422,71.5,2632.89990234375,7020.35986328125
2019-01-23,10931.0498046875,10944.7998046875,10811.9501953125,10831.5,298900,18.09000015258789,1283.099976,52.619998931884766,71.2302017211914,2638.699951171875,7025.77001953125
2019-01-24,10844.0498046875,10866.599609375,10798.650390625,10849.7998046875,361100,17.43000030517578,1279.099976,53.130001068115234,71.15730285644531,2642.330078125,7073.4599609375
2019-01-25,10859.75,10931.7001953125,10756.4501953125,10780.5498046875,463400,17.690000534057617,1297.400024,53.68999862670898,70.98999786376953,2664.760009765625,7164.85986328125
2019-01-28,10792.4501953125,10804.4501953125,10630.9501953125,10661.5498046875,419700,18.899999618530277,1302.400024,51.9900016784668,70.9749984741211,2643.85009765625,7085.68017578125
2019-01-29,10653.7001953125,10690.349609375,10583.650390625,10652.2001953125,356900,18.43000030517578,1308.199951,53.310001373291016,71.09010314941406,2640.0,7028.2900390625
2019-01-30,10702.25,10710.2001953125,10612.849609375,10651.7998046875,410100,17.850000381469727,1309.900024,54.22999954223633,71.62000274658203,2681.050048828125,7183.080078125
2019-01-31,10690.5498046875,10838.0498046875,10678.5498046875,10830.9501953125,604800,17.1200008392334,1319.699951,53.790000915527344,71.12000274658203,2704.10009765625,7281.740234375
2019-02-01,10868.849609375,10895.349609375,10735.0498046875,10792.5,309700,16.389999389648438,1316.900024,46.540000915527344,69.70999908447266,2510.030029296875,6665.93994140625
2019-02-04,11711.5498046875,11729.349609375,11655.849609375,11713.2001953125,386100,18.07999992370605,1314.300049,62.58000183105469,69.19529724121094,2867.239990234375,7848.68994140625
2019-02-05,11725.5498046875,11789.2998046875,11699.5498046875,11724.75,380300,22.979999542236328,1314.199951,61.810001373291016,69.63289642333984,2917.52001953125,8036.77001953125
2019-02-07,11890.2998046875,11917.4501953125,11814.7001953125,11910.2998046875,363200,14.25,1309.400024,56.25,69.1675033569336,2973.010009765625,8109.08984375
2019-02-08,10930.2998046875,11080.150390625,10848.9501953125,10997.349609375,547400,15.1899995803833,1313.699951,55.65999984741211,69.29720306396484,2932.050048828125,8004.06982421875
2019-02-12,12137.0498046875,12137.150390625,12023.7001953125,12048.2001953125,720900,14.199999809265137,1309.199951,55.959999084472656,71.7229995727539,3113.8701171875,8567.990234375
2019-02-14,10786.099609375,10792.7001953125,10718.75,10746.0498046875,627000,15.770000457763672,1309.800049,54.40999984741211,70.86509704589844,2745.72998046875,7426.9501953125
2019-02-15,10780.25,10785.75,10620.400390625,10724.400390625,521900,16.459999084472656,1318.099976,55.59000015258789,71.01000213623047,2775.60009765625,7472.41015625
2019-02-19,10636.7001953125,10722.849609375,10585.650390625,10604.349609375,291500,18.46999931335449,1340.099976,56.09000015258789,71.69999694824219,2779.760009765625,7486.77001953125
2019-02-20,10655.4501953125,10752.7001953125,10646.400390625,10735.4501953125,289200,17.059999465942383,1343.300049,56.91999816894531,71.5999984741211,2784.699951171875,7489.06982421875
2019-02-21,10744.099609375,10808.849609375,10721.5,10789.849609375,279600,16.049999237060547,1323.5,56.959999084472656,71.30000305175781,2774.8798828125,7459.7099609375
2019-02-22,10782.7001953125,10801.5498046875,10758.400390625,10791.650390625,396800,15.449999809265137,1329.199951,57.2599983215332,71.18499755859375,2792.669921875,7527.5400390625
2019-02-25,10813.25,10887.099609375,10788.0498046875,10880.099609375,385900,15.359999656677246,1325.900024,55.47999954223633,71.03099822998047,2796.110107421875,7554.4599609375
2019-02-26,10775.2998046875,10888.75,10729.2998046875,10835.2998046875,415000,17.110000610351562,1325.099976,55.5,71.08999633789062,2793.89990234375,7549.2998046875
2019-02-27,10881.2001953125,10939.7001953125,10751.2001953125,10806.650390625,381100,18.899999618530277,1317.699951,56.93999862670898,70.94000244140625,2792.3798828125,7554.509765625
2019-02-28,10865.7001953125,10865.7001953125,10784.849609375,10792.5,644200,18.280000686645508,1312.800049,57.220001220703125,71.19000244140625,2784.489990234375,7532.52978515625
2019-03-01,10796.7998046875,10814.0498046875,10661.25,10672.25,286200,16.790000915527344,1296.400024,47.09000015258789,69.95999908447266,2447.889892578125,6463.5
2019-03-04,11735.2998046875,11761.0,11629.150390625,11643.9501953125,365800,18.780000686645508,1284.800049,62.459999084472656,68.91020202636719,2873.39990234375,7895.5498046875
2019-03-05,11722.599609375,11770.900390625,11699.349609375,11712.25,305500,24.030000686645508,1282.0,61.93999862670898,69.42440032958984,2945.639892578125,8164.0
2019-03-06,11953.75,12103.0498046875,11920.099609375,12088.5498046875,315300,15.970000267028809,1284.900024,53.25,69.5696029663086,2744.449951171875,7333.02001953125
2019-03-07,11932.150390625,11945.2001953125,11887.0498046875,11916.75,340500,13.699999809265137,1283.800049,57.34000015258789,69.0824966430664,2995.820068359375,8170.22998046875
2019-03-12,12067.650390625,12068.599609375,11956.400390625,11994.2001953125,605800,14.5600004196167,1296.300049,56.09999847412109,71.625,3093.199951171875,8520.6396484375
2019-03-13,11326.2001953125,11352.2998046875,11276.599609375,11341.7001953125,383000,15.279999732971191,1307.5,58.2599983215332,69.84500122070312,2810.919921875,7643.41015625
2019-03-14,11382.5,11383.4501953125,11313.75,11343.25,294500,15.149999618530272,1293.400024,58.61000061035156,69.72630310058594,2808.47998046875,7630.91015625
2019-03-15,11376.849609375,11487.0,11370.7998046875,11426.849609375,463700,15.869999885559082,1301.800049,58.52000045776367,69.3373031616211,2822.47998046875,7688.52978515625
2019-03-18,11473.849609375,11530.150390625,11412.5,11462.2001953125,320300,16.899999618530273,1300.300049,59.09000015258789,68.9530029296875,2832.93994140625,7714.47998046875
2019-03-19,11500.2998046875,11543.849609375,11451.25,11532.400390625,326100,16.489999771118164,1305.0,59.02999877929688,68.61799621582031,2832.570068359375,7723.9501953125
2019-03-20,11553.349609375,11556.099609375,11503.099609375,11521.0498046875,366300,16.030000686645508,1300.5,59.83000183105469,69.31749725341797,2824.22998046875,7728.97021484375
2019-03-22,11549.2001953125,11572.7998046875,11434.5498046875,11456.900390625,386200,16.270000457763672,1311.599976,59.040000915527344,68.93000030517578,2800.7099609375,7642.669921875
2019-03-25,11395.650390625,11395.650390625,11311.599609375,11354.25,294500,16.670000076293945,1321.900024,58.81999969482422,69.1604995727539,2798.360107421875,7637.5400390625
2019-03-26,11375.2001953125,11496.75,11352.4501953125,11483.25,282600,16.489999771118164,1314.300049,59.93999862670898,68.92340087890625,2818.4599609375,7691.52001953125
2019-03-27,11531.4501953125,11546.2001953125,11413.0,11445.0498046875,350400,17.049999237060547,1309.900024,59.40999984741211,69.42749786376953,2805.3701171875,7643.3798828125
2019-03-28,11463.650390625,11588.5,11452.4501953125,11570.0,527700,16.649999618530273,1289.800049,59.29999923706055,69.37000274658203,2815.43994140625,7669.169921875
2019-04-01,10699.7001953125,10741.0498046875,10628.650390625,10727.349609375,296600,16.15999984741211,1288.400024,47.959999084472656,70.30000305175781,2531.93994140625,6738.85986328125
2019-04-02,10876.75,10927.900390625,10814.150390625,10912.25,318300,15.720000267028809,1290.0,54.560001373291016,71.45169830322266,2724.8701171875,7347.5400390625
2019-04-04,11660.2001953125,11662.5498046875,11559.2001953125,11598.0,349000,18.649999618530277,1289.0,62.09999847412109,68.8499984741211,2879.389892578125,7891.77978515625
2019-04-09,10790.400390625,10858.75,10746.349609375,10844.650390625,508800,17.239999771118164,1303.5,56.2599983215332,72.45999908447266,2937.780029296875,7976.8798828125
2019-04-10,11388.4501953125,11400.2998046875,11158.349609375,11174.75,928500,17.579999923706055,1309.099976,52.810001373291016,71.0199966430664,2952.010009765625,7982.47021484375
2019-04-11,11928.900390625,11989.150390625,11905.349609375,11941.2998046875,823100,15.93000030517578,1288.599976,56.540000915527344,70.51210021972656,3078.27001953125,8433.2001953125
2019-04-12,11969.9501953125,12054.7001953125,11935.2998046875,12043.2001953125,747200,13.31999969482422,1290.599976,58.43000030517578,71.95999908447266,3112.760009765625,8566.669921875
2019-04-15,11667.0,11704.599609375,11648.25,11690.349609375,290000,21.38999938964844,1286.800049,63.400001525878906,69.16100311279297,2905.580078125,7976.009765625
2019-04-16,11736.2001953125,11810.9501953125,11731.5498046875,11787.150390625,354300,21.690000534057617,1272.599976,64.05000305175781,69.80999755859375,2907.06005859375,8000.22998046875
2019-04-18,11856.150390625,11856.150390625,11738.5,11752.7998046875,339700,22.739999771118164,1271.900024,64.0,69.4010009765625,2905.030029296875,7998.06005859375
2019-04-22,11727.0498046875,11727.0498046875,11583.9501953125,11594.4501953125,260400,24.049999237060547,1273.5,65.69999694824219,69.36000061035156,2907.969970703125,8015.27001953125
2019-04-23,11612.9501953125,11645.9501953125,11564.7998046875,11575.9501953125,272500,24.649999618530277,1269.300049,66.30000305175781,70.0625,2933.679931640625,8120.81982421875
2019-04-24,11601.5,11740.849609375,11578.849609375,11726.150390625,335200,23.709999084472656,1275.5,65.88999938964844,69.75800323486328,2927.25,8102.009765625
2019-04-25,11735.7001953125,11796.75,11624.2998046875,11641.7998046875,604400,23.229999542236328,1275.800049,65.20999908447266,70.0958023071289,2926.169921875,8118.68017578125
2019-04-26,11683.75,11762.900390625,11661.75,11754.650390625,333500,21.71999931335449,1284.900024,63.29999923706055,70.16000366210938,2939.8798828125,8146.39990234375
2019-04-30,11748.75,11756.25,11655.900390625,11748.150390625,532600,21.82999992370605,1282.800049,63.90999984741211,69.81179809570312,2945.830078125,8095.39013671875
2019-05-02,10908.650390625,10956.7001953125,10886.7001953125,10934.349609375,268100,15.779999732971191,1269.699951,53.65999984741211,71.68499755859375,2737.699951171875,7402.080078125
2019-05-03,10864.849609375,10994.900390625,10817.0,10987.4501953125,373200,15.65999984741211,1279.199951,56.560001373291016,70.9000015258789,2789.64990234375,7576.35986328125
2019-05-07,11964.75,11981.75,11797.900390625,11811.150390625,530700,13.06999969482422,1283.5,57.5099983215332,68.73999786376953,2990.409912109375,8161.7900390625
2019-05-08,10895.7998046875,10895.7998046875,10782.599609375,10862.599609375,506600,16.59000015258789,1279.400024,54.68999862670898,69.65689849853516,2844.739990234375,7726.0400390625
2019-05-09,10860.9501953125,10920.099609375,10816.0,10847.900390625,595700,17.270000457763672,1283.5,56.29999923706055,71.95570373535156,2976.0,8116.830078125
2019-05-13,11258.7001953125,11300.2001953125,11125.599609375,11148.2001953125,357600,27.3799991607666,1300.099976,61.040000915527344,69.92250061035156,2811.8701171875,7647.02001953125
2019-05-14,11151.650390625,11294.75,11108.2998046875,11222.0498046875,398100,27.1299991607666,1294.699951,61.77999877929688,70.61699676513672,2834.409912109375,7734.490234375
2019-05-15,11271.7001953125,11286.7998046875,11136.9501953125,11157.0,414200,28.65999984741211,1296.300049,62.02000045776367,70.30699920654297,2850.9599609375,7822.14990234375
2019-05-16,11180.349609375,11281.5498046875,11143.349609375,11257.099609375,350700,28.3700008392334,1285.0,62.869998931884766,70.20919799804688,2876.320068359375,7898.0498046875
2019-05-17,11261.900390625,11426.150390625,11259.849609375,11407.150390625,412100,28.07999992370605,1274.5,62.7599983215332,70.23500061035156,2859.530029296875,7816.27978515625
2019-05-20,11651.900390625,11845.2001953125,11591.7001953125,11828.25,452100,23.68000030517578,1276.099976,63.09999847412109,70.28150177001953,2840.22998046875,7702.3798828125
2019-05-21,11863.650390625,11883.5498046875,11682.7998046875,11709.099609375,381000,25.649999618530277,1272.0,62.9900016784668,70.12750244140625,2864.360107421875,7785.72021484375
2019-05-23,11901.2998046875,12041.150390625,11614.5,11657.0498046875,569000,19.40999984741211,1284.800049,57.90999984741211,69.97250366210938,2822.239990234375,7628.27978515625
2019-05-24,11748.0,11859.0,11658.099609375,11844.099609375,374600,16.469999313354492,1283.0,58.630001068115234,69.94499969482422,2826.06005859375,7637.009765625
2019-05-28,11958.349609375,11958.5498046875,11864.900390625,11928.75,598300,15.920000076293944,1276.5,59.13999938964844,69.72000122070312,2802.389892578125,7607.35009765625
2019-05-29,11905.7998046875,11931.900390625,11836.7998046875,11861.099609375,318100,16.40999984741211,1280.599976,58.810001373291016,69.875,2783.02001953125,7547.31005859375
2019-05-30,11865.2998046875,11968.5498046875,11859.400390625,11945.900390625,421200,15.609999656677246,1287.099976,56.59000015258789,69.81500244140625,2788.860107421875,7567.72021484375
2019-05-31,11999.7998046875,12039.25,11829.4501953125,11922.7998046875,438900,16.06999969482422,1305.800049,53.5,69.9800033569336,2752.06005859375,7453.14990234375
2019-06-03,11024.849609375,11062.2998046875,10998.849609375,11053.0,372600,15.609999656677246,1322.699951,56.220001220703125,70.74250030517578,2771.449951171875,7505.919921875
2019-06-05,11605.7998046875,11632.5498046875,11571.349609375,11598.25,299000,26.43000030517578,1328.300049,62.25,69.16799926757812,2932.469970703125,8123.2900390625
2019-06-06,12039.7998046875,12039.7998046875,11830.25,11843.75,415200,15.529999732971191,1337.599976,52.59000015258789,69.625,2843.489990234375,7615.5498046875
2019-06-11,11911.5,12002.900390625,11850.25,11966.0498046875,603400,15.779999732971191,1326.400024,56.34999847412109,70.8949966430664,3076.780029296875,8410.6298828125
2019-06-12,12047.349609375,12057.0498046875,11888.849609375,11921.5,609200,13.640000343322754,1331.900024,59.20000076293945,71.38500213623047,3145.909912109375,8656.5302734375
2019-06-13,11873.900390625,11931.349609375,11817.0498046875,11914.0498046875,447900,13.65999984741211,1339.199951,52.27999877929688,69.69999694824219,2891.639892578125,7837.1298828125
2019-06-14,11910.099609375,11911.849609375,11797.7001953125,11823.2998046875,390300,13.899999618530272,1340.099976,52.5099983215332,69.80000305175781,2886.97998046875,7796.66015625
2019-06-17,11844.0,11844.0498046875,11657.75,11672.150390625,295500,14.649999618530272,1338.699951,51.93000030517578,69.77050018310547,2889.669921875,7845.02001953125
2019-06-18,11677.0498046875,11727.2001953125,11641.150390625,11691.5,365500,14.600000381469728,1346.599976,53.900001525878906,70.11250305175781,2917.75,7953.8798828125
2019-06-19,11744.4501953125,11802.5,11625.099609375,11691.4501953125,446900,14.729999542236328,1344.599976,53.7599983215332,69.76499938964844,2926.4599609375,7987.31982421875
2019-06-20,11653.650390625,11843.5,11635.0498046875,11831.75,442000,14.0,1392.900024,56.650001525878906,69.87000274658203,2954.179931640625,8051.33984375
2019-06-21,11827.599609375,11827.9501953125,11705.099609375,11724.099609375,468400,14.609999656677246,1396.199951,57.43000030517578,69.77999877929688,2950.4599609375,8031.7099609375
2019-06-24,11725.7998046875,11754.0,11670.2001953125,11699.650390625,277600,15.220000267028809,1414.300049,57.900001525878906,69.56990051269531,2945.35009765625,8005.7001953125
2019-06-25,11681.0,11814.400390625,11651.0,11796.4501953125,300500,15.010000228881836,1414.900024,57.83000183105469,69.60250091552734,2917.3798828125,7884.72021484375
2019-06-26,11768.150390625,11871.849609375,11757.5498046875,11847.5498046875,327900,14.75,1411.599976,59.380001068115234,69.63749694824219,2913.780029296875,7909.97021484375
2019-06-27,11860.849609375,11911.150390625,11821.0498046875,11841.5498046875,480200,14.649999618530272,1408.400024,59.43000030517578,69.60250091552734,2924.919921875,7967.759765625
2019-06-28,11861.150390625,11871.7001953125,11775.5,11788.849609375,303900,14.949999809265137,1409.699951,58.470001220703125,69.32499694824219,2941.760009765625,8006.240234375
2019-07-01,10804.849609375,10835.9501953125,10750.150390625,10771.7998046875,269400,16.299999237060547,1385.599976,48.52000045776367,69.5250015258789,2549.68994140625,6823.47021484375
2019-07-02,11070.4501953125,11118.099609375,11043.599609375,11069.400390625,263500,15.4399995803833,1404.599976,52.63999938964844,71.54049682617188,2706.050048828125,7288.35009765625
2019-07-03,11077.9501953125,11089.0498046875,11027.099609375,11058.2001953125,321200,15.289999961853027,1417.699951,56.65999984741211,70.36499786376953,2748.929931640625,7421.4599609375
2019-07-05,11651.5,11657.0498046875,11484.4501953125,11497.900390625,337500,26.479999542236328,1396.699951,61.400001525878906,69.40029907226562,2884.050048828125,7963.759765625
2019-07-08,10958.099609375,10975.650390625,10835.900390625,10855.5,548500,16.739999771118164,1397.0,51.09000015258789,71.2300033569336,2883.97998046875,7862.830078125
2019-07-10,11196.2001953125,11233.849609375,11112.650390625,11126.400390625,733200,17.829999923706055,1410.099976,52.75,70.81500244140625,2938.7900390625,7956.2900390625
2019-07-11,12021.099609375,12021.400390625,11946.849609375,12012.0498046875,563000,15.210000038146973,1404.300049,57.150001525878906,71.0,3085.179931640625,8434.51953125
2019-07-15,11614.75,11618.400390625,11532.2998046875,11588.349609375,368800,12.020000457763672,1411.400024,59.58000183105469,68.55030059814453,3014.300048828125,8258.1904296875
2019-07-16,11596.650390625,11670.0498046875,11573.9501953125,11662.599609375,480200,11.5600004196167,1409.199951,57.619998931884766,68.74749755859375,3004.0400390625,8222.7998046875
2019-07-17,11670.75,11706.650390625,11651.150390625,11687.5,464800,11.800000190734863,1421.300049,56.77999877929688,68.8949966430664,2984.419921875,8185.2099609375
2019-07-18,11675.599609375,11677.150390625,11582.400390625,11596.900390625,498300,11.75,1426.099976,55.29999923706055,68.78600311279297,2995.110107421875,8207.240234375
2019-07-19,11627.9501953125,11640.349609375,11399.2998046875,11419.25,446000,12.520000457763672,1425.099976,55.630001068115234,68.8499984741211,2976.610107421875,8146.490234375
2019-07-22,11392.849609375,11398.150390625,11301.25,11346.2001953125,516000,13.010000228881836,1425.300049,56.220001220703125,68.83000183105469,2985.030029296875,8204.1396484375
2019-07-23,11372.25,11398.150390625,11302.7998046875,11331.0498046875,458900,13.43000030517578,1420.099976,56.77000045776367,69.16000366210938,3005.469970703125,8251.400390625
2019-07-24,11322.4501953125,11359.75,11229.7998046875,11271.2998046875,413200,12.760000228881836,1422.800049,55.880001068115234,69.0199966430664,3019.56005859375,8321.5
2019-07-25,11290.400390625,11361.400390625,11239.349609375,11252.150390625,553700,12.640000343322754,1413.900024,56.02000045776367,69.18499755859375,3003.669921875,8238.5400390625
2019-07-26,11247.4501953125,11307.599609375,11210.0498046875,11284.2998046875,522700,12.130000114440918,1418.5,56.20000076293945,69.15049743652344,3025.860107421875,8330.2099609375
2019-07-29,11307.5,11310.9501953125,11152.400390625,11189.2001953125,482900,13.0600004196167,1419.599976,56.869998931884766,68.87000274658203,3020.969970703125,8293.330078125
2019-07-30,11213.7001953125,11267.4501953125,11072.650390625,11085.400390625,479100,13.609999656677246,1429.699951,58.04999923706055,68.94999694824219,3013.179931640625,8273.6103515625
2019-07-31,11034.0498046875,11145.2998046875,10999.400390625,11118.0,536700,13.59000015258789,1426.099976,58.58000183105469,69.07749938964844,2980.3798828125,8175.419921875
2019-08-01,10786.25,10818.4501953125,10733.25,10802.150390625,277700,15.699999809265137,1420.900024,49.77999877929688,69.80999755859375,2574.409912109375,6897.0
2019-08-02,11023.5,11041.2001953125,10925.4501953125,10943.599609375,352800,15.56999969482422,1445.599976,52.720001220703125,71.58000183105469,2707.8798828125,7298.2001953125
2019-08-05,11478.7001953125,11479.099609375,11346.9501953125,11359.4501953125,372800,26.3700008392334,1464.599976,62.119998931884766,69.91000366210938,2879.419921875,7943.31982421875
2019-08-07,11770.400390625,11771.900390625,11523.2998046875,11558.599609375,464000,13.850000381469728,1507.300049,57.65999984741211,68.44000244140625,2975.949951171875,8098.3798828125
2019-08-08,10899.2001953125,11058.0498046875,10842.9501953125,11032.4501953125,482500,16.09000015258789,1497.699951,52.540000915527344,71.16510009765625,2938.090087890625,8039.16015625
2019-08-13,11139.400390625,11145.900390625,10901.599609375,10925.849609375,624600,17.780000686645508,1502.199951,57.09999847412109,71.58000183105469,2926.320068359375,8016.35986328125
2019-08-14,11003.25,11078.150390625,10935.599609375,11029.400390625,511500,16.360000610351562,1515.900024,55.22999954223633,71.08000183105469,2840.60009765625,7773.93994140625
2019-08-16,11043.650390625,11068.650390625,10924.2998046875,11047.7998046875,470900,16.649999618530273,1512.5,54.869998931884766,71.72000122070312,2888.679931640625,7895.990234375
2019-08-19,11094.7998046875,11146.900390625,11037.849609375,11053.900390625,369500,16.75,1500.400024,56.209999084472656,71.13200378417969,2923.64990234375,8002.81005859375
2019-08-20,11063.900390625,11076.2998046875,10985.2998046875,11017.0,444700,16.6299991607666,1504.599976,56.34000015258789,71.99500274658203,2900.510009765625,7948.56005859375
2019-08-21,11018.150390625,11034.2001953125,10906.650390625,10918.7001953125,557900,17.020000457763672,1504.599976,55.68000030517578,71.80999755859375,2924.429931640625,8020.2099609375
2019-08-22,10905.2998046875,10908.25,10718.2998046875,10741.349609375,668200,17.850000381469727,1497.300049,55.34999847412109,71.43779754638672,2922.949951171875,7991.39013671875
2019-08-23,10699.599609375,10862.5498046875,10637.150390625,10829.349609375,667100,17.350000381469727,1526.599976,54.16999816894531,71.92040252685547,2847.110107421875,7751.77001953125
2019-08-26,11000.2998046875,11070.2998046875,10756.5498046875,11057.849609375,684100,16.65999984741211,1526.300049,53.63999938964844,71.50250244140625,2878.3798828125,7853.740234375
2019-08-27,11106.5498046875,11141.75,11049.5,11105.349609375,685600,16.010000228881836,1541.0,54.93000030517578,72.16000366210938,2869.159912109375,7826.9501953125
2019-08-28,11101.2998046875,11129.650390625,10987.650390625,11046.099609375,550000,16.84000015258789,1537.800049,55.77999877929688,71.53500366210938,2887.93994140625,7856.8798828125
2019-08-29,10996.0498046875,11021.099609375,10922.400390625,10948.2998046875,649900,16.43000030517578,1526.5,56.709999084472656,72.08499908447266,2924.580078125,7973.39013671875
2019-08-30,10987.7998046875,11042.599609375,10874.7998046875,11023.25,628200,16.280000686645508,1519.099976,55.09999847412109,71.6801986694336,2926.4599609375,7962.8798828125
2019-09-04,11612.0498046875,11683.900390625,11569.7001953125,11671.9501953125,300500,20.280000686645508,1550.300049,63.97999954223633,69.55249786376953,2878.199951171875,7909.27978515625
2019-09-05,11322.400390625,11357.599609375,11255.0498046875,11301.7998046875,373000,25.489999771118164,1515.400024,61.70000076293945,70.01000213623047,2870.719970703125,7910.58984375
2019-09-09,10936.7001953125,11028.849609375,10889.7998046875,11003.0498046875,412500,15.850000381469728,1502.199951,57.84999847412109,71.66999816894531,2978.429931640625,8087.43994140625
2019-09-10,11152.9501953125,11321.599609375,11090.150390625,11313.2998046875,741100,17.15999984741211,1490.300049,52.59000015258789,71.20999908447266,2919.39990234375,7903.740234375
2019-09-12,11939.099609375,11981.9501953125,11888.0498046875,11937.5,599100,14.600000381469728,1498.699951,59.02000045776367,71.28679656982422,3135.9599609375,8621.830078125
2019-09-13,10986.7998046875,11084.4501953125,10945.75,11075.900390625,624300,14.119999885559082,1490.900024,54.84999847412109,71.28500366210938,3007.389892578125,8176.7099609375
2019-09-16,10994.849609375,11052.7001953125,10968.2001953125,11003.5,434500,14.949999809265137,1503.099976,62.900001525878906,71.02069854736328,2997.9599609375,8153.5400390625
2019-09-17,11000.099609375,11000.099609375,10796.5,10817.599609375,482000,16.020000457763672,1505.099976,59.34000015258789,71.74909973144531,3005.699951171875,8186.02001953125
2019-09-18,10872.7998046875,10885.150390625,10804.849609375,10840.650390625,519200,15.350000381469728,1507.5,58.11000061035156,71.70999908447266,3006.72998046875,8177.39013671875
2019-09-19,10845.2001953125,10845.2001953125,10670.25,10704.7998046875,642600,15.550000190734863,1498.400024,58.130001068115234,71.5425033569336,3006.7900390625,8182.8798828125
2019-09-20,10746.7998046875,11381.900390625,10691.0,11274.2001953125,1356800,15.399999618530272,1507.300049,58.09000015258789,71.71749877929688,2992.070068359375,8117.669921875
2019-09-23,11542.7001953125,11694.849609375,11471.349609375,11600.2001953125,882800,16.790000915527344,1523.699951,58.63999938964844,71.19159698486328,2991.780029296875,8112.4599609375
2019-09-24,11590.7001953125,11655.0498046875,11539.2001953125,11588.2001953125,651700,16.729999542236328,1532.099976,57.290000915527344,70.78959655761719,2966.60009765625,7993.6298828125
2019-09-25,11564.849609375,11564.9501953125,11416.099609375,11440.2001953125,629100,16.170000076293945,1504.599976,56.4900016784668,71.28500366210938,2984.8701171875,8077.3798828125
2019-09-26,11469.849609375,11610.849609375,11466.349609375,11571.2001953125,844500,16.34000015258789,1507.5,56.40999984741211,71.30999755859375,2977.6201171875,8030.66015625
2019-09-27,11556.349609375,11593.599609375,11499.75,11512.400390625,650000,16.110000610351562,1499.099976,55.90999984741211,71.21499633789062,2961.7900390625,7939.6298828125
2019-09-30,11491.150390625,11508.25,11390.7998046875,11474.4501953125,756800,15.869999885559082,1465.699951,54.06999969482422,70.49870300292969,2976.739990234375,7999.33984375
2019-10-01,10859.349609375,10859.349609375,10801.7998046875,10821.599609375,254400,15.350000381469728,1482.0,52.59000015258789,70.55049896240234,2596.639892578125,6986.06982421875
2019-10-04,11646.849609375,11680.0498046875,11571.75,11584.2998046875,359900,21.1299991607666,1506.199951,64.61000061035156,69.26180267333984,2888.2099609375,7964.240234375
2019-10-07,11536.150390625,11593.7001953125,11475.650390625,11498.900390625,337600,13.640000343322754,1497.699951,60.43000030517578,68.76499938964844,2993.070068359375,8202.5302734375
2019-10-10,11280.5,11293.349609375,11208.5498046875,11234.5498046875,562000,17.229999542236328,1494.800049,53.54999923706055,71.41000366210938,2938.1298828125,7950.77978515625
2019-10-14,11335.900390625,11420.4501953125,11290.0498046875,11341.150390625,587600,17.43000030517578,1491.699951,53.59000015258789,70.91400146484375,2966.14990234375,8048.64990234375
2019-10-15,11360.849609375,11462.349609375,11342.099609375,11428.2998046875,527400,16.850000381469727,1477.599976,52.810001373291016,71.45249938964844,2995.679931640625,8148.7099609375
2019-10-16,11464.9501953125,11481.0498046875,11411.099609375,11464.0,533500,16.360000610351562,1488.0,53.36000061035156,71.76000213623047,2989.68994140625,8124.18017578125
2019-10-17,11466.2998046875,11599.099609375,11439.650390625,11586.349609375,797600,15.880000114440918,1492.300049,53.93000030517578,71.62000274658203,2997.949951171875,8156.85009765625
2019-10-18,11580.2998046875,11684.7001953125,11553.150390625,11661.849609375,853400,15.93000030517578,1488.199951,53.77999877929688,71.42250061035156,2986.199951171875,8089.5400390625
2019-10-22,11657.150390625,11714.349609375,11573.650390625,11588.349609375,867600,16.809999465942383,1481.699951,54.15999984741211,71.1050033569336,2995.989990234375,8104.2998046875
2019-10-23,11596.2001953125,11651.599609375,11554.400390625,11604.099609375,664200,16.540000915527344,1489.900024,55.970001220703125,71.07499694824219,3004.52001953125,8119.7900390625
2019-10-24,11661.650390625,11679.599609375,11534.650390625,11582.599609375,700500,16.239999771118164,1498.900024,56.22999954223633,70.71499633789062,3010.2900390625,8185.7998046875
2019-10-25,11646.150390625,11646.900390625,11490.75,11583.900390625,812000,15.31999969482422,1499.5,56.65999984741211,71.19000244140625,3022.550048828125,8243.1201171875
2019-10-29,11643.9501953125,11809.400390625,11627.349609375,11786.849609375,951700,16.420000076293945,1487.0,55.540000915527344,70.73500061035156,3036.889892578125,8276.849609375
2019-10-30,11883.900390625,11883.9501953125,11784.4501953125,11844.099609375,725200,16.65999984741211,1493.199951,55.060001373291016,70.88459777832031,3046.77001953125,8303.98046875
2019-10-31,11890.4501953125,11945.0,11855.099609375,11877.4501953125,1414800,16.280000686645508,1511.400024,54.18000030517578,70.98999786376953,3037.56005859375,8292.3603515625
2019-11-01,10834.75,10850.150390625,10739.400390625,10794.9501953125,260800,15.350000381469728,1508.0,51.59000015258789,70.72000122070312,2596.260009765625,6971.47998046875
2019-11-04,11592.5498046875,11606.7001953125,11550.5498046875,11596.7001953125,279800,20.959999084472656,1508.0,63.58000183105469,69.14019775390625,2888.320068359375,7947.35986328125
2019-11-06,11959.849609375,12000.349609375,11904.349609375,11965.599609375,332200,14.489999771118164,1490.199951,53.27000045776367,69.52349853515625,2885.719970703125,7822.56982421875
2019-11-07,11561.4501953125,11599.0,11519.5,11582.900390625,317300,12.470000267028809,1464.199951,60.20000076293945,68.36759948730469,2999.909912109375,8196.0400390625
2019-11-11,11879.2001953125,11932.650390625,11853.9501953125,11913.4501953125,549000,16.25,1455.5,56.86000061035156,71.37650299072266,3087.010009765625,8464.2802734375
2019-11-12,11867.349609375,11923.2001953125,11832.2998046875,11910.150390625,997700,13.380000114440918,1452.099976,58.7599983215332,71.01000213623047,3141.6298828125,8654.0498046875
2019-11-13,11908.2998046875,11946.7998046875,11823.2001953125,11840.4501953125,659000,16.459999084472656,1461.699951,57.119998931884766,71.77999877929688,3094.0400390625,8482.099609375
2019-11-14,11858.75,11895.650390625,11802.650390625,11872.099609375,559500,15.649999618530272,1471.800049,56.77000045776367,72.1415023803711,3096.6298828125,8479.01953125
2019-11-15,11904.2001953125,11973.650390625,11879.25,11895.4501953125,580200,15.029999732971191,1467.300049,57.720001220703125,71.95580291748047,3120.4599609375,8540.830078125
2019-11-18,11915.150390625,11946.2001953125,11867.599609375,11884.5,514400,15.760000228881836,1470.900024,57.04999923706055,71.70580291748047,3122.030029296875,8549.9404296875
2019-11-19,11919.4501953125,11958.849609375,11881.75,11940.099609375,613900,15.40999984741211,1473.300049,55.209999084472656,71.93509674072266,3120.179931640625,8570.66015625
2019-11-20,12004.75,12038.599609375,11966.0498046875,11999.099609375,646700,15.15999984741211,1473.300049,57.11000061035156,71.85099792480469,3108.4599609375,8526.73046875
2019-11-21,12025.650390625,12028.2001953125,11956.900390625,11968.400390625,557700,14.979999542236328,1463.099976,58.58000183105469,71.76820373535156,3103.5400390625,8506.2099609375
2019-11-22,11967.2998046875,11968.099609375,11883.5,11914.400390625,486800,14.869999885559082,1463.099976,57.77000045776367,71.7405014038086,3110.2900390625,8519.8798828125
2019-11-25,11922.4501953125,12084.5,11919.75,12073.75,534300,15.0,1456.599976,58.0099983215332,71.78260040283203,3133.639892578125,8632.490234375
2019-11-26,12110.2001953125,12132.4501953125,12006.349609375,12037.7001953125,1201300,14.84000015258789,1459.800049,58.40999984741211,71.67949676513672,3140.52001953125,8647.9296875
2019-11-27,12068.5,12114.900390625,12055.150390625,12100.7001953125,584200,14.619999885559082,1453.400024,58.11000061035156,71.42839813232422,3153.6298828125,8705.1796875
2019-11-29,12146.2001953125,12147.400390625,12017.400390625,12056.0498046875,804400,13.899999618530272,1465.599976,55.16999816894531,71.54740142822266,3140.97998046875,8665.4697265625
2019-12-02,10879.7001953125,10910.900390625,10823.7998046875,10831.400390625,292300,15.75,1462.300049,53.09999847412109,71.2300033569336,2744.72998046875,7414.6201171875
2019-12-03,11231.349609375,11320.400390625,11227.0,11301.2001953125,391300,15.100000381469728,1478.199951,56.869998931884766,69.79010009765625,2791.52001953125,7591.02978515625
2019-12-04,11612.849609375,11657.349609375,11578.7998046875,11643.4501953125,246000,21.0,1474.0,63.88999938964844,69.43000030517578,2907.409912109375,7984.16015625
2019-12-06,11962.4501953125,11962.4501953125,11866.349609375,11906.2001953125,283700,14.119999885559082,1459.099976,51.13999938964844,69.3864974975586,2879.840087890625,7792.72021484375
2019-12-09,11058.2998046875,11081.75,10964.9501953125,10982.7998046875,551400,14.899999618530272,1459.300049,55.09000015258789,71.56009674072266,3009.570068359375,8194.4697265625
2019-12-12,11944.2998046875,12005.5,11934.0,11971.7998046875,752600,13.350000381469728,1466.699951,59.18000030517578,70.72930145263672,3168.570068359375,8717.3203125
2019-12-13,12026.400390625,12098.849609375,12023.599609375,12086.7001953125,597700,13.300000190734863,1475.599976,60.06999969482422,70.55989837646484,3168.800048828125,8734.8798828125
2019-12-16,12131.349609375,12134.650390625,12046.2998046875,12053.9501953125,437700,13.420000076293944,1475.0,60.209999084472656,70.68900299072266,3191.449951171875,8814.23046875
2019-12-17,12082.4501953125,12182.75,12070.349609375,12165.0,499600,12.520000457763672,1474.599976,60.93999862670898,70.92050170898438,3192.52001953125,8823.3603515625
2019-12-18,12197.0,12237.7001953125,12163.4501953125,12221.650390625,518900,12.34000015258789,1472.599976,60.93000030517578,71.21499633789062,3191.139892578125,8827.740234375
2019-12-19,12223.400390625,12268.349609375,12191.150390625,12259.7001953125,623100,12.119999885559082,1478.199951,61.220001220703125,70.98989868164062,3205.3701171875,8887.2197265625
2019-12-20,12266.4501953125,12293.900390625,12252.75,12271.7998046875,810700,12.329999923706056,1474.699951,60.43999862670898,71.22270202636719,3221.219970703125,8924.9599609375
2019-12-23,12235.4501953125,12287.150390625,12213.25,12262.75,604800,11.960000038146973,1482.5,60.52000045776367,71.02400207519531,3224.010009765625,8945.650390625
2019-12-24,12269.25,12283.7001953125,12202.099609375,12214.5498046875,470300,11.630000114440918,1499.099976,61.11000061035156,71.21070098876953,3223.3798828125,8952.8798828125
2019-12-26,12211.849609375,12221.5498046875,12118.849609375,12126.5498046875,520300,11.119999885559082,1509.300049,61.68000030517578,71.54000091552734,3239.909912109375,9022.3896484375
2019-12-27,12172.900390625,12258.4501953125,12157.900390625,12245.7998046875,383800,10.529999732971191,1513.800049,61.720001220703125,71.30030059814453,3240.02001953125,9006.6201171875
2019-12-30,12274.900390625,12286.4501953125,12213.7998046875,12255.849609375,411100,11.010000228881836,1514.5,61.68000030517578,71.31300354003906,3221.2900390625,8945.990234375
2019-12-31,12247.099609375,12247.099609375,12151.7998046875,12168.4501953125,426900,11.670000076293944,1519.5,61.060001373291016,71.31099700927734,3230.780029296875,8972.599609375
2020-01-06,9726.849609375,9931.599609375,9706.9501953125,9826.150390625,794200,30.739999771118164,1566.199951,35.439998626708984,75.51319885253906,3055.72998046875,9552.0498046875
2020-01-07,10323.7998046875,10447.0498046875,10299.599609375,10430.0498046875,573600,28.1200008392334,1571.800049,39.81999969482422,75.75,3115.860107421875,10154.6298828125
2020-01-09,11464.2998046875,11553.5498046875,11366.900390625,11470.25,783800,21.799999237060547,1551.699951,42.7599983215332,73.66999816894531,3526.64990234375,11939.669921875
2020-01-10,11364.4501953125,11428.599609375,11347.0498046875,11416.9501953125,447700,18.350000381469727,1557.5,38.720001220703125,73.70500183105469,3380.800048828125,11326.509765625
2020-01-13,12296.7001953125,12337.75,12285.7998046875,12329.5498046875,501000,14.279999732971191,1548.400024,58.08000183105469,70.9530029296875,3288.1298828125,9273.9296875
2020-01-14,12333.099609375,12374.25,12308.7001953125,12362.2998046875,616300,13.90999984741211,1542.400024,58.22999954223633,70.71890258789062,3283.14990234375,9251.330078125
2020-01-15,12349.400390625,12355.150390625,12278.75,12343.2998046875,684400,14.119999885559082,1552.099976,57.810001373291016,70.84510040283203,3289.2900390625,9258.7001953125
2020-01-16,12347.099609375,12389.0498046875,12315.7998046875,12355.5,395700,14.18000030517578,1549.0,58.52000045776367,70.71800231933594,3316.81005859375,9357.1298828125
2020-01-17,12328.400390625,12385.4501953125,12321.400390625,12352.349609375,502100,14.130000114440918,1558.800049,58.540000915527344,70.94560241699219,3329.6201171875,9388.9404296875
2020-01-21,12195.2998046875,12230.0498046875,12162.2998046875,12169.849609375,400,15.859999656677246,1556.400024,58.34000015258789,71.03099822998047,3320.7900390625,9370.8095703125
2020-01-22,12218.349609375,12225.0498046875,12087.900390625,12106.900390625,500,16.360000610351562,1555.300049,56.7400016784668,71.16999816894531,3321.75,9383.76953125
2020-01-23,12123.75,12189.0,12094.099609375,12180.349609375,867700,15.859999656677246,1564.599976,55.59000015258789,71.0781021118164,3325.5400390625,9402.48046875
2020-01-24,12174.5498046875,12272.150390625,12149.650390625,12248.25,593200,15.5600004196167,1571.099976,54.18999862670898,71.32099914550781,3295.469970703125,9314.91015625
2020-01-27,12197.099609375,12216.599609375,12107.0,12119.0,441200,17.18000030517578,1576.800049,53.13999938964844,71.32499694824219,3243.6298828125,9139.3095703125
2020-01-28,12148.099609375,12163.5498046875,12024.5,12055.7998046875,478500,17.299999237060547,1569.199951,53.47999954223633,71.44000244140625,3276.239990234375,9269.6796875
2020-01-29,12114.900390625,12169.599609375,12103.7998046875,12129.5,514400,16.5,1569.800049,53.33000183105469,71.23040008544922,3273.39990234375,9275.16015625
2020-01-30,12147.75,12150.2998046875,12010.599609375,12035.7998046875,538100,16.799999237060547,1583.5,52.13999938964844,71.30000305175781,3283.659912109375,9298.9296875
2020-01-31,12100.400390625,12103.5498046875,11945.849609375,11962.099609375,771300,17.3700008392334,1582.900024,51.560001373291016,71.63999938964844,3225.52001953125,9150.9404296875
2020-02-03,11387.349609375,11433.0,11036.25,11132.75,680800,25.200000762939453,1577.199951,46.75,72.1500015258789,3090.22998046875,8952.169921875
2020-02-06,9880.849609375,9995.599609375,9824.0498046875,9979.099609375,770200,30.1200008392334,1565.099976,36.810001373291016,75.7300033569336,3080.820068359375,9608.3798828125
2020-02-07,10493.0498046875,10598.2001953125,10485.5498046875,10551.7001953125,597400,26.51000022888184,1568.599976,40.650001525878906,75.45490264892578,3130.010009765625,10207.6298828125
2020-02-11,11697.349609375,11725.650390625,11557.400390625,11669.150390625,568400,25.209999084472656,1565.599976,36.810001373291016,74.55049896240234,3310.239990234375,10957.6103515625
2020-02-12,13121.400390625,13128.5,12983.5498046875,13113.75,717700,19.90999984741211,1567.400024,45.27999877929688,73.65499877929688,3669.010009765625,12349.3701171875
2020-02-13,12219.5498046875,12225.650390625,12139.7998046875,12174.650390625,501200,13.369999885559082,1575.099976,51.41999816894531,71.29620361328125,3373.93994140625,9711.9697265625
2020-02-14,12190.150390625,12246.7001953125,12091.2001953125,12113.4501953125,622800,13.619999885559082,1582.699951,52.04999923706055,71.26850128173828,3380.159912109375,9731.1796875
2020-02-18,12028.25,12030.75,11908.0498046875,11992.5,676900,14.510000228881836,1600.0,52.04999923706055,71.34919738769531,3370.2900390625,9732.740234375
2020-02-19,12090.599609375,12134.7001953125,12042.099609375,12125.900390625,513600,14.020000457763672,1607.5,53.290000915527344,71.57499694824219,3386.14990234375,9817.1796875
2020-02-20,12119.0,12152.0,12071.4501953125,12080.849609375,502600,13.699999809265137,1616.599976,53.77999877929688,71.82749938964844,3373.22998046875,9750.9697265625
2020-02-24,12012.5498046875,12012.5498046875,11813.400390625,11829.400390625,490800,17.0,1672.400024,51.43000030517578,71.88680267333984,3225.889892578125,9221.2802734375
2020-02-25,11877.5,11883.0498046875,11779.900390625,11797.900390625,461000,16.899999618530273,1646.900024,49.900001525878906,72.04669952392578,3128.2099609375,8965.6103515625
2020-02-26,11738.5498046875,11783.25,11639.599609375,11678.5,567600,18.26000022888184,1640.0,48.72999954223633,71.87000274658203,3116.389892578125,8980.7802734375
2020-02-27,11661.25,11663.849609375,11536.7001953125,11633.2998046875,608600,17.770000457763672,1640.0,47.09000015258789,71.66339874267578,2978.760009765625,8566.48046875
2020-02-28,11382.0,11384.7998046875,11175.0498046875,11201.75,809900,23.239999771118164,1564.099976,44.7599983215332,71.93000030517578,2954.219970703125,8567.3701171875
2020-03-02,11627.4501953125,11749.849609375,11614.5,11707.900390625,669800,15.779999732971191,1592.300049,50.11000061035156,71.49649810791016,3248.919921875,9273.400390625
2020-03-03,11217.5498046875,11342.25,11152.5498046875,11303.2998046875,696500,24.540000915527344,1642.099976,47.18000030517578,72.82499694824219,3003.3701171875,8684.08984375
2020-03-04,8356.5498046875,8356.5498046875,8055.7998046875,8083.7998046875,697000,55.29999923706055,1641.099976,28.34000015258789,77.13999938964844,2488.64990234375,7373.080078125
2020-03-06,10108.2998046875,10176.2001953125,10035.5498046875,10061.5498046875,794700,30.040000915527344,1670.800049,37.290000915527344,75.06580352783203,3122.8701171875,9682.91015625
2020-03-09,11566.2001953125,11584.9501953125,11507.650390625,11527.4501953125,607100,20.5,1674.5,41.369998931884766,73.24849700927734,3455.06005859375,11458.099609375
2020-03-11,11734.4501953125,11836.2001953125,11723.2998046875,11813.5,674300,24.239999771118164,1641.400024,37.65999984741211,74.45680236816406,3369.159912109375,11160.5703125
2020-03-12,13215.2998046875,13216.599609375,13107.900390625,13133.900390625,713700,19.0,1589.300049,45.63999938964844,73.66259765625,3666.719970703125,12377.1796875
2020-03-13,9107.599609375,10159.400390625,8555.150390625,9955.2001953125,1388000,51.470001220703125,1515.699951,31.729999542236328,75.30000305175781,2711.02001953125,7874.8798828125
2020-03-16,9587.7998046875,9602.2001953125,9165.099609375,9197.400390625,897700,58.880001068115234,1485.900024,28.700000762939453,73.90399932861328,2386.1298828125,6904.58984375
2020-03-17,9285.400390625,9403.7998046875,8915.599609375,8967.0498046875,935600,62.93000030517578,1524.900024,26.950000762939453,75.15499877929688,2529.18994140625,7334.77978515625
2020-03-18,9088.4501953125,9127.5498046875,8407.0498046875,8468.7998046875,1516600,63.959999084472656,1477.300049,20.3700008392334,74.01239776611328,2398.10009765625,6989.83984375
2020-03-19,8063.2998046875,8575.4501953125,7832.5498046875,8263.4501953125,925700,72.19999694824219,1478.599976,25.21999931335449,74.98200225830078,2409.389892578125,7150.580078125
2020-03-20,8284.4501953125,8883.0,8178.2001953125,8745.4501953125,1071500,67.0999984741211,1484.0,22.43000030517578,75.15969848632812,2304.919921875,6879.52001953125
2020-03-23,7945.7001953125,8159.25,7583.60009765625,7610.25,653500,71.98999786376953,1567.0,23.36000061035156,75.62210083007812,2237.39990234375,6860.669921875
2020-03-24,7848.2998046875,8036.9501953125,7511.10009765625,7801.0498046875,738400,83.61000061035156,1660.199951,24.01000022888184,76.50599670410156,2447.330078125,7417.85986328125
2020-03-25,7735.14990234375,8376.75,7714.75,8317.849609375,736900,77.62999725341797,1632.300049,24.489999771118164,77.26000213623047,2475.56005859375,7384.2998046875
2020-03-26,8451.0,8749.0498046875,8304.900390625,8641.4501953125,865600,71.52999877929688,1650.099976,22.600000381469727,75.84549713134766,2630.070068359375,7797.5400390625
2020-03-27,8949.099609375,9038.900390625,8522.900390625,8660.25,801500,70.38999938964844,1623.900024,21.51000022888184,74.72560119628906,2541.469970703125,7502.3798828125
2020-03-30,8385.9501953125,8576.0,8244.0,8281.099609375,593300,71.88999938964844,1622.0,20.09000015258789,75.46499633789062,2626.64990234375,7774.14990234375
2020-03-31,8529.349609375,8678.2998046875,8358.0,8597.75,712700,64.41000366210938,1583.400024,20.479999542236328,75.4000015258789,2584.590087890625,7700.10009765625
2020-04-02,11786.25,11986.150390625,11783.400390625,11979.650390625,560400,14.380000114440918,1625.699951,49.61000061035156,71.31410217285156,3297.590087890625,9467.9697265625
2020-04-03,11351.349609375,11356.599609375,11082.150390625,11251.0,797700,24.229999542236328,1633.699951,46.77999877929688,73.34200286865234,3130.1201171875,9018.08984375
2020-04-06,10054.25,10123.849609375,9944.25,10029.099609375,775100,29.690000534057617,1677.0,37.40999984741211,75.54499816894531,3112.35009765625,9615.8095703125
2020-04-08,10946.650390625,11112.25,10908.099609375,11095.25,625700,23.81999969482422,1665.400024,41.70000076293945,75.33000183105469,3306.510009765625,10941.169921875
2020-04-09,11354.400390625,11452.0498046875,11303.650390625,11333.849609375,681300,22.149999618530277,1736.199951,39.77000045776367,73.4478988647461,3426.9599609375,11313.1298828125
2020-04-13,9103.9501953125,9112.0498046875,8912.400390625,8993.849609375,644000,51.459999084472656,1744.800049,22.40999984741211,76.16649627685547,2761.6298828125,8192.419921875
2020-04-15,9196.400390625,9261.2001953125,8874.099609375,8925.2998046875,879100,49.7400016784668,1727.199951,19.8700008392334,75.93099975585938,2783.360107421875,8393.1796875
2020-04-16,8851.25,9053.75,8821.900390625,8992.7998046875,719400,46.09999847412109,1720.400024,19.8700008392334,77.2125015258789,2799.550048828125,8532.3603515625
2020-04-17,9323.4501953125,9324.0,9091.349609375,9266.75,684200,42.59000015258789,1689.199951,18.270000457763672,77.56999969482422,2874.56005859375,8650.1396484375
2020-04-20,9390.2001953125,9390.849609375,9230.7998046875,9261.849609375,726400,43.459999084472656,1701.599976,-37.630001068115234,76.55999755859375,2823.159912109375,8560.73046875
2020-04-21,9016.9501953125,9044.400390625,8909.400390625,8981.4501953125,655100,45.20000076293945,1678.199951,10.010000228881836,77.20999908447266,2736.56005859375,8263.23046875
2020-04-22,9026.75,9209.75,8946.25,9187.2998046875,734400,42.81999969482422,1728.699951,13.779999732971191,76.96939849853516,2799.31005859375,8495.3798828125
2020-04-23,9232.349609375,9343.599609375,9170.150390625,9313.900390625,666700,39.22999954223633,1733.300049,16.5,76.4000015258789,2797.800048828125,8494.75
2020-04-24,9163.900390625,9296.900390625,9141.2998046875,9154.400390625,659400,39.119998931884766,1723.5,16.940000534057617,76.42250061035156,2836.739990234375,8634.51953125
2020-04-27,9259.7001953125,9377.099609375,9250.349609375,9282.2998046875,512800,38.040000915527344,1711.900024,12.779999732971191,76.27149963378906,2878.47998046875,8730.16015625
2020-04-28,9389.7998046875,9404.400390625,9260.0,9380.900390625,614500,35.349998474121094,1710.5,12.34000015258789,76.1863021850586,2863.389892578125,8607.73046875
2020-04-29,9408.599609375,9599.849609375,9392.349609375,9553.349609375,653000,33.84000015258789,1703.400024,15.0600004196167,76.46499633789062,2939.510009765625,8914.7099609375
2020-04-30,9753.5,9889.0498046875,9731.5,9859.900390625,931200,33.9900016784668,1684.199951,18.84000015258789,75.25849914550781,2912.429931640625,8889.5498046875
2020-05-05,9429.400390625,9450.900390625,9190.75,9205.599609375,725200,43.61000061035156,1704.400024,24.559999465942383,75.8499984741211,2868.43994140625,8809.1201171875
2020-05-06,10093.7998046875,10177.7998046875,10040.75,10142.150390625,987100,28.68000030517578,1684.199951,39.54999923706055,75.49089813232422,3193.929931640625,9814.080078125
2020-05-08,11155.75,11225.650390625,11064.0498046875,11101.650390625,667600,23.56999969482422,1709.900024,42.18999862670898,75.25,3327.77001953125,10998.400390625
2020-05-11,12062.400390625,12131.099609375,12027.599609375,12120.2998046875,632500,20.96999931335449,1695.300049,38.790000915527344,74.37999725341797,3510.449951171875,11890.9296875
2020-05-13,9584.2001953125,9584.5,9351.099609375,9383.5498046875,846400,38.84000015258789,1713.900024,25.290000915527344,75.68000030517578,2820.0,8863.169921875
2020-05-14,9213.9501953125,9281.099609375,9119.75,9142.75,602600,38.18000030517578,1738.099976,27.559999465942383,75.42620086669922,2852.5,8943.7197265625
2020-05-15,9182.400390625,9182.400390625,9050.0,9136.849609375,575900,38.02000045776367,1753.400024,29.43000030517578,75.48500061035156,2863.699951171875,9014.5595703125
2020-05-18,9158.2998046875,9158.2998046875,8806.75,8823.25,773000,40.91999816894531,1731.800049,31.81999969482422,75.81999969482422,2953.909912109375,9234.830078125
2020-05-19,8961.7001953125,9030.349609375,8855.2998046875,8879.099609375,762200,39.45000076293945,1744.199951,32.5,75.60009765625,2922.93994140625,9185.099609375
2020-05-20,8889.150390625,9093.7998046875,8875.349609375,9066.5498046875,622300,35.810001373291016,1750.599976,33.4900016784668,76.0,2971.610107421875,9375.7802734375
2020-05-21,9079.4501953125,9178.5498046875,9056.099609375,9106.25,631500,32.9900016784668,1720.5,33.91999816894531,75.77999877929688,2948.510009765625,9284.8798828125
2020-05-22,9067.900390625,9149.599609375,8968.5498046875,9039.25,675800,32.380001068115234,1734.599976,33.25,75.625,2955.449951171875,9324.58984375
2020-05-26,9099.75,9161.650390625,8996.650390625,9029.0498046875,655000,31.46999931335449,1704.800049,34.349998474121094,76.11000061035156,2991.77001953125,9340.2197265625
2020-05-27,9082.2001953125,9334.0,9004.25,9314.9501953125,763500,31.270000457763672,1710.300049,32.810001373291016,75.81999969482422,3036.1298828125,9412.3603515625
2020-05-28,9364.9501953125,9511.25,9336.5,9490.099609375,837900,30.020000457763672,1713.300049,33.709999084472656,76.12999725341797,3029.72998046875,9368.990234375
2020-05-29,9422.2001953125,9598.849609375,9376.900390625,9580.2998046875,967000,30.21999931335449,1736.900024,35.4900016784668,75.95999908447266,3044.31005859375,9489.8701171875
2020-06-01,12170.599609375,12179.099609375,11974.2001953125,11993.0498046875,396500,14.779999732971191,1737.800049,63.27000045776367,71.73100280761719,3246.280029296875,9071.4697265625
2020-06-02,12120.0,12160.599609375,12084.650390625,12137.9501953125,565100,13.779999732971191,1725.199951,50.95000076293945,71.18000030517578,3345.780029296875,9572.150390625
2020-06-03,10942.650390625,11035.099609375,10827.400390625,10989.4501953125,1811000,25.63999938964844,1697.800049,41.27999877929688,73.8551025390625,2972.3701171875,8575.6201171875
2020-06-05,9226.7998046875,9346.900390625,9116.5,9270.900390625,722200,41.25,1676.199951,23.989999771118164,76.16999816894531,2848.419921875,8854.3896484375
2020-06-08,11185.7001953125,11256.7998046875,11127.2998046875,11200.150390625,600400,23.149999618530277,1698.300049,41.95000076293945,74.8822021484375,3349.159912109375,11108.0703125
2020-06-10,11603.4501953125,11680.2998046875,11564.2998046875,11662.400390625,561400,19.63999938964844,1713.300049,40.66999816894531,73.1082992553711,3360.969970703125,11154.599609375
2020-06-11,12156.650390625,12280.400390625,12131.849609375,12263.5498046875,576800,20.5,1732.0,37.13999938964844,74.12000274658203,3509.43994140625,11895.23046875
2020-06-15,9919.349609375,9943.349609375,9726.349609375,9813.7001953125,716100,32.58000183105469,1720.300049,37.119998931884766,75.95680236816406,3066.590087890625,9726.01953125
2020-06-16,10014.7998046875,10046.150390625,9728.5,9914.0,899900,32.970001220703125,1729.599976,38.380001068115234,75.97799682617188,3124.739990234375,9895.8701171875
2020-06-17,9876.7001953125,10003.599609375,9833.7998046875,9881.150390625,685400,33.349998474121094,1729.199951,37.959999084472656,76.65499877929688,3113.489990234375,9910.5302734375
2020-06-18,9863.25,10111.2001953125,9845.0498046875,10091.650390625,622900,31.459999084472656,1724.800049,38.84000015258789,76.55000305175781,3115.340087890625,9943.0498046875
2020-06-19,10119.0,10272.400390625,10072.650390625,10244.400390625,892100,29.96999931335449,1745.900024,39.75,76.40039825439453,3097.739990234375,9946.1201171875
2020-06-22,10318.75,10393.650390625,10277.599609375,10311.2001953125,685400,30.459999084472656,1756.699951,40.459999084472656,76.2520980834961,3117.860107421875,10056.48046875
2020-06-23,10347.9501953125,10484.7001953125,10301.75,10471.0,669200,29.34000015258789,1772.099976,40.369998931884766,75.78980255126953,3131.2900390625,10131.3701171875
2020-06-24,10529.25,10553.150390625,10281.9501953125,10305.2998046875,854800,29.57999992370605,1765.800049,38.0099983215332,75.60780334472656,3050.330078125,9909.169921875
2020-06-25,10235.5498046875,10361.7998046875,10194.5,10288.900390625,994200,29.729999542236328,1762.099976,38.720001220703125,75.97000122070312,3083.760009765625,10017.0
2020-06-26,10378.900390625,10409.849609375,10311.25,10383.0,671900,28.739999771118164,1772.5,38.4900016784668,75.53980255126953,3009.050048828125,9757.2197265625
2020-06-29,10311.9501953125,10337.9501953125,10223.599609375,10312.400390625,574500,28.90999984741211,1774.800049,39.70000076293945,75.61979675292969,3053.239990234375,9874.150390625
2020-06-30,10382.599609375,10401.0498046875,10267.349609375,10302.099609375,556200,29.1200008392334,1793.0,39.27000045776367,75.69999694824219,3100.2900390625,10058.76953125
2020-07-01,12079.099609375,12152.150390625,12005.349609375,12052.9501953125,447800,14.609999656677246,1773.199951,62.70000076293945,71.78700256347656,3237.179931640625,9068.580078125
2020-07-02,12151.150390625,12154.7001953125,12073.9501953125,12098.349609375,473500,13.75,1784.0,50.31999969482422,71.47000122070312,3327.7099609375,9520.509765625
2020-07-07,10802.849609375,10813.7998046875,10689.7001953125,10799.650390625,636800,25.100000381469727,1804.199951,40.619998931884766,74.60759735107422,3145.320068359375,10343.8896484375
2020-07-08,11186.650390625,11231.900390625,11142.0498046875,11214.0498046875,452600,22.57999992370605,1815.5,41.220001220703125,74.8998031616211,3351.280029296875,11010.98046875
2020-07-10,11679.25,11763.0498046875,11629.349609375,11738.849609375,513400,20.059999465942383,1798.199951,39.95000076293945,73.81500244140625,3419.43994140625,11364.599609375
2020-07-13,10851.849609375,10894.0498046875,10756.0498046875,10802.7001953125,554100,25.25,1811.0,40.09999847412109,75.15850067138672,3155.219970703125,10390.83984375
2020-07-14,10750.849609375,10755.650390625,10562.900390625,10607.349609375,532400,26.63999938964844,1810.599976,40.290000915527344,75.44999694824219,3197.52001953125,10488.580078125
2020-07-15,10701.0,10827.4501953125,10577.75,10618.2001953125,715900,26.290000915527344,1811.400024,41.20000076293945,75.57499694824219,3226.56005859375,10550.490234375
2020-07-16,10706.2001953125,10755.2998046875,10595.2001953125,10739.9501953125,694400,25.36000061035156,1798.699951,40.75,75.1249008178711,3215.570068359375,10473.830078125
2020-07-17,10752.0,10933.4501953125,10749.650390625,10901.7001953125,676900,24.15999984741211,1808.300049,40.59000015258789,75.17449951171875,3224.72998046875,10503.1904296875
2020-07-20,10999.4501953125,11037.900390625,10953.0,11022.2001953125,554300,24.709999084472656,1815.900024,40.810001373291016,74.89730072021484,3251.840087890625,10767.08984375
2020-07-21,11126.099609375,11179.5498046875,11113.25,11162.25,772000,24.43000030517578,1842.400024,41.959999084472656,74.98999786376953,3257.300048828125,10680.3603515625
2020-07-22,11231.2001953125,11238.099609375,11056.5498046875,11132.599609375,765100,24.88999938964844,1864.099976,41.900001525878906,74.7699966430664,3276.02001953125,10706.1298828125
2020-07-23,11135.0,11239.7998046875,11103.150390625,11215.4501953125,621600,24.63999938964844,1889.099976,41.06999969482422,74.81999969482422,3235.659912109375,10461.419921875
2020-07-24,11149.9501953125,11225.400390625,11090.2998046875,11194.150390625,678900,24.540000915527344,1897.300049,41.290000915527344,74.80729675292969,3215.6298828125,10363.1796875
2020-07-27,11225.0,11225.0,11087.849609375,11131.7998046875,588100,25.020000457763672,1931.0,41.59999847412109,74.75980377197266,3239.409912109375,10536.26953125
2020-07-28,11154.099609375,11317.75,11151.400390625,11300.5498046875,683900,23.63999938964844,1944.699951,41.040000915527344,75.0,3218.43994140625,10402.08984375
2020-07-29,11276.900390625,11341.400390625,11149.75,11202.849609375,600700,24.11000061035156,1953.5,41.27000045776367,75.08999633789062,3258.43994140625,10542.9404296875
2020-07-30,11254.2998046875,11299.9501953125,11084.9501953125,11102.150390625,677800,24.729999542236328,1942.300049,39.91999816894531,74.8311996459961,3246.219970703125,10587.8095703125
2020-07-31,11139.5,11150.400390625,11026.650390625,11073.4501953125,642600,24.190000534057617,1962.800049,40.27000045776367,74.98999786376953,3271.1201171875,10745.26953125
2020-08-04,8688.900390625,9131.7001953125,8653.900390625,8748.75,896500,52.2400016784668,2001.199951,25.09000015258789,76.66000366210938,2749.97998046875,8090.89990234375
2020-08-05,9376.9501953125,9382.650390625,9238.2001953125,9251.5,609100,38.40999984741211,2031.099976,24.739999771118164,76.08000183105469,2929.800048828125,9121.3203125
2020-08-06,10326.75,10328.5,10120.25,10167.4501953125,936500,29.649999618530277,2051.5,38.18999862670898,75.5177001953125,3232.389892578125,9924.75
2020-08-07,10818.650390625,10847.849609375,10676.5498046875,10705.75,767900,26.100000381469727,2010.099976,40.900001525878906,75.125,3169.93994140625,10492.5
2020-08-10,11835.400390625,11905.7001953125,11791.150390625,11834.599609375,608800,20.3799991607666,2024.400024,41.18999862670898,73.5425033569336,3446.830078125,11420.98046875
2020-08-12,13393.849609375,13435.4501953125,13311.0498046875,13392.9501953125,543200,18.6200008392334,1934.900024,45.59999847412109,74.0199966430664,3702.25,12582.76953125
2020-08-13,11334.849609375,11359.2998046875,11269.9501953125,11300.4501953125,562400,20.56999969482422,1956.699951,42.2400016784668,74.77210235595703,3373.429931640625,11042.5
2020-08-14,11353.2998046875,11366.25,11111.4501953125,11178.400390625,645100,21.670000076293945,1937.0,42.0099983215332,75.02999877929688,3372.85009765625,11019.2998046875
2020-08-17,11248.900390625,11267.099609375,11144.5,11247.099609375,634000,21.309999465942383,1985.0,42.88999938964844,74.90280151367188,3381.989990234375,11129.73046875
2020-08-18,11259.7998046875,11401.7001953125,11253.150390625,11385.349609375,579200,20.43000030517578,1999.400024,42.88999938964844,75.0,3389.780029296875,11210.83984375
2020-08-19,11452.150390625,11460.349609375,11394.099609375,11408.400390625,626200,19.959999084472656,1958.699951,42.93000030517578,74.79499816894531,3374.85009765625,11146.4599609375
2020-08-20,11317.4501953125,11361.4501953125,11289.7998046875,11312.2001953125,791600,20.6200008392334,1933.800049,42.58000183105469,74.966796875,3385.510009765625,11264.9501953125
2020-08-21,11409.650390625,11418.5,11362.2001953125,11371.599609375,668700,19.940000534057617,1934.599976,42.34000015258789,74.9999008178711,3397.159912109375,11311.7998046875
2020-08-24,11412.0,11497.25,11410.650390625,11466.4501953125,532900,19.229999542236328,1927.699951,42.619998931884766,74.92179870605469,3431.280029296875,11379.7197265625
2020-08-25,11513.099609375,11525.900390625,11423.349609375,11472.25,638200,19.31999969482422,1911.800049,43.34999847412109,74.4000015258789,3443.6201171875,11466.4697265625
2020-08-26,11512.849609375,11561.75,11461.849609375,11549.599609375,743400,19.299999237060547,1940.699951,43.38999938964844,74.45249938964844,3478.72998046875,11665.0595703125
2020-08-27,11609.2998046875,11617.349609375,11540.599609375,11559.25,719800,18.899999618530277,1921.599976,43.040000915527344,74.24009704589844,3484.550048828125,11625.33984375
2020-08-28,11602.9501953125,11686.0498046875,11589.400390625,11647.599609375,807000,18.350000381469727,1964.599976,42.970001220703125,73.77449798583984,3508.010009765625,11695.6298828125
2020-08-31,11777.5498046875,11794.25,11325.849609375,11387.5,1371800,22.84000015258789,1967.599976,42.61000061035156,73.12830352783203,3500.31005859375,11775.4599609375
2020-09-01,12153.150390625,12224.0498046875,12132.5498046875,12215.900390625,477500,14.0,1968.199951,59.560001373291016,71.41190338134766,3274.699951171875,9203.4296875
2020-09-03,10742.0498046875,10751.5498046875,10294.4501953125,10451.4501953125,1565500,30.799999237060547,1927.599976,31.1299991607666,73.99530029296875,2746.56005859375,7950.68017578125
2020-09-04,8973.0498046875,9128.349609375,8904.5498046875,9111.900390625,742100,49.75,1923.900024,22.76000022888184,75.95899963378906,2789.820068359375,8153.580078125
2020-09-09,11218.599609375,11298.150390625,11185.150390625,11278.0,728900,22.229999542236328,1944.699951,38.04999923706055,73.78679656982422,3398.9599609375,11141.5595703125
2020-09-10,11852.0498046875,11938.599609375,11805.2001953125,11914.2001953125,611100,20.3799991607666,1954.199951,40.59999847412109,73.28050231933594,3477.139892578125,11579.9404296875
2020-09-11,12399.400390625,12474.0498046875,12367.349609375,12461.0498046875,553400,20.11000061035156,1937.800049,40.290000915527344,73.97979736328125,3550.5,11713.7802734375
2020-09-14,11540.150390625,11568.900390625,11383.5498046875,11440.0498046875,642300,21.190000534057617,1953.099976,37.2599983215332,73.47859954833984,3383.5400390625,11056.650390625
2020-09-15,11487.2001953125,11535.9501953125,11442.25,11521.7998046875,506700,20.600000381469727,1956.300049,38.27999877929688,73.61499786376953,3401.199951171875,11190.3203125
2020-09-16,11538.4501953125,11618.099609375,11516.75,11604.5498046875,527800,19.65999984741211,1960.199951,40.15999984741211,73.80000305175781,3385.489990234375,11050.4697265625
2020-09-17,11539.400390625,11587.2001953125,11498.5,11516.099609375,0,20.100000381469727,1940.0,40.970001220703125,73.55069732666016,3357.010009765625,10910.2802734375
2020-09-18,11584.099609375,11584.099609375,11446.099609375,11504.9501953125,764200,20.049999237060547,1952.099976,41.11000061035156,73.58360290527344,3319.469970703125,10793.2802734375
2020-09-21,11503.7998046875,11535.25,11218.5,11250.5498046875,602900,22.190000534057617,1901.199951,39.310001373291016,73.53479766845703,3281.06005859375,10778.7998046875
2020-09-22,11301.75,11302.2001953125,11084.650390625,11153.650390625,672200,21.40999984741211,1898.599976,39.59999847412109,73.57980346679688,3315.570068359375,10963.6396484375
2020-09-23,11258.75,11259.5498046875,11024.400390625,11131.849609375,714900,20.989999771118164,1859.900024,39.93000030517578,73.50299835205078,3236.919921875,10632.990234375
2020-09-24,11011.0,11015.2998046875,10790.2001953125,10805.5498046875,706100,23.51000022888184,1868.300049,40.310001373291016,73.77839660644531,3246.590087890625,10672.26953125
2020-09-25,10910.400390625,11072.599609375,10854.849609375,11050.25,559600,20.68000030517578,1857.699951,40.25,73.68240356445312,3298.4599609375,10913.5595703125
2020-09-28,11140.849609375,11239.349609375,11099.849609375,11227.5498046875,472800,19.56999969482422,1872.800049,40.59999847412109,73.69930267333984,3351.60009765625,11117.5302734375
2020-09-29,11288.599609375,11305.400390625,11181.0,11222.400390625,498300,19.770000457763672,1894.300049,39.290000915527344,73.9749984741211,3335.469970703125,11085.25
2020-09-30,11244.4501953125,11295.400390625,11184.5498046875,11247.5498046875,499300,19.530000686645508,1887.5,40.220001220703125,73.84500122070312,3363.0,11167.509765625
2020-10-01,12271.0,12311.2001953125,12213.2001953125,12256.7998046875,660600,14.079999923706056,1908.400024,59.040000915527344,71.19429779052734,3265.35009765625,9178.8603515625
2020-10-02,12102.349609375,12103.5498046875,11990.75,12031.5,524700,14.210000038146973,1900.199951,49.56999969482422,71.5155029296875,3352.090087890625,9628.3896484375
2020-10-06,10072.599609375,10148.75,10036.849609375,10116.150390625,632400,29.440000534057617,1901.099976,39.59999847412109,75.50980377197266,3190.139892578125,10020.349609375
2020-10-07,10764.099609375,10819.400390625,10713.0,10768.0498046875,590700,24.940000534057617,1883.599976,40.54999923706055,75.33999633789062,3185.0400390625,10617.4404296875
2020-10-08,11270.25,11337.2998046875,11238.0,11270.150390625,492000,22.51000022888184,1888.599976,41.93999862670898,75.0248031616211,3360.469970703125,10968.3603515625
2020-10-09,11363.2998046875,11464.0498046875,11327.400390625,11449.25,679400,21.26000022888184,1919.5,37.29999923706055,73.55000305175781,3339.18994140625,10919.58984375
2020-10-12,13488.5,13503.5498046875,13399.2998046875,13478.2998046875,553400,18.709999084472656,1922.5,46.77999877929688,73.93499755859375,3668.10009765625,12405.8095703125
2020-10-13,11934.650390625,11988.2001953125,11888.900390625,11934.5,458300,20.71999931335449,1888.5,40.20000076293945,73.35079956054688,3511.929931640625,11863.900390625
2020-10-14,11917.400390625,11997.2001953125,11822.150390625,11971.0498046875,569200,20.209999084472656,1901.300049,41.040000915527344,73.62000274658203,3488.669921875,11768.73046875
2020-10-15,12023.4501953125,12025.4501953125,11661.2998046875,11680.349609375,608900,22.059999465942383,1903.199951,40.959999084472656,73.29620361328125,3483.340087890625,11713.8701171875
2020-10-16,11727.400390625,11789.75,11667.849609375,11762.4501953125,555800,21.649999618530277,1900.800049,40.880001068115234,73.37100219726562,3483.81005859375,11671.5595703125
2020-10-19,11879.2001953125,11898.25,11820.400390625,11873.0498046875,541400,21.81999969482422,1906.400024,40.83000183105469,73.44380187988281,3426.919921875,11478.8798828125
2020-10-20,11861.0,11949.25,11837.25,11896.7998046875,453600,22.690000534057617,1910.400024,41.459999084472656,73.57499694824219,3443.1201171875,11516.490234375
2020-10-21,11958.5498046875,12018.650390625,11775.75,11937.650390625,623700,22.920000076293945,1924.599976,40.02999877929688,73.64749908447266,3435.56005859375,11484.6904296875
2020-10-22,11890.0,11939.5498046875,11823.4501953125,11896.4501953125,544900,22.63999938964844,1901.099976,40.63999938964844,73.6812973022461,3453.489990234375,11506.009765625
2020-10-23,11957.900390625,11974.5498046875,11908.75,11930.349609375,502300,21.82999992370605,1902.0,39.84999847412109,73.72000122070312,3465.389892578125,11548.2802734375
2020-10-26,11937.400390625,11942.849609375,11711.7001953125,11767.75,519800,22.82999992370605,1902.699951,38.560001373291016,73.8228988647461,3400.969970703125,11358.9404296875
2020-10-27,11807.099609375,11899.0498046875,11723.0,11889.400390625,616300,22.200000762939453,1908.800049,39.56999969482422,73.94850158691406,3390.679931640625,11431.349609375
2020-10-28,11922.599609375,11929.400390625,11684.849609375,11729.599609375,704000,23.280000686645508,1876.199951,37.38999938964844,73.80500030517578,3271.030029296875,11004.8701171875
2020-10-29,11633.2998046875,11744.150390625,11606.4501953125,11670.7998046875,555000,24.020000457763672,1865.599976,36.16999816894531,74.44000244140625,3310.110107421875,11185.58984375
2020-10-30,11678.4501953125,11748.9501953125,11535.4501953125,11642.400390625,553700,24.75,1877.400024,35.790000915527344,74.26399993896484,3269.9599609375,10911.58984375
2020-11-02,12108.400390625,12172.2998046875,12099.0,12107.900390625,480000,13.880000114440918,1890.400024,49.93999862670898,71.27999877929688,3357.75,9638.9404296875
2020-11-03,10334.2998046875,10545.099609375,10334.0,10458.400390625,1218500,31.559999465942383,1908.5,32.97999954223633,74.20500183105469,2741.3798828125,7952.0498046875
2020-11-05,9348.150390625,9439.900390625,9219.9501953125,9239.2001953125,704600,38.040000915527344,1945.300049,24.13999938964844,75.5250015258789,2930.18994140625,9192.33984375
2020-11-06,10094.099609375,10112.0498046875,9885.0498046875,9902.0,715500,29.65999984741211,1950.300049,36.34000015258789,75.875,3002.10009765625,9492.73046875
2020-11-09,11447.7998046875,11493.5,11419.900390625,11464.4501953125,554800,20.709999084472656,1853.199951,37.33000183105469,73.52729797363281,3340.969970703125,10853.5498046875
2020-11-11,12680.599609375,12769.75,12571.099609375,12749.150390625,880500,22.030000686645508,1860.699951,41.45000076293945,74.28160095214844,3572.659912109375,11786.4296875
2020-11-12,13512.2998046875,13579.349609375,13402.849609375,13513.849609375,787700,18.790000915527344,1872.599976,46.56999969482422,73.72669982910156,3663.4599609375,12377.8701171875
2020-11-13,12659.7001953125,12735.9501953125,12607.7001953125,12719.9501953125,513900,19.700000762939453,1885.699951,40.130001068115234,74.86499786376953,3585.14990234375,11829.2900390625
2020-11-17,12932.5,12934.0498046875,12797.099609375,12874.2001953125,707700,19.799999237060547,1884.5,41.43000030517578,74.41809844970703,3609.530029296875,11899.33984375
2020-11-18,12860.099609375,12948.849609375,12819.349609375,12938.25,731300,19.1200008392334,1873.5,41.81999969482422,74.47969818115234,3567.7900390625,11801.599609375
2020-11-19,12839.5,12963.0,12745.75,12771.7001953125,768800,19.56999969482422,1861.099976,41.7400016784668,74.41999816894531,3581.8701171875,11904.7099609375
2020-11-20,12813.400390625,12892.4501953125,12730.25,12859.0498046875,664000,19.6200008392334,1872.599976,42.150001525878906,74.09960174560547,3557.5400390625,11854.9697265625
2020-11-23,12960.2998046875,12968.849609375,12825.7001953125,12926.4501953125,633100,20.799999237060547,1837.800049,43.060001373291016,74.16239929199219,3577.590087890625,11880.6298828125
2020-11-24,13002.599609375,13079.099609375,12978.0,13055.150390625,571900,21.059999465942383,1804.800049,44.90999984741211,74.24490356445312,3635.409912109375,12036.7900390625
2020-11-25,13130.0,13145.849609375,12833.650390625,12858.400390625,679000,23.1299991607666,1805.699951,45.709999084472656,73.96080017089844,3629.64990234375,12094.400390625
2020-11-27,13012.0498046875,13035.2998046875,12914.2998046875,12968.9501953125,1162400,19.81999969482422,1781.900024,45.52999877929688,74.04879760742188,3638.35009765625,12205.849609375
2020-12-02,12151.0,12231.75,12144.2998046875,12201.2001953125,411700,13.619999885559082,1825.699951,51.16999816894531,71.27529907226562,3379.449951171875,9725.9599609375
2020-12-03,10039.9501953125,10040.75,9508.0,9590.150390625,1343500,41.15999984741211,1836.800049,31.5,74.76000213623047,2480.639892578125,7201.7998046875
2020-12-08,11289.0,11322.0,11242.650390625,11308.400390625,609900,20.850000381469727,1870.800049,42.66999816894531,74.9000015258789,3380.35009765625,11012.240234375
2020-12-10,11973.5498046875,12022.0498046875,11867.2001953125,11930.9501953125,522600,21.1299991607666,1833.599976,39.43000030517578,73.01480102539062,3534.219970703125,11876.259765625
2020-12-11,12702.150390625,12741.150390625,12624.849609375,12690.7998046875,622000,20.6200008392334,1839.800049,41.119998931884766,74.56999969482422,3537.010009765625,11709.58984375
2020-12-14,13571.4501953125,13597.5,13472.4501953125,13558.150390625,558400,19.399999618530277,1828.699951,46.9900016784668,73.73799896240234,3647.489990234375,12440.0400390625
2020-12-15,13547.2001953125,13589.650390625,13447.0498046875,13567.849609375,497600,19.350000381469727,1852.300049,47.619998931884766,73.86000061035156,3694.6201171875,12595.0595703125
2020-12-16,13663.099609375,13692.349609375,13606.4501953125,13682.7001953125,462200,19.200000762939453,1856.099976,47.81999969482422,73.75980377197266,3701.169921875,12658.1904296875
2020-12-17,13713.5498046875,13773.25,13673.5498046875,13740.7001953125,416000,19.15999984741211,1887.199951,48.36000061035156,73.6166000366211,3722.47998046875,12764.75
2020-12-18,13764.400390625,13772.849609375,13658.599609375,13760.5498046875,519400,18.6200008392334,1885.699951,49.09999847412109,73.52980041503906,3709.409912109375,12755.6396484375
2020-12-21,13741.900390625,13777.5,13131.4501953125,13328.400390625,687300,23.190000534057617,1879.199951,47.7400016784668,73.60359954833984,3694.919921875,12742.51953125
2020-12-22,13373.650390625,13492.0498046875,13192.900390625,13466.2998046875,696200,21.989999771118164,1866.599976,47.02000045776367,73.935302734375,3687.260009765625,12807.919921875
2020-12-23,13473.5,13619.4501953125,13432.2001953125,13601.099609375,458700,20.5,1874.699951,48.119998931884766,74.2699966430664,3690.010009765625,12771.1103515625
2020-12-24,13672.150390625,13771.75,13626.900390625,13749.25,471400,19.96999931335449,1879.900024,48.22999954223633,73.83979797363281,3703.06005859375,12804.73046875
2020-12-28,13815.150390625,13885.2998046875,13811.5498046875,13873.2001953125,403600,20.43000030517578,1877.199951,47.619998931884766,73.68900299072266,3735.360107421875,12899.419921875
2020-12-29,13910.349609375,13967.599609375,13859.900390625,13932.599609375,439600,20.790000915527344,1879.699951,48.0,73.5448989868164,3727.0400390625,12850.2197265625
2020-12-30,13980.900390625,13997.0,13864.9501953125,13981.9501953125,380700,21.11000061035156,1891.0,48.400001525878906,73.45359802246094,3732.0400390625,12870.0
2020-12-31,13970.0,14024.849609375,13936.4501953125,13981.75,452400,21.100000381469727,1893.099976,48.52000045776367,73.13400268554688,3756.070068359375,12888.2802734375
2021-01-04,14798.400390625,14883.2001953125,14692.4501953125,14867.349609375,445000,19.989999771118164,1944.699951,61.45000076293945,73.20349884033203,4019.8701171875,13480.1103515625
2021-01-06,15629.650390625,15660.75,15528.2998046875,15574.849609375,409600,17.389999389648438,1906.900024,67.72000122070312,72.48719787597656,4202.0400390625,13736.48046875
2021-01-07,15755.0498046875,15755.5498046875,15667.0498046875,15680.0,224900,12.84000015258789,1912.300049,75.2300033569336,74.37100219726562,4319.93994140625,14522.3798828125
2021-01-11,17783.150390625,17954.099609375,17697.099609375,17929.650390625,281200,17.239999771118164,1849.599976,84.05000305175781,74.92829895019531,4613.669921875,15595.919921875
2021-01-12,17104.400390625,17213.05078125,17064.25,17166.900390625,295500,19.450000762939453,1842.900024,65.56999969482422,75.0509033203125,4513.0400390625,15254.0498046875
2021-01-13,14639.7998046875,14653.349609375,14435.7001953125,14564.849609375,874000,23.290000915527344,1853.599976,52.90999984741211,73.16500091552734,3809.840087890625,13128.9501953125
2021-01-14,14550.0498046875,14617.7998046875,14471.5,14595.599609375,620200,23.030000686645508,1850.300049,53.56999969482422,73.1698989868164,3795.5400390625,13112.6396484375
2021-01-15,14594.349609375,14617.4501953125,14357.849609375,14433.7001953125,789600,24.01000022888184,1829.300049,52.36000061035156,73.08760070800781,3768.25,12998.5
2021-01-19,14371.650390625,14546.0498046875,14350.849609375,14521.150390625,546100,22.899999618530277,1839.5,52.97999954223633,73.1886978149414,3798.909912109375,13197.1796875
2021-01-20,14538.2998046875,14666.4501953125,14517.5498046875,14644.7001953125,623100,21.549999237060547,1865.900024,53.2400016784668,73.19190216064453,3851.85009765625,13457.25
2021-01-21,14730.9501953125,14753.5498046875,14517.25,14590.349609375,704600,22.18000030517578,1865.300049,53.130001068115234,72.91089630126953,3853.070068359375,13530.91015625
2021-01-25,14477.7998046875,14491.099609375,14218.599609375,14238.900390625,618600,23.25,1854.900024,52.77000045776367,72.99590301513672,3855.360107421875,13635.990234375
2021-01-27,14237.9501953125,14237.9501953125,13929.2998046875,13967.5,660700,24.38999938964844,1844.900024,52.84999847412109,72.91999816894531,3750.77001953125,13270.599609375
2021-01-28,13810.400390625,13898.25,13713.25,13817.5498046875,637900,24.290000915527344,1837.900024,52.34000015258789,73.03710174560547,3787.3798828125,13337.16015625
2021-01-29,13946.599609375,13966.849609375,13596.75,13634.599609375,753200,25.34000015258789,1847.300049,52.20000076293945,72.93879699707031,3714.239990234375,13070.6904296875
2021-02-02,14481.099609375,14731.7001953125,14469.150390625,14647.849609375,915000,23.350000381469727,1830.5,54.7599983215332,73.11979675292969,3826.31005859375,13612.7802734375
2021-02-03,14865.2998046875,14959.099609375,14760.7998046875,14919.099609375,621700,23.61000061035156,1832.199951,59.75,73.30940246582031,3870.2900390625,13358.7900390625
2021-02-08,15874.900390625,15892.900390625,15834.650390625,15885.150390625,244800,12.8100004196167,1831.900024,71.26000213623047,74.37909698486328,4387.16015625,14681.0703125
2021-02-09,17095.400390625,17245.5,17059.69921875,17234.150390625,242400,14.239999771118164,1835.300049,69.98999786376953,72.98509979248047,4536.9501953125,15331.1796875
2021-02-11,17970.900390625,18012.25,17847.599609375,17888.94921875,296400,17.059999465942383,1824.900024,83.91000366210938,74.82990264892578,4630.64990234375,15649.599609375
2021-02-12,17183.19921875,17420.349609375,17149.30078125,17401.650390625,279900,18.09000015258789,1821.599976,66.5,75.01789855957031,4577.10009765625,15381.3203125
2021-02-16,15371.4501953125,15431.75,15242.2001953125,15313.4501953125,648500,21.780000686645508,1797.199951,60.04999923706055,72.63870239257812,3932.590087890625,14047.5
2021-02-18,15238.7001953125,15250.75,15078.0498046875,15118.9501953125,770600,21.540000915527344,1773.400024,60.52000045776367,72.79730224609375,3913.969970703125,13865.3603515625
2021-02-19,15074.7998046875,15144.0498046875,14898.2001953125,14981.75,712200,22.25,1775.800049,59.2400016784668,72.60540008544922,3906.7099609375,13874.4599609375
2021-02-22,14999.0498046875,15010.099609375,14635.0498046875,14675.7001953125,609900,25.46999931335449,1806.699951,61.4900016784668,72.5530014038086,3876.5,13533.0498046875
2021-02-23,14782.25,14854.5,14651.849609375,14707.7998046875,744100,25.229999542236328,1804.400024,61.66999816894531,72.44400024414062,3881.3701171875,13465.2001953125
2021-02-24,14729.150390625,15008.7998046875,14504.5,14982.0,403800,24.170000076293945,1796.400024,63.220001220703125,72.37699890136719,3925.429931640625,13597.9697265625
2021-02-25,15079.849609375,15176.5,15065.349609375,15097.349609375,803900,22.88999938964844,1774.400024,63.52999877929688,72.4000015258789,3829.340087890625,13119.4296875
2021-02-26,14888.599609375,14919.4501953125,14467.75,14529.150390625,1103600,28.13999938964844,1728.099976,61.5,73.1509017944336,3811.14990234375,13192.349609375
2021-03-02,14754.900390625,14868.849609375,14574.150390625,14789.9501953125,869500,23.75,1733.099976,55.68999862670898,72.91629791259766,3830.169921875,13610.5400390625
2021-03-03,15064.400390625,15273.150390625,14995.7998046875,15245.599609375,544200,22.09000015258789,1715.300049,61.27999877929688,73.27749633789062,3819.719970703125,12997.75
2021-03-05,14481.0498046875,14673.849609375,14416.25,14634.150390625,448900,23.690000534057617,1698.0,64.48999786376953,74.09480285644531,4192.66015625,13895.1201171875
2021-03-08,15951.5498046875,16146.900390625,15914.349609375,16130.75,341300,13.75,1677.699951,70.55999755859375,74.33200073242188,4423.14990234375,14761.2900390625
2021-03-09,17262.44921875,17340.099609375,17212.19921875,17323.599609375,261400,14.539999961853027,1716.599976,69.29000091552734,73.0542984008789,4535.43017578125,15363.51953125
2021-03-11,17947.94921875,17988.75,17757.94921875,17829.19921875,331000,16.1299991607666,1722.300049,80.86000061035156,74.71199798583984,4660.56982421875,15811.580078125
2021-03-12,17424.900390625,17489.80078125,17180.80078125,17196.69921875,292500,18.450000762939453,1719.5,66.26000213623047,74.9834976196289,4538.43017578125,15085.4697265625
2021-03-15,15048.400390625,15048.400390625,14745.849609375,14929.5,467500,21.229999542236328,1728.900024,65.38999938964844,72.68299865722656,3968.93994140625,13459.7099609375
2021-03-16,14996.099609375,15051.599609375,14890.650390625,14910.4501953125,100,20.190000534057617,1730.599976,64.80000305175781,72.51529693603516,3962.7099609375,13471.5703125
2021-03-17,14946.5498046875,14956.5498046875,14696.0498046875,14721.2998046875,100,20.15999984741211,1726.800049,64.5999984741211,72.5156021118164,3974.1201171875,13525.2001953125
2021-03-18,14855.5,14875.2001953125,14478.599609375,14557.849609375,542200,20.07999992370605,1732.199951,60.0,72.29560089111328,3915.4599609375,13116.169921875
2021-03-19,14471.150390625,14788.25,14350.099609375,14744.0,919200,19.989999771118164,1741.400024,61.41999816894531,72.6688003540039,3913.10009765625,13215.240234375
2021-03-22,14736.2998046875,14763.900390625,14597.849609375,14736.400390625,459000,20.489999771118164,1737.800049,61.54999923706055,72.40499877929688,3940.590087890625,13377.5400390625
2021-03-23,14768.5498046875,14878.599609375,14707.0,14814.75,474200,20.670000076293945,1724.699951,57.7599983215332,72.38050079345703,3910.52001953125,13227.7001953125
2021-03-24,14712.4501953125,14752.349609375,14535.0,14549.400390625,456400,22.459999084472656,1732.900024,61.18000030517578,72.61219787597656,3889.139892578125,12961.8896484375
2021-03-25,14570.900390625,14575.599609375,14264.400390625,14324.900390625,606800,22.700000762939453,1724.900024,58.560001373291016,72.64559936523438,3909.52001953125,12977.6796875
2021-03-26,14506.2998046875,14572.900390625,14414.25,14507.2998046875,481000,20.649999618530277,1732.199951,60.970001220703125,72.61280059814453,3974.5400390625,13138.73046875
2021-03-30,14628.5,14876.2998046875,14617.599609375,14845.099609375,594500,20.489999771118164,1683.900024,60.54999923706055,72.74189758300781,3958.550048828125,13045.3896484375
2021-03-31,14811.849609375,14813.75,14670.25,14690.7001953125,463900,20.649999618530277,1713.800049,59.15999984741211,73.44529724121094,3972.889892578125,13246.8701171875
2021-04-01,14104.349609375,14147.9501953125,13953.75,14132.900390625,495000,20.030000686645508,1726.5,47.619998931884766,73.09200286865234,3700.64990234375,12698.4501953125
2021-04-05,14687.25,14723.400390625,14461.5,14496.5,503400,23.01000022888184,1727.0,65.69000244140625,73.8375015258789,4164.66015625,13633.5
2021-04-06,15712.5,15733.599609375,15622.349609375,15670.25,414200,15.9399995803833,1741.5,69.62000274658203,73.04419708251953,4229.89013671875,13814.490234375
2021-04-08,16195.25,16290.2001953125,16176.150390625,16258.7998046875,427300,13.210000038146973,1756.800049,68.1500015258789,74.21440124511719,4402.66015625,14780.5302734375
2021-04-13,14364.900390625,14528.900390625,14274.900390625,14504.7998046875,605100,20.459999084472656,1746.199951,60.18000030517578,74.99099731445312,4141.58984375,13996.099609375
2021-04-15,14522.400390625,14597.5498046875,14353.2001953125,14581.4501953125,568000,20.88999938964844,1765.400024,63.459999084472656,75.0261001586914,4170.419921875,14038.759765625
2021-04-16,14599.599609375,14697.7001953125,14559.0,14617.849609375,577200,20.399999618530277,1779.0,63.130001068115234,74.72740173339844,4185.47021484375,14052.33984375
2021-04-19,14306.599609375,14382.2998046875,14191.400390625,14359.4501953125,512300,22.489999771118164,1769.400024,63.380001068115234,74.56320190429688,4163.259765625,13914.76953125
2021-04-20,14526.7001953125,14526.9501953125,14207.2998046875,14296.400390625,467400,22.43000030517578,1777.300049,62.43999862670898,74.8781967163086,4134.93994140625,13786.26953125
2021-04-22,14219.150390625,14424.75,14151.400390625,14406.150390625,524600,23.030000686645508,1781.199951,61.43000030517578,75.42949676513672,4134.97998046875,13818.41015625
2021-04-23,14326.349609375,14461.150390625,14273.2998046875,14341.349609375,498100,22.690000534057617,1777.0,62.13999938964844,75.0916976928711,4180.169921875,14016.8095703125
2021-04-26,14449.4501953125,14557.5,14421.2998046875,14485.0,452700,23.5,1779.199951,61.90999984741211,74.86810302734375,4187.6201171875,14138.7802734375
2021-04-27,14493.7998046875,14667.5498046875,14484.849609375,14653.0498046875,451800,23.07999992370605,1778.0,62.93999862670898,74.81490325927734,4186.72021484375,14090.2197265625
2021-04-28,14710.5,14890.25,14694.9501953125,14864.5498046875,457000,22.57999992370605,1773.199951,63.86000061035156,74.57499694824219,4183.18017578125,14051.0302734375
2021-04-29,14979.0,15044.349609375,14814.4501953125,14894.900390625,517500,23.309999465942383,1768.099976,65.01000213623047,74.31179809570312,4211.47021484375,14082.5498046875
2021-04-30,14747.349609375,14855.4501953125,14601.7001953125,14631.099609375,613900,23.030000686645508,1767.300049,63.58000183105469,74.10579681396484,4181.169921875,13962.6796875
2021-05-03,14977.9501953125,15092.349609375,14862.099609375,14938.099609375,640700,25.559999465942383,1791.400024,66.08999633789062,73.13179779052734,3841.93994140625,12920.150390625
2021-05-04,14837.7001953125,14849.849609375,14459.5,14637.7998046875,509700,21.21999931335449,1775.800049,58.650001525878906,73.3759994506836,4077.909912109375,13705.58984375
2021-05-10,17661.349609375,17833.44921875,17640.900390625,17822.30078125,427000,16.399999618530273,1837.5,78.93000030517578,74.57279968261719,4345.72021484375,14433.830078125
2021-05-14,14749.400390625,14749.650390625,14591.900390625,14677.7998046875,620700,20.270000457763672,1837.900024,65.37000274658203,73.44490051269531,4173.85009765625,13429.98046875
2021-05-17,14756.25,14938.0,14725.349609375,14923.150390625,546400,19.61000061035156,1867.5,66.2699966430664,73.27890014648438,4163.2900390625,13379.0498046875
2021-05-18,15067.2001953125,15137.25,15043.7001953125,15108.099609375,583900,19.239999771118164,1867.800049,65.48999786376953,73.26969909667969,4127.830078125,13303.6396484375
2021-05-19,15058.599609375,15133.400390625,15008.849609375,15030.150390625,569100,19.31999969482422,1881.300049,63.36000061035156,73.1281967163086,4115.68017578125,13299.740234375
2021-05-21,14987.7998046875,15190.0,14985.849609375,15175.2998046875,572900,19.07999992370605,1876.699951,63.58000183105469,73.02189636230469,4155.85986328125,13470.990234375
2021-05-24,15211.349609375,15256.25,15145.4501953125,15197.7001953125,579800,19.1299991607666,1884.599976,66.05000305175781,72.90979766845703,4197.0498046875,13661.169921875
2021-05-26,15257.0498046875,15319.900390625,15194.9501953125,15301.4501953125,384000,20.8700008392334,1901.300049,66.20999908447266,72.80490112304688,4195.990234375,13738.0
2021-05-27,15323.9501953125,15384.5498046875,15272.5,15337.849609375,0,19.90999984741211,1895.699951,66.8499984741211,72.67250061035156,4200.8798828125,13736.2802734375
2021-05-28,15421.2001953125,15469.650390625,15394.75,15435.650390625,468100,17.399999618530273,1902.5,66.31999969482422,72.68299865722656,4204.10986328125,13748.740234375
2021-06-01,14240.9501953125,14244.150390625,14039.900390625,14146.25,632300,21.0,1902.900024,50.630001068115234,73.37480163574219,3748.139892578125,12740.7900390625
2021-06-04,14737.0,14779.099609375,14573.900390625,14683.5,475300,20.84000015258789,1889.800049,59.33000183105469,73.27950286865234,4073.93994140625,13698.3798828125
2021-06-07,15813.75,15914.2001953125,15801.0,15818.25,391400,12.279999732971191,1896.800049,73.37000274658203,74.31780242919922,4343.5400390625,14663.6396484375
2021-06-08,16304.400390625,16336.75,16223.2998046875,16238.2001953125,320100,12.609999656677246,1892.199951,68.27999877929688,74.08200073242188,4436.52001953125,14835.759765625
2021-06-10,17861.5,17884.599609375,17613.150390625,17646.0,395800,17.329999923706055,1894.199951,77.43000030517578,74.56320190429688,4363.5498046875,14501.91015625
2021-06-14,15791.400390625,15823.0498046875,15606.5,15811.849609375,392900,14.720000267028809,1864.0,70.87999725341797,73.23159790039062,4255.14990234375,14174.1396484375
2021-06-15,15866.9501953125,15901.599609375,15842.400390625,15869.25,323300,14.609999656677246,1854.5,72.12000274658203,73.18080139160156,4246.58984375,14072.8603515625
2021-06-16,15847.5,15880.849609375,15742.599609375,15767.5498046875,340200,14.869999885559082,1859.5,72.1500015258789,73.3447036743164,4223.7001953125,14039.6796875
2021-06-17,15648.2998046875,15769.349609375,15616.75,15691.400390625,357600,15.289999961853027,1773.800049,71.04000091552734,73.8240966796875,4221.85986328125,14161.349609375
2021-06-18,15756.5,15761.5,15450.900390625,15683.349609375,640800,14.800000190734863,1767.900024,71.63999938964844,74.25389862060547,4166.4501953125,14030.3798828125
2021-06-21,15525.849609375,15765.150390625,15505.650390625,15746.5,351500,15.0600004196167,1781.800049,73.66000366210938,74.1438980102539,4224.7900390625,14141.48046875
2021-06-22,15840.5,15895.75,15752.099609375,15772.75,322200,14.739999771118164,1776.300049,73.05999755859375,74.13520050048828,4246.43994140625,14253.26953125
2021-06-23,15862.7998046875,15862.9501953125,15673.9501953125,15686.9501953125,287500,15.369999885559082,1782.300049,73.08000183105469,74.33219909667969,4241.83984375,14271.73046875
2021-06-24,15737.2998046875,15821.400390625,15702.7001953125,15790.4501953125,316700,15.100000381469728,1775.599976,73.30000305175781,74.24690246582031,4266.490234375,14369.7099609375
2021-06-25,15839.349609375,15870.7998046875,15772.2998046875,15860.349609375,314600,13.369999885559082,1776.599976,74.05000305175781,74.19029998779297,4280.7001953125,14360.3896484375
2021-06-28,15915.349609375,15915.650390625,15792.150390625,15814.7001953125,255100,13.399999618530272,1779.599976,72.91000366210938,74.21299743652344,4290.60986328125,14500.509765625
2021-06-29,15807.5,15835.900390625,15724.0498046875,15748.4501953125,360300,13.0,1762.800049,72.9800033569336,74.285400390625,4291.7998046875,14528.330078125
2021-06-30,15776.900390625,15839.099609375,15708.75,15721.5,262400,13.050000190734863,1770.800049,73.47000122070312,74.28759765625,4297.5,14503.9501953125
2021-07-01,14253.75,14256.25,14123.099609375,14137.349609375,559200,20.6200008392334,1775.900024,50.83000183105469,73.36000061035156,3803.7900390625,13067.48046875
2021-07-06,15725.099609375,15773.4501953125,15678.099609375,15751.650390625,394000,15.56999969482422,1793.5,69.2300033569336,72.90969848632812,4226.52001953125,13881.7197265625
2021-07-07,15819.599609375,15893.5498046875,15779.7001953125,15879.650390625,329300,12.210000038146973,1801.5,72.19999694824219,74.76290130615234,4358.1298828125,14665.0595703125
2021-07-09,17401.55078125,17436.5,17287.0,17362.099609375,243400,14.899999618530272,1810.0,68.3499984741211,73.11000061035156,4520.02978515625,15374.330078125
2021-07-12,17044.099609375,17251.650390625,16987.75,17176.69921875,254100,18.459999084472656,1805.5,72.05000305175781,75.39129638671875,4686.75,15686.919921875
2021-07-13,15794.0,15820.7998046875,15744.599609375,15812.349609375,246700,12.619999885559082,1809.400024,75.25,74.54170227050781,4369.2099609375,14677.650390625
2021-07-14,15808.7001953125,15877.349609375,15764.2001953125,15853.9501953125,0,12.59000015258789,1824.300049,73.12999725341797,74.65910339355469,4374.2998046875,14644.9501953125
2021-07-15,15872.150390625,15952.349609375,15855.0,15924.2001953125,284900,12.270000457763672,1828.400024,71.6500015258789,74.46910095214844,4360.02978515625,14543.1298828125
2021-07-16,15958.349609375,15962.25,15882.599609375,15923.400390625,276300,11.710000038146973,1814.5,71.80999755859375,74.53700256347656,4327.16015625,14427.240234375
2021-07-19,15754.5,15836.900390625,15707.5,15752.400390625,242100,12.68000030517578,1808.699951,66.41999816894531,74.63179779052734,4258.490234375,14274.98046875
2021-07-20,15703.9501953125,15728.4501953125,15578.5498046875,15632.099609375,274300,13.210000038146973,1810.900024,67.41999816894531,74.99340057373047,4323.06005859375,14498.8798828125
2021-07-22,15736.599609375,15834.7998046875,15726.400390625,15824.0498046875,265300,11.890000343322754,1805.0,71.91000366210938,74.44020080566406,4367.47998046875,14684.599609375
2021-07-23,15856.7998046875,15899.7998046875,15768.400390625,15856.0498046875,294100,11.760000228881836,1801.400024,72.06999969482422,74.4520034790039,4411.7900390625,14836.990234375
2021-07-26,15849.2998046875,15893.349609375,15797.0,15824.4501953125,267100,12.449999809265137,1798.699951,71.91000366210938,74.44889831542969,4422.2998046875,14840.7099609375
2021-07-27,15860.5,15881.5498046875,15701.0,15746.4501953125,311000,13.229999542236328,1799.5,71.6500015258789,74.28949737548828,4401.4599609375,14660.580078125
2021-07-28,15761.5498046875,15767.5,15513.4501953125,15709.400390625,318600,13.6899995803833,1799.5,72.38999938964844,74.5022964477539,4400.64013671875,14762.580078125
2021-07-29,15762.7001953125,15817.349609375,15737.7998046875,15778.4501953125,401600,12.949999809265137,1831.199951,73.62000274658203,74.38999938964844,4419.14990234375,14778.259765625
2021-07-30,15800.599609375,15862.7998046875,15744.849609375,15763.0498046875,400000,12.800000190734863,1812.599976,73.94999694824219,74.25199890136719,4395.259765625,14672.6796875
2021-08-02,15064.2998046875,15159.900390625,15041.0498046875,15115.7998046875,671200,23.959999084472656,1818.099976,57.970001220703125,72.78479766845703,3915.590087890625,13987.6396484375
2021-08-03,15002.4501953125,15111.150390625,14919.900390625,14956.2001953125,0,24.68000030517578,1810.099976,65.05000305175781,73.1333999633789,3821.35009765625,12609.16015625
2021-08-04,14875.650390625,14984.150390625,14821.099609375,14873.7998046875,514800,20.309999465942383,1810.5,59.59999847412109,74.40149688720703,4097.169921875,13829.3095703125
2021-08-06,15773.900390625,15778.7998046875,15680.0,15740.099609375,378200,15.229999542236328,1760.0,70.05000305175781,72.80940246582031,4227.259765625,13924.91015625
2021-08-09,17375.75,17383.400390625,17254.19921875,17353.5,252700,14.40999984741211,1723.400024,69.30000305175781,73.3904037475586,4514.06982421875,15286.6396484375
2021-08-10,17886.849609375,17941.849609375,17840.349609375,17895.19921875,324100,15.649999618530272,1728.800049,79.3499984741211,74.83000183105469,4391.33984375,14579.5400390625
2021-08-11,18040.19921875,18087.80078125,17836.099609375,18068.55078125,338900,16.34000015258789,1750.400024,81.93000030517578,74.19110107421875,4701.7001953125,15982.3603515625
2021-08-12,17315.25,17484.599609375,17308.94921875,17469.75,257800,17.270000457763672,1749.0,72.36000061035156,75.40859985351562,4701.2099609375,15786.990234375
2021-08-13,16385.69921875,16543.599609375,16376.2998046875,16529.099609375,321900,12.989999771118164,1775.199951,68.44000244140625,74.26010131835938,4468.0,14822.900390625
2021-08-16,16518.400390625,16589.400390625,16480.75,16563.05078125,254000,13.460000038146973,1786.900024,67.29000091552734,74.216796875,4479.7099609375,14793.759765625
2021-08-17,16545.25,16628.55078125,16495.400390625,16614.599609375,297400,13.40999984741211,1785.0,66.58999633789062,74.13500213623047,4448.080078125,14656.1796875
2021-08-18,16691.94921875,16701.849609375,16535.849609375,16568.849609375,251800,12.90999984741211,1781.599976,65.45999908447266,74.364501953125,4400.27001953125,14525.91015625
2021-08-20,16382.5,16509.55078125,16376.0498046875,16450.5,350800,14.020000457763672,1781.0,62.31999969482422,74.4292984008789,4441.669921875,14714.66015625
2021-08-23,16592.25,16592.5,16395.69921875,16496.44921875,275600,13.6899995803833,1803.199951,65.63999938964844,74.30149841308594,4479.52978515625,14942.650390625
2021-08-24,16561.400390625,16647.099609375,16495.30078125,16624.599609375,275400,13.1899995803833,1805.599976,67.54000091552734,74.10590362548828,4486.22998046875,15019.7998046875
2021-08-25,16654.0,16712.44921875,16617.5,16634.650390625,265900,13.5,1788.199951,68.36000061035156,74.1447982788086,4496.18994140625,15041.8603515625
2021-08-26,16627.94921875,16683.69921875,16603.400390625,16636.900390625,253500,13.539999961853027,1792.199951,67.41999816894531,74.0999984741211,4470.0,14945.8095703125
2021-08-27,16642.55078125,16722.05078125,16565.599609375,16705.19921875,217400,13.40999984741211,1816.599976,68.73999786376953,74.15599822998047,4509.3701171875,15129.5
2021-08-30,16775.849609375,16951.5,16764.849609375,16931.05078125,283500,13.31999969482422,1809.0,69.20999908447266,73.49659729003906,4528.7900390625,15265.8896484375
2021-08-31,16947.5,17153.5,16915.849609375,17132.19921875,464400,14.520000457763672,1815.0,68.5,73.41120147705078,4522.68017578125,15259.240234375
2021-09-02,15164.150390625,15257.099609375,15064.2998046875,15109.2998046875,713300,24.270000457763672,1808.699951,58.36000061035156,72.92990112304688,3911.22998046875,14007.7001953125
2021-09-03,15049.900390625,15126.849609375,14925.4501953125,15098.400390625,675300,22.5,1830.900024,64.01000213623047,73.33000183105469,3875.43994140625,13073.8203125
2021-09-07,15688.25,15730.849609375,15632.75,15689.7998046875,243200,12.9399995803833,1795.900024,74.55999755859375,74.72139739990234,4369.5498046875,14701.919921875
2021-09-08,16281.349609375,16320.75,16179.0498046875,16258.25,240500,12.609999656677246,1790.699951,66.4800033569336,74.49140167236328,4432.35009765625,14860.1796875
2021-09-09,17312.849609375,17379.650390625,17302.69921875,17369.25,241500,13.9399995803833,1797.400024,68.13999938964844,73.78900146484375,4493.27978515625,15248.25
2021-09-13,17363.55078125,17378.349609375,17269.150390625,17355.30078125,241100,14.029999732971191,1792.0,70.44999694824219,73.52429962158203,4468.72998046875,15105.580078125
2021-09-14,17420.349609375,17438.55078125,17367.05078125,17380.0,230400,13.579999923706056,1804.699951,70.45999908447266,73.54080200195312,4443.0498046875,15037.759765625
2021-09-15,17387.650390625,17532.69921875,17386.900390625,17519.44921875,388200,13.729999542236328,1792.400024,72.61000061035156,73.65080261230469,4480.7001953125,15161.5302734375
2021-09-16,17539.19921875,17644.599609375,17510.44921875,17629.5,503300,14.40999984741211,1754.599976,72.61000061035156,73.43800354003906,4473.75,15181.919921875
2021-09-17,17709.650390625,17792.94921875,17537.650390625,17585.150390625,508300,15.229999542236328,1749.400024,71.97000122070312,73.56490325927734,4432.990234375,15043.9697265625
2021-09-20,17443.849609375,17622.75,17361.80078125,17396.900390625,339100,17.489999771118164,1761.800049,70.29000091552734,73.69609832763672,4357.72998046875,14713.900390625
2021-09-21,17450.5,17578.349609375,17326.099609375,17562.0,363600,16.520000457763672,1776.0,70.55999755859375,73.65899658203125,4354.18994140625,14746.400390625
2021-09-22,17580.900390625,17610.44921875,17524.0,17546.650390625,295200,16.489999771118164,1776.699951,72.2300033569336,73.7927017211914,4395.64013671875,14896.849609375
2021-09-23,17670.849609375,17843.900390625,17646.55078125,17822.94921875,320500,16.600000381469727,1747.699951,73.30000305175781,73.8749008178711,4448.97998046875,15052.240234375
2021-09-24,17897.44921875,17947.650390625,17819.400390625,17853.19921875,360100,16.920000076293945,1749.699951,73.9800033569336,73.83999633789062,4455.47998046875,15047.7001953125
2021-09-27,17932.19921875,17943.5,17802.900390625,17855.099609375,295700,18.049999237060547,1750.0,75.44999694824219,73.81289672851562,4443.10986328125,14969.9697265625
2021-09-28,17906.44921875,17912.849609375,17576.099609375,17748.599609375,398000,18.540000915527344,1735.800049,75.29000091552734,73.82530212402344,4352.6298828125,14546.6796875
2021-09-29,17657.94921875,17781.75,17608.150390625,17711.30078125,562200,18.84000015258789,1721.5,74.83000183105469,74.16329956054688,4359.4599609375,14512.4404296875
2021-09-30,17718.900390625,17742.150390625,17585.349609375,17618.150390625,378600,18.399999618530277,1755.300049,75.02999877929688,74.3219985961914,4307.5400390625,14448.580078125
2021-10-05,14928.25,14966.900390625,14892.5,14942.349609375,522000,20.229999542236328,1759.599976,64.91999816894531,73.29029846191406,4188.43017578125,13401.8603515625
2021-10-06,15692.099609375,15751.25,15648.5,15737.75,298300,15.0,1760.5,70.29000091552734,72.98529815673828,4239.18017578125,14020.330078125
2021-10-08,16274.7998046875,16359.25,16202.25,16280.099609375,288000,12.710000038146973,1756.300049,68.29000091552734,74.46620178222656,4436.75,14788.08984375
2021-10-11,17973.44921875,18061.25,17915.0,18017.19921875,261400,16.309999465942383,1754.599976,81.33999633789062,74.17479705810547,4646.7099609375,15622.7099609375
2021-10-12,17476.05078125,17534.349609375,17405.25,17511.30078125,204500,16.059999465942383,1758.300049,71.66999816894531,75.59919738769531,4712.02001953125,15630.599609375
2021-10-13,18097.849609375,18197.80078125,18050.75,18161.75,506700,16.100000381469727,1793.699951,80.44000244140625,75.48390197753906,4363.7998046875,14571.6396484375
2021-10-14,18272.849609375,18350.75,18248.69921875,18338.55078125,538700,15.770000457763672,1796.699951,81.30999755859375,75.3062973022461,4438.259765625,14823.4296875
2021-10-18,18500.099609375,18543.150390625,18445.30078125,18477.05078125,469900,17.18000030517578,1764.800049,82.44000244140625,75.00589752197266,4486.4599609375,15021.8095703125
2021-10-19,18602.349609375,18604.44921875,18377.69921875,18418.75,368200,17.3799991607666,1769.699951,82.95999908447266,75.2354965209961,4519.6298828125,15129.08984375
2021-10-20,18439.900390625,18458.30078125,18209.349609375,18266.599609375,371300,18.309999465942383,1784.099976,83.87000274658203,75.12010192871094,4536.18994140625,15121.6796875
2021-10-21,18382.69921875,18384.19921875,18048.0,18178.099609375,365900,18.040000915527344,1781.199951,82.5,74.80919647216797,4549.77978515625,15215.7001953125
2021-10-22,18230.69921875,18314.25,18034.349609375,18114.900390625,324700,17.549999237060547,1795.5,83.76000213623047,74.86540222167969,4544.89990234375,15090.2001953125
2021-10-25,18229.5,18241.400390625,17968.5,18125.400390625,418700,17.610000610351562,1806.0,83.76000213623047,74.99369812011719,4566.47998046875,15226.7099609375
2021-10-26,18154.5,18310.44921875,18099.30078125,18268.400390625,341400,16.75,1792.699951,84.6500015258789,75.08989715576172,4574.7900390625,15235.7099609375
2021-10-27,18295.849609375,18342.05078125,18167.900390625,18210.94921875,335200,16.829999923706055,1797.900024,82.66000366210938,74.88890075683594,4551.68017578125,15235.83984375
2021-10-28,18187.650390625,18190.69921875,17799.44921875,17857.25,374200,17.90999984741211,1801.599976,82.80999755859375,75.05000305175781,4596.419921875,15448.1201171875
2021-10-29,17833.05078125,17915.849609375,17613.099609375,17671.650390625,336500,17.43000030517578,1783.0,83.56999969482422,74.79720306396484,4605.3798828125,15498.3896484375
2021-11-01,14474.0498046875,14498.2001953125,14383.099609375,14484.75,672900,22.3799991607666,1795.099976,52.25,73.37339782714844,3799.610107421875,13036.4296875
2021-11-02,15073.25,15188.5,15065.400390625,15173.2998046875,500100,23.049999237060547,1788.699951,58.2400016784668,72.80729675292969,3916.3798828125,14025.76953125
2021-11-08,16327.2998046875,16338.75,16162.5498046875,16282.25,277900,12.710000038146973,1827.400024,69.25,74.43550109863281,4442.41015625,14765.1396484375
2021-11-10,17867.55078125,18041.94921875,17839.099609375,17945.94921875,375800,16.09000015258789,1847.599976,80.5199966430664,75.30580139160156,4361.18994140625,14486.2001953125
2021-11-11,17967.44921875,17971.349609375,17798.19921875,17873.599609375,232100,16.350000381469727,1863.199951,81.58999633789062,74.40489959716797,4649.27001953125,15704.2802734375
2021-11-15,18140.94921875,18210.150390625,18071.30078125,18109.44921875,280400,15.470000267028809,1866.099976,80.87999725341797,74.33999633789062,4682.7998046875,15853.849609375
2021-11-16,18127.05078125,18132.650390625,17958.80078125,17999.19921875,267400,15.199999809265137,1853.599976,80.76000213623047,74.43509674072266,4700.89990234375,15973.8603515625
2021-11-17,17939.349609375,18022.650390625,17879.25,17898.650390625,295700,14.979999542236328,1869.699951,78.36000061035156,74.45860290527344,4688.669921875,15921.5703125
2021-11-18,17890.55078125,17945.599609375,17688.5,17764.80078125,278400,14.859999656677246,1861.0,79.01000213623047,74.25980377197266,4704.5400390625,15993.7099609375
2021-11-22,17796.25,17805.25,17280.44921875,17416.55078125,356400,17.520000457763672,1806.0,76.75,74.30259704589844,4682.93994140625,15854.759765625
2021-11-23,17281.75,17553.69921875,17216.099609375,17503.349609375,308800,18.020000457763672,1783.5,78.5,74.42980194091797,4690.7001953125,15775.1396484375
2021-11-24,17550.05078125,17600.599609375,17354.0,17415.05078125,298100,17.100000381469727,1784.099976,78.38999938964844,74.4469985961914,4701.4599609375,15845.23046875
2021-11-26,17338.75,17355.400390625,16985.69921875,17026.44921875,356300,20.799999237060547,1785.300049,68.1500015258789,74.50579833984375,4594.6201171875,15491.66015625
2021-11-29,17055.80078125,17160.69921875,16782.400390625,17053.94921875,348900,20.82999992370605,1782.300049,69.94999694824219,74.98159790039062,4655.27001953125,15782.830078125
2021-11-30,17051.150390625,17324.650390625,16931.400390625,16983.19921875,498000,21.170000076293945,1773.599976,66.18000030517578,75.05490112304688,4567.0,15537.6904296875
2021-12-01,14473.7998046875,14590.650390625,14432.849609375,14563.4501953125,929600,22.850000381469727,1781.599976,53.209999084472656,73.51349639892578,3801.18994140625,13072.4296875
2021-12-02,15186.2001953125,15243.5,15081.0,15163.2998046875,571800,22.040000915527344,1760.699951,59.470001220703125,72.70950317382812,3934.830078125,14095.4697265625
2021-12-03,15321.150390625,15336.2998046875,14953.599609375,15030.9501953125,493200,21.709999084472656,1782.0,65.61000061035156,72.63899993896484,3943.340087890625,13319.8603515625
2021-12-07,15766.7998046875,15789.2001953125,15644.75,15692.599609375,216300,12.989999771118164,1782.599976,74.0999984741211,74.4905014038086,4384.6298828125,14733.240234375
2021-12-08,16303.650390625,16375.5,16286.900390625,16364.400390625,280200,12.369999885559082,1783.400024,69.08999633789062,74.10299682617188,4460.830078125,14816.259765625
2021-12-10,17915.80078125,18008.650390625,17864.94921875,17991.94921875,355600,15.850000381469728,1782.900024,80.63999938964844,75.40260314941406,4350.64990234375,14465.919921875
2021-12-13,17619.099609375,17639.5,17355.94921875,17368.25,256600,16.56999969482422,1786.300049,71.29000091552734,75.70999908447266,4668.97021484375,15413.2802734375
2021-12-14,17283.19921875,17376.19921875,17225.80078125,17324.900390625,271000,16.950000762939453,1770.400024,70.7300033569336,75.82689666748047,4634.08984375,15237.6396484375
2021-12-15,17323.650390625,17351.19921875,17192.19921875,17221.400390625,215000,17.219999313354492,1762.599976,70.87000274658203,76.04720306396484,4709.85009765625,15565.580078125
2021-12-16,17373.0,17379.349609375,17184.94921875,17248.400390625,219500,15.899999618530272,1796.599976,72.37999725341797,76.2114028930664,4668.669921875,15180.4296875
2021-12-17,17276.0,17298.150390625,16966.44921875,16985.19921875,354600,16.34000015258789,1803.800049,70.86000061035156,76.1675033569336,4620.64013671875,15169.6796875
2021-12-20,16824.25,16840.099609375,16410.19921875,16614.19921875,330600,18.96999931335449,1793.699951,68.2300033569336,76.00599670410156,4568.02001953125,14980.9404296875
2021-12-21,16773.150390625,16936.400390625,16688.25,16770.849609375,241000,17.540000915527344,1787.900024,71.12000274658203,75.75869750976562,4649.22998046875,15341.08984375
2021-12-22,16865.55078125,16971.0,16819.5,16955.44921875,207900,16.579999923706055,1801.599976,72.76000213623047,75.6864013671875,4696.56005859375,15521.8896484375
2021-12-23,17066.80078125,17118.650390625,17015.55078125,17072.599609375,197000,15.829999923706056,1811.199951,73.79000091552734,75.45850372314453,4725.7900390625,15653.3701171875
2021-12-27,16937.75,17112.05078125,16833.19921875,17086.25,144800,17.1200008392334,1808.099976,75.56999969482422,75.31500244140625,4791.18994140625,15871.259765625
2021-12-28,17177.599609375,17250.25,17161.150390625,17233.25,176000,16.479999542236328,1810.199951,75.9800033569336,74.98030090332031,4786.35009765625,15781.7197265625
2021-12-29,17220.099609375,17285.94921875,17176.650390625,17213.599609375,161700,16.239999771118164,1805.099976,76.55999755859375,74.74500274658203,4793.06005859375,15766.2197265625
2021-12-30,17201.44921875,17264.05078125,17146.349609375,17203.94921875,320800,16.56999969482422,1812.699951,76.98999786376953,74.57029724121094,4778.72998046875,15741.5595703125
2021-12-31,17244.5,17400.80078125,17238.5,17354.05078125,167000,16.219999313354492,1827.5,75.20999908447266,74.43119812011719,4766.18017578125,15644.9697265625
2022-01-04,17436.900390625,17703.69921875,17422.69921875,17670.44921875,291800,18.43000030517578,1814.0,99.2699966430664,75.9092025756836,4545.85986328125,14261.5
2022-01-06,16594.400390625,16649.19921875,16438.849609375,16522.75,249600,20.850000381469727,1788.699951,115.26000213623048,77.5989990234375,4101.22998046875,11994.4599609375
2022-01-07,15703.7001953125,15793.9501953125,15511.0498046875,15752.0498046875,364100,21.25,1797.0,108.43000030517578,78.96299743652344,3825.330078125,11127.849609375
2022-01-11,18130.69921875,18175.80078125,18060.150390625,18145.400390625,349900,16.1299991607666,1818.599976,88.37000274658203,82.72899627685547,3856.10009765625,10890.849609375
2022-01-12,18871.94921875,18887.599609375,18778.19921875,18812.5,325000,13.359999656677246,1827.199951,81.22000122070312,81.3052978515625,4076.570068359375,11482.4501953125
2022-01-13,18257.0,18272.25,18163.80078125,18257.80078125,303700,16.700000762939453,1821.199951,82.12000274658203,73.79910278320312,4659.02978515625,14806.8095703125
2022-01-14,18185.0,18286.94921875,18119.650390625,18255.75,229500,16.559999465942383,1816.5,83.81999969482422,73.97229766845703,4662.85009765625,14893.75
2022-01-18,18337.19921875,18350.94921875,18085.900390625,18113.05078125,227500,17.780000686645508,1812.300049,85.43000030517578,74.25509643554688,4577.10986328125,14506.900390625
2022-01-19,18129.19921875,18129.19921875,17884.900390625,17938.400390625,276700,17.81999969482422,1843.099976,86.95999908447266,74.61969757080078,4532.759765625,14340.259765625
2022-01-20,17921.0,17943.69921875,17648.44921875,17757.0,258100,17.790000915527344,1842.5,86.9000015258789,74.44920349121094,4482.72998046875,14154.01953125
2022-01-21,17613.69921875,17707.599609375,17485.849609375,17617.150390625,277600,18.88999938964844,1831.800049,85.13999938964844,74.45220184326172,4397.93994140625,13768.919921875
2022-01-24,17575.150390625,17599.400390625,16997.849609375,17149.099609375,323800,22.82999992370605,1841.699951,83.30999755859375,74.41320037841797,4410.1298828125,13855.1298828125
2022-01-25,17001.55078125,17309.150390625,16836.80078125,17277.94921875,326500,21.36000061035156,1852.699951,85.5999984741211,74.6447982788086,4356.4501953125,13539.2900390625
2022-01-27,17062.0,17182.5,16866.75,17110.150390625,395600,21.06999969482422,1793.300049,86.61000061035156,74.8949966430664,4326.509765625,13352.7802734375
2022-01-28,17208.30078125,17373.5,17077.099609375,17101.94921875,355300,20.700000762939453,1784.900024,86.81999969482422,75.20929718017578,4431.85009765625,13770.5703125
2022-01-31,17301.05078125,17410.0,17264.150390625,17339.849609375,321700,21.950000762939453,1795.0,88.1500015258789,75.03900146484375,4515.5498046875,14239.8798828125
2022-02-02,17706.19921875,17794.599609375,17674.80078125,17780.0,271200,18.649999618530277,1809.199951,88.26000213623047,74.74549865722656,4589.3798828125,14417.5498046875
2022-02-03,16593.099609375,16678.5,16478.650390625,16605.94921875,517700,29.229999542236328,1803.0,110.5999984741211,75.80120086669922,4386.5400390625,13752.01953125
2022-02-08,17310.150390625,17390.150390625,17215.849609375,17345.44921875,333600,18.530000686645508,1826.599976,94.41999816894533,78.95570373535156,4091.18994140625,12348.759765625
2022-02-09,17598.400390625,17643.849609375,17476.44921875,17539.44921875,256300,19.549999237060547,1835.199951,86.87000274658203,79.716796875,3924.260009765625,11630.8603515625
2022-02-11,18177.900390625,18178.75,18048.650390625,18082.849609375,270900,16.65999984741211,1840.800049,90.0,82.68450164794922,3759.68994140625,10524.7998046875
2022-02-14,17076.150390625,17099.5,16809.650390625,16842.80078125,305500,22.979999542236328,1868.0,95.45999908447266,75.34100341796875,4401.669921875,13790.919921875
2022-02-15,16933.25,17375.0,16839.25,17352.44921875,298700,20.61000061035156,1854.800049,92.06999969482422,75.6854019165039,4471.06982421875,14139.759765625
2022-02-16,17408.44921875,17490.599609375,17257.69921875,17322.19921875,244500,20.59000015258789,1870.199951,93.66000366210938,75.17479705810547,4475.009765625,14124.08984375
2022-02-17,17396.55078125,17442.900390625,17235.849609375,17304.599609375,232100,22.01000022888184,1900.699951,91.76000213623048,75.04199981689453,4380.259765625,13716.7197265625
2022-02-18,17236.05078125,17380.80078125,17219.19921875,17276.30078125,189600,22.170000076293945,1898.599976,91.06999969482422,75.06300354003906,4348.8701171875,13548.0703125
2022-02-22,16847.94921875,17148.55078125,16843.80078125,17092.19921875,300100,26.65999984741211,1906.099976,92.3499984741211,74.51699829101562,4304.759765625,13381.51953125
2022-02-23,17194.5,17220.69921875,17027.849609375,17063.25,200200,24.540000915527344,1909.199951,92.0999984741211,74.62300109863281,4225.5,13037.490234375
2022-02-24,16548.900390625,16705.25,16203.25,16247.9501953125,458000,31.979999542236328,1925.099976,92.80999755859376,74.63300323486328,4288.7001953125,13473.58984375
2022-02-25,16515.650390625,16748.80078125,16478.30078125,16658.400390625,329800,26.739999771118164,1886.5,91.58999633789062,75.4083023071289,4384.64990234375,13694.6201171875
2022-02-28,16481.599609375,16815.900390625,16356.2998046875,16793.900390625,404200,28.56999969482422,1899.400024,95.72000122070312,75.06800079345703,4373.93994140625,13751.400390625
2022-03-01,17387.150390625,17646.650390625,17383.30078125,17625.69921875,200500,16.450000762939453,1942.400024,76.08000183105469,74.51380157470703,4796.56005859375,15832.7998046875
2022-03-02,17767.75,17781.150390625,17511.150390625,17560.19921875,226600,19.15999984741211,1920.900024,90.2699966430664,74.82240295410156,4477.43994140625,13878.8203125
2022-03-03,16723.19921875,16768.94921875,16442.94921875,16498.05078125,442100,28.15999984741211,1934.400024,107.66999816894533,75.63099670410156,4363.490234375,13537.9404296875
2022-03-08,17349.25,17407.5,17225.849609375,17388.150390625,285400,18.450000762939453,2040.099976,90.66000366210938,78.60449981689453,4155.169921875,12668.16015625
2022-03-10,17102.099609375,17114.650390625,16855.55078125,16887.349609375,278400,21.3700008392334,1998.099976,83.62999725341797,81.52130126953125,3678.429931640625,10815.4296875
2022-03-11,17968.349609375,18106.30078125,17959.19921875,18052.69921875,213000,15.9399995803833,1982.699951,88.16999816894531,82.88839721679688,3719.889892578125,10342.9404296875
2022-03-14,16633.69921875,16887.94921875,16606.5,16871.30078125,314700,25.68000030517578,1959.599976,103.01000213623048,76.75370025634766,4173.10986328125,12581.2197265625
2022-03-15,16900.650390625,16927.75,16555.0,16663.0,381600,26.729999542236328,1928.5,96.44000244140624,76.49009704589844,4262.4501953125,12948.6201171875
2022-03-16,16876.650390625,16987.900390625,16837.849609375,16975.349609375,260000,24.1200008392334,1908.0,95.04000091552734,76.26589965820312,4357.85986328125,13436.5498046875
2022-03-17,17202.900390625,17344.599609375,17175.75,17287.05078125,448300,22.61000061035156,1942.099976,102.9800033569336,76.02420043945312,4411.669921875,13614.7802734375
2022-03-21,17329.5,17353.349609375,17096.400390625,17117.599609375,285500,24.6200008392334,1928.599976,112.12000274658205,75.94640350341797,4461.18017578125,13838.4599609375
2022-03-22,17120.400390625,17334.400390625,17006.30078125,17315.5,338300,24.06999969482422,1920.699951,111.76000213623048,76.30709838867188,4511.60986328125,14108.8203125
2022-03-23,17405.05078125,17442.400390625,17199.599609375,17245.650390625,292100,24.75,1936.599976,114.93000030517578,76.10189819335938,4456.240234375,13922.599609375
2022-03-24,17094.94921875,17291.75,17091.150390625,17222.75,290300,23.93000030517578,1961.599976,112.33999633789062,76.55239868164062,4520.16015625,14191.83984375
2022-03-25,17289.0,17294.900390625,17076.55078125,17153.0,237100,23.43000030517578,1953.800049,113.9000015258789,76.32350158691406,4543.06005859375,14169.2998046875
2022-03-28,17181.849609375,17235.099609375,17003.900390625,17222.0,253200,22.61000061035156,1939.599976,105.95999908447266,76.27850341796875,4575.52001953125,14354.900390625
2022-03-29,17297.19921875,17343.650390625,17235.69921875,17325.30078125,235100,21.299999237060547,1912.0,104.23999786376952,76.03410339355469,4631.60009765625,14619.6396484375
2022-03-30,17468.150390625,17522.5,17387.19921875,17498.25,505000,20.61000061035156,1933.5,107.81999969482422,75.66670227050781,4602.4501953125,14442.26953125
2022-03-31,17519.19921875,17559.80078125,17435.19921875,17464.75,281100,20.559999465942383,1949.199951,100.27999877929688,75.82779693603516,4530.41015625,14220.51953125
2022-04-01,17681.400390625,17827.599609375,17593.55078125,17805.25,247400,16.1200008392334,1919.099976,76.98999786376953,74.4032974243164,4793.5400390625,15622.7197265625
2022-04-04,17809.099609375,18114.650390625,17791.400390625,18053.400390625,345500,17.90999984741211,1929.199951,103.27999877929688,75.99479675292969,4582.64013671875,14532.5498046875
2022-04-05,17096.599609375,17132.849609375,16623.94921875,16677.599609375,310600,21.8799991607666,1922.900024,107.80999755859376,76.46730041503906,4300.169921875,12964.8603515625
2022-04-08,17463.099609375,17490.69921875,17161.25,17382.0,325000,19.26000022888184,1941.599976,88.54000091552734,79.11830139160156,4151.93994140625,12720.580078125
2022-04-11,18053.400390625,18135.099609375,18017.150390625,18117.150390625,267900,15.65999984741211,1944.300049,92.61000061035156,82.68180084228516,3770.550048828125,10475.25
2022-04-13,17599.900390625,17663.650390625,17457.400390625,17475.650390625,245100,17.790000915527344,1981.0,104.25,76.1498031616211,4446.58984375,13643.58984375
2022-04-18,17183.44921875,17237.75,17067.849609375,17173.650390625,376100,19.34000015258789,1982.900024,108.20999908447266,76.3313980102539,4391.68994140625,13332.3603515625
2022-04-19,17258.94921875,17275.650390625,16824.69921875,16958.650390625,401400,19.770000457763672,1955.699951,102.55999755859376,76.28019714355469,4462.2099609375,13619.66015625
2022-04-20,17045.25,17186.900390625,16978.94921875,17136.55078125,286100,18.670000076293945,1952.300049,102.75,76.44539642333984,4459.4501953125,13453.0703125
2022-04-21,17234.599609375,17414.69921875,17215.5,17392.599609375,285200,17.850000381469727,1944.900024,103.79000091552734,76.27619934082031,4393.66015625,13174.650390625
2022-04-22,17242.75,17315.30078125,17149.19921875,17171.94921875,262700,18.350000381469727,1931.0,102.06999969482422,76.28520202636719,4271.77978515625,12839.2900390625
2022-04-25,17009.05078125,17054.30078125,16888.69921875,16953.94921875,275700,21.26000022888184,1893.199951,98.54000091552734,76.4635009765625,4296.1201171875,13004.849609375
2022-04-26,17121.30078125,17223.849609375,17064.44921875,17200.80078125,261100,19.190000534057617,1901.400024,101.6999969482422,76.52780151367188,4175.2001953125,12490.740234375
2022-04-27,17073.349609375,17110.69921875,16958.44921875,17038.400390625,265100,20.61000061035156,1885.900024,102.0199966430664,76.79409790039062,4183.9599609375,12488.9296875
2022-04-28,17189.5,17322.5,17071.05078125,17245.05078125,312900,19.3799991607666,1888.699951,105.36000061035156,76.47219848632812,4287.5,12871.5302734375
2022-04-29,17329.25,17377.650390625,17053.25,17102.55078125,336200,19.420000076293945,1909.300049,104.69000244140624,76.58899688720703,4131.93017578125,12334.6396484375
2022-05-04,18080.599609375,18095.44921875,17921.55078125,17957.400390625,283500,18.489999771118164,1867.0,101.95999908447266,75.47799682617188,4525.1201171875,14204.169921875
2022-05-05,16854.75,16945.69921875,16651.849609375,16682.650390625,265800,20.290000915527344,1874.0,108.26000213623048,76.00160217285156,4146.8701171875,12317.6904296875
2022-05-12,18719.55078125,18728.599609375,18591.349609375,18701.05078125,288400,13.729999542236328,1823.800049,76.93000030517578,81.42250061035156,3998.840087890625,11239.9404296875
2022-05-13,15977.0,16083.599609375,15740.849609375,15782.150390625,369100,23.489999771118164,1807.400024,110.48999786376952,77.44380187988281,4023.889892578125,11805.0
2022-05-16,15845.099609375,15977.9501953125,15739.650390625,15842.2998046875,217600,24.530000686645508,1813.5,114.1999969482422,77.48629760742188,4008.010009765625,11662.7900390625
2022-05-17,15912.599609375,16284.25,15900.7998046875,16259.2998046875,295700,22.739999771118164,1818.199951,112.4000015258789,77.8053970336914,4088.85009765625,11984.51953125
2022-05-18,16318.150390625,16399.80078125,16211.2001953125,16240.2998046875,290400,22.299999237060547,1815.900024,109.58999633789062,77.37239837646484,3923.679931640625,11418.150390625
2022-05-19,15917.400390625,15984.75,15775.2001953125,15809.400390625,313900,24.559999465942383,1841.199951,112.20999908447266,77.81999969482422,3900.7900390625,11388.5
2022-05-20,16043.7998046875,16283.0498046875,16003.849609375,16266.150390625,252400,23.100000381469727,1841.800049,113.2300033569336,77.42109680175781,3901.360107421875,11354.6201171875
2022-05-23,16290.9501953125,16414.69921875,16185.75,16214.7001953125,293800,23.399999618530277,1847.800049,110.29000091552734,77.81839752197266,3973.75,11535.26953125
2022-05-24,16225.5498046875,16262.7998046875,16078.599609375,16125.150390625,249800,25.63999938964844,1865.099976,109.7699966430664,77.52680206298828,3941.47998046875,11264.4501953125
2022-05-25,16196.349609375,16223.349609375,16006.9501953125,16025.7998046875,243300,25.280000686645508,1846.199951,110.33000183105467,77.47879791259766,3978.72998046875,11434.740234375
2022-05-26,16105.0,16204.4501953125,15903.7001953125,16170.150390625,314300,22.71999931335449,1847.400024,114.08999633789062,77.49729919433594,4057.840087890625,11740.650390625
2022-05-27,16296.599609375,16370.599609375,16221.9501953125,16352.4501953125,274100,21.479999542236328,1851.300049,115.06999969482422,77.63020324707031,4158.240234375,12131.1298828125
2022-05-31,16578.44921875,16690.75,16521.900390625,16584.55078125,651600,20.479999542236328,1842.699951,114.66999816894533,77.5208969116211,4132.14990234375,12081.3896484375
2022-06-01,17768.5,17797.94921875,17655.55078125,17745.900390625,236500,17.979999542236328,1843.300049,79.45999908447266,74.43009948730469,4696.0498046875,15080.8603515625
2022-06-06,16530.69921875,16610.94921875,16444.55078125,16569.55078125,233600,20.200000762939453,1839.199951,118.5,77.69419860839844,4121.43017578125,12061.3701171875
2022-06-07,15818.2001953125,16011.349609375,15800.900390625,15989.7998046875,288400,20.270000457763672,1847.5,98.52999877929688,79.36840057373047,3845.080078125,11361.849609375
2022-06-09,17695.69921875,17764.650390625,17587.650390625,17655.599609375,251200,19.520000457763672,1848.800049,86.87999725341797,79.78299713134766,3908.18994140625,11544.91015625
2022-06-10,17379.25,17428.80078125,17315.650390625,17331.80078125,265500,19.31999969482422,1871.5,88.44999694824219,81.6488037109375,3744.52001953125,11073.3095703125
2022-06-13,15877.5498046875,15886.150390625,15684.0,15774.400390625,225500,22.3700008392334,1828.0,120.93000030517578,78.17759704589844,3749.6298828125,10809.23046875
2022-06-14,15674.25,15858.0,15659.4501953125,15732.099609375,225400,21.88999938964844,1809.5,118.93000030517578,78.16059875488281,3735.47998046875,10828.349609375
2022-06-15,15729.25,15783.650390625,15678.900390625,15692.150390625,183000,22.149999618530277,1815.300049,115.30999755859376,77.9854965209961,3789.989990234375,11099.150390625
2022-06-16,15832.25,15863.150390625,15335.099609375,15360.599609375,264700,22.8700008392334,1845.699951,117.58999633789062,77.90019989013672,3666.77001953125,10646.099609375
2022-06-17,15272.650390625,15400.400390625,15183.400390625,15293.5,342600,22.76000022888184,1835.599976,109.55999755859376,77.97769927978516,3674.840087890625,10798.349609375
2022-06-21,15455.9501953125,15707.25,15419.849609375,15638.7998046875,262800,21.13999938964844,1834.599976,110.6500015258789,77.93399810791016,3764.7900390625,11069.2998046875
2022-06-22,15545.650390625,15565.400390625,15385.9501953125,15413.2998046875,220900,21.299999237060547,1834.300049,106.19000244140624,78.13490295410156,3759.889892578125,11053.080078125
2022-06-23,15451.5498046875,15628.4501953125,15367.5,15556.650390625,259200,20.8799991607666,1825.699951,104.2699966430664,78.19309997558594,3795.72998046875,11232.1904296875
2022-06-24,15657.400390625,15749.25,15619.4501953125,15699.25,219600,20.549999237060547,1826.5,107.62000274658205,78.14240264892578,3911.739990234375,11607.6201171875
2022-06-27,15926.2001953125,15927.4501953125,15815.5,15832.0498046875,210900,21.01000022888184,1820.900024,109.56999969482422,78.2522964477539,3900.110107421875,11524.5498046875
2022-06-28,15757.4501953125,15892.099609375,15710.150390625,15850.2001953125,251900,21.450000762939453,1817.5,111.76000213623048,78.44110107421875,3821.550048828125,11181.5400390625
2022-06-29,15701.7001953125,15861.599609375,15687.7998046875,15799.099609375,444900,21.899999618530277,1813.699951,109.77999877929688,79.07319641113281,3818.830078125,11177.8896484375
2022-06-30,15774.5,15890.0,15728.849609375,15780.25,306000,21.84000015258789,1804.099976,105.76000213623048,78.89830017089844,3785.3798828125,11028.740234375
2022-07-01,17797.599609375,17905.0,17704.55078125,17812.69921875,239300,17.600000381469727,1798.900024,78.9000015258789,74.41929626464844,4677.02978515625,14935.900390625
2022-07-06,16469.599609375,16487.25,16347.099609375,16416.349609375,233800,20.43000030517578,1734.900024,119.41000366210938,77.82099914550781,4160.68017578125,12175.23046875
2022-07-07,16113.75,16150.5,16045.9501953125,16132.900390625,264600,19.200000762939453,1737.900024,102.7300033569336,79.04389953613281,3902.6201171875,11621.349609375
2022-07-11,18211.75,18255.5,18064.75,18202.80078125,314800,15.59000015258789,1730.0,91.79000091552734,81.9749984741211,3806.800048828125,10564.51953125
2022-07-12,18638.849609375,18668.30078125,18528.400390625,18560.5,200500,14.079999923706056,1723.300049,72.01000213623047,82.37220001220703,3933.919921875,10958.5498046875
2022-07-13,16128.2001953125,16140.0,15950.150390625,15966.650390625,233300,18.520000457763672,1734.199951,96.3000030517578,79.47640228271484,3801.780029296875,11247.580078125
2022-07-14,16018.849609375,16070.849609375,15858.2001953125,15938.650390625,228600,18.34000015258789,1704.5,95.77999877929688,79.80750274658203,3790.3798828125,11251.1904296875
2022-07-15,16010.7998046875,16066.9501953125,15927.2998046875,16049.2001953125,205800,17.600000381469727,1702.400024,97.58999633789062,79.87830352783203,3863.159912109375,11452.419921875
2022-07-18,16151.400390625,16287.9501953125,16142.2001953125,16278.5,227700,17.15999984741211,1709.199951,102.5999984741211,79.72049713134766,3830.85009765625,11360.0498046875
2022-07-19,16187.0498046875,16359.5,16187.0498046875,16340.5498046875,222600,17.200000762939453,1710.0,104.22000122070312,80.0302963256836,3936.68994140625,11713.150390625
2022-07-20,16562.80078125,16588.0,16490.94921875,16520.849609375,284400,16.81999969482422,1699.5,102.26000213623048,79.85590362548828,3959.89990234375,11897.650390625
2022-07-21,16523.55078125,16626.94921875,16483.900390625,16605.25,243600,16.860000610351562,1712.699951,96.3499984741211,80.00340270996094,3998.949951171875,12059.6103515625
2022-07-22,16661.25,16752.25,16610.900390625,16719.44921875,190900,16.649999618530273,1727.099976,94.6999969482422,79.7759017944336,3961.6298828125,11834.1103515625
2022-07-25,16662.55078125,16706.05078125,16564.25,16631.0,211400,17.68000030517578,1719.0,96.6999969482422,79.87680053710938,3966.840087890625,11782.669921875
2022-07-26,16632.900390625,16636.099609375,16463.30078125,16483.849609375,208200,18.170000076293945,1717.699951,94.9800033569336,79.72250366210938,3921.050048828125,11562.5703125
2022-07-27,16475.349609375,16653.44921875,16438.75,16641.80078125,185200,18.1299991607666,1719.099976,97.26000213623048,79.84120178222656,4023.610107421875,12032.419921875
2022-07-28,16774.849609375,16947.650390625,16746.25,16929.599609375,376300,17.010000228881836,1750.300049,96.41999816894533,79.84739685058594,4072.429931640625,12162.58984375
2022-07-29,17079.5,17172.80078125,17018.150390625,17158.25,436100,16.549999237060547,1762.900024,98.62000274658205,79.57150268554688,4130.2900390625,12390.6904296875
2022-08-02,17279.849609375,17306.44921875,17043.650390625,17266.75,268500,19.68000030517578,1771.099976,89.36000061035156,74.6583023071289,4521.5400390625,14194.4501953125
2022-08-03,15747.75,16028.75,15671.4501953125,16013.4501953125,543600,28.59000015258789,1758.0,123.6999969482422,77.08080291748047,4170.7001953125,12795.5498046875
2022-08-04,17698.150390625,17842.75,17600.55078125,17784.349609375,274400,17.690000534057617,1788.5,98.26000213623048,75.91320037841797,4488.27978515625,13711.0
2022-08-08,17401.5,17548.80078125,17359.75,17525.099609375,257000,19.299999237060547,1786.800049,90.76000213623048,79.41059875488281,4140.06005859375,12644.4599609375
2022-08-09,17748.150390625,17807.650390625,17691.94921875,17798.75,279800,18.309999465942383,1794.0,83.54000091552734,79.6498031616211,4006.179931640625,11862.1298828125
2022-08-12,18570.849609375,18625.0,18536.94921875,18609.349609375,202800,13.399999618530272,1798.599976,71.45999908447266,82.25350189208984,3963.510009765625,11082.0
2022-08-16,17797.19921875,17839.099609375,17764.05078125,17825.25,0,17.68000030517578,1773.199951,86.52999877929688,79.55290222167969,4305.2001953125,13102.5498046875
2022-08-17,17868.150390625,17965.94921875,17833.349609375,17944.25,262800,17.68000030517578,1760.300049,88.11000061035156,79.14600372314453,4274.0400390625,12938.1201171875
2022-08-18,17898.650390625,17968.44921875,17852.05078125,17956.5,263900,17.350000381469727,1755.300049,90.5,79.35970306396484,4283.740234375,12965.33984375
2022-08-19,17966.55078125,17992.19921875,17710.75,17758.44921875,295600,18.290000915527344,1747.599976,90.7699966430664,79.7667007446289,4228.47998046875,12705.2197265625
2022-08-22,17682.900390625,17690.05078125,17467.349609375,17490.69921875,287600,19.040000915527344,1734.0,90.2300033569336,79.91790008544922,4137.990234375,12381.5703125
2022-08-23,17357.349609375,17625.55078125,17345.19921875,17577.5,285600,19.049999237060547,1746.800049,93.73999786376952,79.88379669189453,4128.72998046875,12381.2998046875
2022-08-24,17525.44921875,17623.650390625,17499.25,17604.94921875,262000,18.43000030517578,1747.800049,94.88999938964844,79.85449981689453,4140.77001953125,12431.5302734375
2022-08-25,17679.0,17726.5,17487.44921875,17522.44921875,230200,19.56999969482422,1757.699951,92.5199966430664,79.79679870605469,4199.1201171875,12639.26953125
2022-08-26,17619.30078125,17685.849609375,17519.349609375,17558.900390625,266600,18.21999931335449,1736.099976,93.05999755859376,79.88289642333984,4057.659912109375,12141.7099609375
2022-08-29,17188.650390625,17380.150390625,17166.19921875,17312.900390625,244900,19.81999969482422,1736.599976,97.01000213623048,79.95909881591797,4030.610107421875,12017.669921875
2022-08-30,17414.94921875,17777.650390625,17401.5,17759.30078125,324700,18.700000762939453,1723.199951,91.63999938964844,79.96790313720703,3986.159912109375,11883.1396484375
2022-09-02,17370.099609375,17477.150390625,17339.0,17463.80078125,236400,18.559999465942383,1709.800049,89.66000366210938,74.69519805908203,4587.18017578125,14490.3701171875
2022-09-06,16263.849609375,16492.80078125,16243.849609375,16478.099609375,205000,19.13999938964844,1700.400024,121.51000213623048,77.72429656982422,4017.820068359375,11754.23046875
2022-09-09,17923.349609375,17925.94921875,17786.0,17833.349609375,270300,17.719999313354492,1716.199951,86.79000091552734,79.706298828125,4067.360107421875,12112.3095703125
2022-09-12,18662.400390625,18664.69921875,18410.099609375,18496.599609375,215800,13.479999542236328,1728.099976,71.0199966430664,82.2791976928711,3934.3798828125,11004.6201171875
2022-09-13,18044.44921875,18088.30078125,18015.44921875,18070.05078125,259900,17.469999313354492,1705.0,87.30999755859375,79.35530090332031,3932.68994140625,11633.5703125
2022-09-14,17771.150390625,18091.55078125,17771.150390625,18003.75,365900,18.280000686645508,1696.5,88.4800033569336,79.60240173339844,3946.010009765625,11719.6796875
2022-09-15,18046.349609375,18096.150390625,17861.5,17877.400390625,289600,18.38999938964844,1665.400024,85.0999984741211,79.45369720458984,3901.35009765625,11552.3603515625
2022-09-16,17796.80078125,17820.05078125,17497.25,17530.849609375,468500,19.81999969482422,1671.699951,85.11000061035156,79.8490982055664,3873.330078125,11448.400390625
2022-09-19,17540.650390625,17667.19921875,17429.69921875,17622.25,258300,19.940000534057617,1666.199951,85.7300033569336,79.68949890136719,3899.889892578125,11535.01953125
2022-09-20,17770.400390625,17919.30078125,17744.400390625,17816.25,263100,18.799999237060547,1659.699951,84.44999694824219,79.7074966430664,3855.929931640625,11425.0498046875
2022-09-21,17766.349609375,17838.69921875,17663.599609375,17718.349609375,245500,19.32999992370605,1664.599976,82.94000244140625,79.76270294189453,3789.929931640625,11220.1904296875
2022-09-22,17609.650390625,17722.75,17532.44921875,17629.80078125,284100,18.81999969482422,1670.800049,83.48999786376953,80.05069732666016,3757.989990234375,11066.8095703125
2022-09-23,17593.849609375,17642.150390625,17291.650390625,17327.349609375,390800,20.59000015258789,1645.300049,78.73999786376953,81.06220245361328,3693.22998046875,10867.9296875
2022-09-26,17156.30078125,17196.400390625,16978.30078125,17016.30078125,492000,21.88999938964844,1623.300049,76.70999908447266,81.25479888916016,3655.0400390625,10802.919921875
2022-09-27,17110.900390625,17176.44921875,16942.349609375,17007.400390625,359900,21.56999969482422,1626.699951,78.5,81.61579895019531,3647.2900390625,10829.5
2022-09-28,16870.55078125,17037.599609375,16820.400390625,16858.599609375,323900,22.100000381469727,1660.400024,82.1500015258789,81.72460174560547,3719.0400390625,11051.6396484375
2022-09-29,16993.599609375,17026.05078125,16788.599609375,16818.099609375,340000,21.299999237060547,1658.5,81.2300033569336,81.42870330810547,3640.469970703125,10737.509765625
2022-09-30,16798.05078125,17187.099609375,16747.69921875,17094.349609375,376100,19.96999931335449,1662.400024,79.48999786376953,81.48059844970703,3585.6201171875,10575.6201171875
2022-10-03,16757.099609375,16757.30078125,16447.900390625,16594.900390625,486400,25.57999992370605,1692.900024,106.0199966430664,76.13490295410156,4259.52001953125,13129.9599609375
2022-10-05,16248.900390625,16404.55078125,16197.2998046875,16240.0498046875,283100,22.299999237060547,1711.400024,99.76000213623048,77.3655014038086,4001.050048828125,11737.669921875
2022-10-06,16283.9501953125,16324.7001953125,16172.599609375,16201.7998046875,189700,19.57999992370605,1711.699951,120.66999816894533,77.8187026977539,3900.860107421875,11340.01953125
2022-10-10,17094.349609375,17280.150390625,17064.69921875,17241.0,234000,19.6200008392334,1667.300049,91.12999725341795,82.8322982788086,3612.389892578125,10542.099609375
2022-10-11,18044.349609375,18103.099609375,17969.400390625,18028.19921875,256500,15.56999969482422,1678.699951,86.47000122070312,81.34380340576172,3956.3701171875,11114.150390625
2022-10-13,17087.349609375,17112.349609375,16956.94921875,17014.349609375,266400,20.290000915527344,1670.0,89.11000061035156,82.19999694824219,3669.909912109375,10649.150390625
2022-10-14,17322.30078125,17348.55078125,17169.75,17185.69921875,227000,18.26000022888184,1641.699951,85.61000061035156,82.19210052490234,3583.070068359375,10321.3896484375
2022-10-17,17144.80078125,17328.55078125,17098.55078125,17311.80078125,212200,18.420000076293945,1657.0,85.45999908447266,82.41280364990234,3677.949951171875,10675.7998046875
2022-10-18,17438.75,17527.80078125,17434.05078125,17486.94921875,239500,17.450000762939453,1649.0,82.81999969482422,82.1947021484375,3719.97998046875,10772.400390625
2022-10-19,17568.150390625,17607.599609375,17472.849609375,17512.25,210500,17.489999771118164,1627.5,85.55000305175781,82.2863998413086,3695.159912109375,10680.509765625
2022-10-20,17423.099609375,17584.150390625,17421.0,17563.94921875,249600,17.229999542236328,1630.800049,85.9800033569336,82.99700164794922,3665.780029296875,10614.83984375
2022-10-21,17622.849609375,17670.150390625,17520.75,17576.30078125,277700,17.280000686645508,1651.0,85.05000305175781,82.82569885253906,3752.75,10859.7197265625
2022-10-24,17736.349609375,17777.55078125,17707.400390625,17730.75,45000,17.420000076293945,1648.699951,84.58000183105469,82.54129791259766,3797.340087890625,10952.6103515625
2022-10-25,17808.30078125,17811.5,17637.0,17656.349609375,251400,16.8799991607666,1652.800049,85.31999969482422,82.7614974975586,3859.110107421875,11199.1201171875
2022-10-27,17771.400390625,17783.900390625,17654.5,17736.94921875,324600,16.600000381469727,1660.699951,89.08000183105469,82.04959869384766,3807.300048828125,10792.669921875
2022-10-28,17756.400390625,17838.900390625,17723.69921875,17786.80078125,250000,15.920000076293944,1639.599976,87.9000015258789,82.44249725341797,3901.06005859375,11102.4501953125
2022-10-31,17910.19921875,18022.80078125,17899.900390625,18012.19921875,227200,15.800000190734863,1635.900024,86.52999877929688,82.23919677734375,3871.97998046875,10988.150390625
2022-11-01,17997.75,18081.25,17964.400390625,18055.75,220200,17.760000228881836,1645.0,81.22000122070312,74.05699920654297,4713.06982421875,15153.4501953125
2022-11-02,17451.0,17454.75,17303.0,17374.75,253100,18.68000030517578,1645.699951,93.0999984741211,75.53839874267578,4418.64013671875,13791.150390625
2022-11-03,16528.80078125,16694.400390625,16470.900390625,16630.44921875,343700,25.350000381469727,1627.300049,109.33000183105467,76.310302734375,4204.31005859375,12843.8095703125
2022-11-04,17740.900390625,17779.05078125,17650.94921875,17674.94921875,251700,18.270000457763672,1672.5,94.29000091552734,75.91729736328125,4412.52978515625,13411.9599609375
2022-11-07,16136.150390625,16248.5498046875,16115.5,16216.0,255900,18.3700008392334,1676.5,104.08999633789062,79.3313980102539,3854.429931640625,11372.599609375
2022-11-08,17711.650390625,17719.30078125,17631.94921875,17659.0,311200,18.36000061035156,1712.099976,94.33999633789062,79.0978012084961,4207.27001953125,12779.91015625
2022-11-10,17256.05078125,17261.80078125,16950.30078125,16983.55078125,282600,20.489999771118164,1750.300049,89.3499984741211,82.42070007324219,3588.840087890625,10426.1904296875
2022-11-11,18272.349609375,18362.30078125,18259.349609375,18349.69921875,378500,14.40999984741211,1766.0,88.95999908447266,80.48290252685547,3992.929931640625,11323.330078125
2022-11-14,18376.400390625,18399.44921875,18311.400390625,18329.150390625,301400,14.90999984741211,1773.599976,85.87000274658203,80.49700164794922,3957.25,11196.2197265625
2022-11-15,18362.75,18427.94921875,18282.0,18403.400390625,250900,14.640000343322754,1773.800049,86.91999816894531,80.99199676513672,3991.72998046875,11358.41015625
2022-11-16,18398.25,18442.150390625,18344.150390625,18409.650390625,219300,15.100000381469728,1773.0,85.58999633789062,81.07140350341797,3958.7900390625,11183.66015625
2022-11-17,18358.69921875,18417.599609375,18312.94921875,18343.900390625,200500,14.880000114440918,1760.800049,81.63999938964844,81.49530029296875,3946.56005859375,11144.9599609375
2022-11-18,18382.94921875,18394.599609375,18209.80078125,18307.650390625,198800,14.390000343322754,1751.900024,80.08000183105469,81.52490234375,3965.340087890625,11146.0595703125
2022-11-21,18246.400390625,18262.30078125,18133.349609375,18159.94921875,213800,14.800000190734863,1737.400024,79.7300033569336,81.5198974609375,3949.93994140625,11024.509765625
2022-11-22,18179.150390625,18261.849609375,18137.69921875,18244.19921875,177700,13.84000015258789,1738.300049,80.94999694824219,81.72769927978516,4003.580078125,11174.41015625
2022-11-23,18325.19921875,18325.400390625,18246.0,18267.25,178800,14.039999961853027,1744.900024,77.94000244140625,81.71499633789062,4027.260009765625,11285.3203125
2022-11-25,18528.44921875,18534.900390625,18445.099609375,18512.75,205900,13.329999923706056,1753.300049,76.27999877929688,81.65540313720703,4026.1201171875,11226.3603515625
2022-11-28,18430.55078125,18614.25,18365.599609375,18562.75,206500,13.56999969482422,1740.099976,77.23999786376953,81.6697006225586,3963.93994140625,11049.5
2022-11-29,18552.44921875,18678.099609375,18552.150390625,18618.05078125,195300,13.619999885559082,1748.400024,78.19999694824219,81.65029907226562,3957.6298828125,10983.7802734375
2022-11-30,18625.69921875,18816.05078125,18616.55078125,18758.349609375,345600,13.8100004196167,1746.0,80.55000305175781,81.63089752197266,4080.110107421875,11468.0
2022-12-01,18170.400390625,18227.94921875,18128.80078125,18212.349609375,245000,17.18000030517578,1801.099976,82.63999938964844,73.81529998779297,4726.35009765625,15188.3896484375
2022-12-05,16021.099609375,16041.9501953125,15735.75,15808.0,314900,24.270000457763672,1767.400024,106.12999725341795,77.41840362548828,3930.080078125,11370.9599609375
2022-12-07,16126.2001953125,16158.75,16031.150390625,16058.2998046875,208600,18.549999237060547,1785.5,95.83999633789062,79.47779846191406,3818.800048828125,11264.73046875
2022-12-08,17659.650390625,17724.650390625,17597.849609375,17698.150390625,303900,17.610000610351562,1788.699951,92.08999633789062,79.61399841308594,4280.14990234375,13047.1904296875
2022-12-09,17890.849609375,17980.55078125,17889.150390625,17936.349609375,228200,17.940000534057617,1798.099976,87.77999877929688,79.65579986572266,4110.41015625,12266.41015625
2022-12-12,18402.150390625,18521.55078125,18345.69921875,18497.150390625,193900,13.31999969482422,1780.5,73.16999816894531,82.41300201416016,3990.56005859375,11143.740234375
2022-12-13,18524.400390625,18617.25,18490.19921875,18608.0,187600,12.880000114440918,1813.900024,75.38999938964844,82.64469909667969,4019.64990234375,11256.8095703125
2022-12-14,18671.25,18696.099609375,18632.900390625,18660.30078125,208000,12.890000343322754,1807.5,77.27999877929688,82.40249633789062,3995.320068359375,11170.8896484375
2022-12-15,18614.400390625,18652.900390625,18387.69921875,18414.900390625,183100,13.729999542236328,1777.199951,76.11000061035156,82.50800323486328,3895.75,10810.5302734375
2022-12-16,18319.099609375,18440.94921875,18255.150390625,18269.0,277700,14.06999969482422,1790.0,74.29000091552734,82.85790252685547,3852.360107421875,10705.41015625
2022-12-19,18288.099609375,18431.650390625,18244.55078125,18420.44921875,154800,13.550000190734863,1787.699951,75.19000244140625,82.72599792480469,3817.659912109375,10546.0302734375
2022-12-20,18340.30078125,18404.900390625,18202.650390625,18385.30078125,169000,13.779999732971191,1815.900024,76.08999633789062,82.58190155029297,3821.6201171875,10547.1103515625
2022-12-21,18435.150390625,18473.349609375,18162.75,18199.099609375,187600,15.5600004196167,1815.900024,78.29000091552734,82.63690185546875,3878.43994140625,10709.3701171875
2022-12-22,18288.80078125,18318.75,18068.599609375,18127.349609375,195700,15.1899995803833,1787.0,77.48999786376953,82.87860107421875,3822.389892578125,10476.1201171875
2022-12-23,17977.650390625,18050.44921875,17779.5,17806.80078125,221500,16.15999984741211,1795.900024,79.55999755859375,82.8749008178711,3844.820068359375,10497.8603515625
2022-12-27,18089.80078125,18149.25,17967.44921875,18132.30078125,214300,15.289999961853027,1814.800049,79.52999877929688,82.90290069580078,3829.25,10353.23046875
2022-12-28,18084.75,18173.099609375,18068.349609375,18122.5,193900,15.399999618530272,1807.900024,78.95999908447266,82.7761001586914,3783.219970703125,10213.2900390625
2022-12-29,18045.69921875,18229.69921875,17992.80078125,18191.0,281100,14.8100004196167,1819.5,78.4000015258789,82.85199737548828,3849.280029296875,10478.08984375
2022-12-30,18259.099609375,18265.25,18080.30078125,18105.30078125,192000,14.869999885559082,1819.699951,80.26000213623047,82.83509826660156,3839.5,10466.48046875
2023-01-03,17360.099609375,17467.75,17345.25,17450.900390625,272900,13.0,1839.699951,77.69000244140625,82.6353988647461,3951.389892578125,11379.48046875
2023-01-06,18579.400390625,18580.30078125,18464.55078125,18487.75,265600,11.600000381469728,1864.199951,70.0999984741211,82.66680145263672,4221.02001953125,13100.98046875
2023-01-09,19258.150390625,19458.55078125,19255.69921875,19435.30078125,333000,11.369999885559082,1872.699951,85.55000305175781,82.68240356445312,4515.77001953125,14031.8095703125
2023-01-11,19064.05078125,19096.05078125,18973.69921875,18989.150390625,194100,12.050000190734863,1874.599976,80.44000244140625,83.2771987915039,4237.85986328125,13061.4697265625
2023-01-12,20194.099609375,20291.55078125,20183.69921875,20267.900390625,265800,12.380000114440918,1895.5,74.06999969482422,83.35269927978516,4594.6298828125,14305.0302734375
2023-01-13,17867.5,17999.349609375,17774.25,17956.599609375,256700,14.460000038146973,1918.400024,79.86000061035156,81.1156005859375,3999.090087890625,11079.16015625
2023-01-17,17922.80078125,18072.05078125,17886.94921875,18053.30078125,219100,14.59000015258789,1907.199951,80.18000030517578,81.65260314941406,3990.969970703125,11095.1103515625
2023-01-18,18074.30078125,18183.75,18032.44921875,18165.349609375,255800,14.369999885559082,1904.400024,79.4800033569336,81.52549743652344,3928.860107421875,10957.009765625
2023-01-19,18119.80078125,18155.19921875,18063.75,18107.849609375,237800,13.960000038146973,1922.099976,80.33000183105469,81.43599700927734,3898.85009765625,10852.26953125
2023-01-20,18115.599609375,18145.44921875,18016.19921875,18027.650390625,237200,13.789999961853027,1926.400024,81.30999755859375,81.23979949951172,3972.610107421875,11140.4296875
2023-01-23,18118.44921875,18162.599609375,18063.44921875,18118.55078125,202500,13.619999885559082,1927.099976,81.62000274658203,80.97599792480469,4019.81005859375,11364.41015625
2023-01-24,18183.94921875,18201.25,18078.650390625,18118.30078125,216900,13.65999984741211,1933.900024,80.12999725341797,81.48799896240234,4016.949951171875,11334.26953125
2023-01-25,18093.349609375,18100.599609375,17846.150390625,17891.94921875,257200,14.65999984741211,1941.199951,80.1500015258789,81.60189819335938,4016.219970703125,11313.3603515625
2023-01-27,17877.19921875,17884.75,17493.55078125,17604.349609375,476300,17.31999969482422,1928.599976,79.68000030517578,81.44509887695312,4070.56005859375,11621.7099609375
2023-01-30,17541.94921875,17709.150390625,17405.55078125,17648.94921875,432400,17.709999084472656,1922.900024,77.9000015258789,81.50800323486328,4017.77001953125,11393.8095703125
2023-01-31,17731.44921875,17735.69921875,17537.55078125,17662.150390625,398300,16.8799991607666,1929.5,78.87000274658203,81.57990264892578,4076.60009765625,11584.5498046875
2023-02-02,17517.099609375,17653.900390625,17445.94921875,17610.400390625,490100,15.729999542236328,1916.300049,75.87999725341797,81.71029663085938,4179.759765625,12200.8203125
2023-02-03,17421.5,17445.80078125,17306.0,17321.900390625,310700,12.970000267028809,1862.900024,78.16000366210938,82.4198989868164,3981.35009765625,11462.98046875
2023-02-06,18550.849609375,18573.69921875,18478.400390625,18534.099609375,270900,11.130000114440918,1866.199951,71.73999786376953,82.27670288085938,4282.3701171875,13240.76953125
2023-02-08,19655.400390625,19678.25,19423.55078125,19526.55078125,290700,11.279999732971191,1877.400024,79.48999786376953,82.30729675292969,4513.39013671875,13973.4501953125
2023-02-13,17859.099609375,17880.69921875,17719.75,17770.900390625,231300,13.68000030517578,1851.900024,80.13999938964844,82.51300048828125,4137.2900390625,11891.7900390625
2023-02-14,17840.349609375,17954.55078125,17800.05078125,17929.849609375,244500,13.449999809265137,1854.0,79.05999755859375,82.59739685058594,4136.1298828125,11960.150390625
2023-02-15,17896.599609375,18034.099609375,17853.80078125,18015.849609375,229300,12.859999656677246,1834.199951,78.58999633789062,82.86759948730469,4147.60009765625,12070.58984375
2023-02-16,18094.75,18134.75,18000.650390625,18035.849609375,230200,12.890000343322754,1842.0,78.48999786376953,82.73770141601562,4090.409912109375,11855.830078125
2023-02-17,17974.849609375,18034.25,17884.599609375,17944.19921875,208100,13.09000015258789,1840.400024,76.33999633789062,82.69529724121094,4079.090087890625,11787.26953125
2023-02-21,17905.80078125,17924.900390625,17800.30078125,17826.69921875,198200,14.010000228881836,1833.0,76.16000366210938,82.69750213623047,3997.340087890625,11492.2998046875
2023-02-22,17755.349609375,17772.5,17529.44921875,17554.30078125,204000,15.59000015258789,1832.0,73.94999694824219,82.86119842529297,3991.050048828125,11507.0703125
2023-02-23,17574.650390625,17620.05078125,17455.400390625,17511.25,240800,15.079999923706056,1818.0,75.38999938964844,82.83529663085938,4012.320068359375,11590.400390625
2023-02-24,17591.349609375,17599.75,17421.80078125,17465.80078125,209400,14.1899995803833,1808.800049,76.31999969482422,82.6178970336914,3970.0400390625,11394.9404296875
2023-02-27,17428.599609375,17451.599609375,17299.0,17392.69921875,246400,13.880000114440918,1817.0,75.68000030517578,82.91799926757812,3982.239990234375,11466.98046875
2023-02-28,17383.25,17440.44921875,17255.19921875,17303.94921875,420900,14.020000457763672,1828.900024,77.05000305175781,82.6520004272461,3970.14990234375,11455.5400390625
2023-03-01,18163.19921875,18251.94921875,18149.80078125,18232.55078125,208700,14.390000343322754,1837.699951,76.93000030517578,82.70600128173828,3824.139892578125,10386.98046875
2023-03-02,17721.75,17870.30078125,17584.19921875,17854.05078125,424100,14.399999618530272,1833.5,73.38999938964844,82.0458984375,4136.47998046875,12006.9501953125
2023-03-03,17451.25,17644.75,17427.69921875,17594.349609375,356200,12.18000030517578,1847.699951,79.68000030517578,82.35569763183594,4045.639892578125,11689.009765625
2023-03-07,19246.5,19345.099609375,19234.400390625,19322.55078125,226100,11.539999961853027,1813.900024,69.79000091552734,82.09629821777344,4455.58984375,13816.76953125
2023-03-08,19463.75,19537.650390625,19296.44921875,19381.650390625,315700,11.1899995803833,1812.699951,81.55000305175781,82.7332992553711,4501.89013671875,13959.7197265625
2023-03-10,19622.400390625,19623.19921875,19479.650390625,19528.75,221700,11.789999961853027,1862.0,89.2300033569336,83.3593978881836,4229.4501953125,13059.4697265625
2023-03-13,17421.900390625,17529.900390625,17113.44921875,17154.30078125,254900,16.219999313354492,1911.699951,74.80000305175781,81.95800018310547,3855.760009765625,11188.83984375
2023-03-14,17160.55078125,17224.650390625,16987.099609375,17043.30078125,290600,16.219999313354492,1906.199951,71.33000183105469,82.41739654541016,3919.2900390625,11428.150390625
2023-03-15,17166.44921875,17211.349609375,16938.900390625,16972.150390625,248200,16.299999237060547,1926.599976,67.61000061035156,82.30490112304688,3891.929931640625,11434.0498046875
2023-03-16,16994.650390625,17062.44921875,16850.150390625,16985.599609375,349800,16.219999313354492,1919.0,68.3499984741211,82.7156982421875,3960.280029296875,11717.2802734375
2023-03-17,17111.80078125,17145.80078125,16958.150390625,17100.05078125,408100,14.770000457763672,1969.800049,66.73999786376953,82.622802734375,3916.639892578125,11630.509765625
2023-03-20,17066.599609375,17066.599609375,16828.349609375,16988.400390625,241800,16.010000228881836,1979.199951,67.63999938964844,82.53299713134766,3951.570068359375,11675.5400390625
2023-03-21,17060.400390625,17127.69921875,17016.0,17107.5,246700,15.079999923706056,1938.0,69.33000183105469,82.52909851074219,4002.8701171875,11860.1103515625
2023-03-22,17177.44921875,17207.25,17107.849609375,17151.900390625,0,14.8100004196167,1946.800049,70.9000015258789,82.677001953125,3936.969970703125,11669.9599609375
2023-03-23,17097.400390625,17205.400390625,17045.30078125,17076.900390625,219200,14.489999771118164,1993.800049,69.95999908447266,82.52580261230469,3948.719970703125,11787.400390625
2023-03-24,17076.19921875,17109.44921875,16917.349609375,16945.05078125,228000,15.239999771118164,1982.099976,69.26000213623047,82.26529693603516,3970.989990234375,11823.9599609375
2023-03-27,16984.30078125,17091.0,16918.55078125,16985.69921875,218400,15.449999809265137,1952.400024,72.80999755859375,82.33879852294922,3977.530029296875,11768.83984375
2023-03-28,17031.75,17061.75,16913.75,16951.69921875,238800,15.100000381469728,1972.400024,73.19999694824219,82.21489715576172,3971.27001953125,11716.080078125
2023-03-29,16977.30078125,17126.150390625,16940.599609375,17080.69921875,345900,13.630000114440918,1966.099976,72.97000122070312,82.16429901123047,4027.81005859375,11926.240234375
2023-03-31,17210.349609375,17381.599609375,17204.650390625,17359.75,263900,12.9399995803833,1969.0,75.66999816894531,82.10050201416016,4109.31005859375,12221.91015625
2023-04-05,18081.0,18267.44921875,18066.69921875,18255.80078125,226600,11.729999542236328,2020.900024,68.55999755859375,81.77999877929688,4061.219970703125,11966.400390625
2023-04-10,19446.30078125,19457.80078125,19333.599609375,19436.099609375,277100,11.65999984741211,1989.099976,84.22000122070312,83.22979736328125,4263.75,13236.009765625
2023-04-12,20601.94921875,20702.650390625,20507.75,20686.80078125,381100,12.989999771118164,2010.900024,73.04000091552734,83.21859741210938,4569.77978515625,14185.490234375
2023-04-13,17807.30078125,17842.150390625,17729.650390625,17828.0,285800,11.90999984741211,2041.300049,82.16000366210938,81.96060180664062,4146.22021484375,12166.26953125
2023-04-17,17863.0,17863.0,17574.05078125,17706.849609375,357400,12.270000457763672,1994.199951,80.83000183105469,81.84480285644531,4151.31982421875,12157.7197265625
2023-04-18,17766.599609375,17766.599609375,17610.19921875,17660.150390625,258900,12.079999923706056,2007.400024,80.86000061035156,82.00370025634766,4154.8701171875,12153.41015625
2023-04-19,17653.349609375,17666.150390625,17579.849609375,17618.75,281500,12.149999618530272,1995.199951,79.16000366210938,82.10790252685547,4154.52001953125,12157.23046875
2023-04-20,17638.599609375,17684.44921875,17584.349609375,17624.44921875,215100,11.9399995803833,2007.599976,77.29000091552734,82.34010314941406,4129.7900390625,12059.5595703125
2023-04-21,17639.75,17663.19921875,17553.94921875,17624.05078125,230200,11.630000114440918,1979.5,77.87000274658203,82.14089965820312,4133.52001953125,12072.4599609375
2023-04-24,17707.55078125,17754.5,17612.5,17743.400390625,255700,11.670000076293944,1989.099976,78.76000213623047,82.05480194091797,4137.0400390625,12037.2001953125
2023-04-25,17761.55078125,17807.44921875,17716.849609375,17769.25,297400,11.520000457763672,1994.0,77.06999969482422,81.85230255126953,4071.6298828125,11799.16015625
2023-04-26,17767.30078125,17827.75,17711.19921875,17813.599609375,233000,11.649999618530272,1985.699951,74.30000305175781,81.9916000366211,4055.989990234375,11854.349609375
2023-04-27,17813.099609375,17931.599609375,17797.900390625,17915.05078125,241400,11.43000030517578,1989.900024,74.76000213623047,81.76689910888672,4135.35009765625,12142.240234375
2023-04-28,17950.400390625,18089.150390625,17885.30078125,18065.0,290300,10.949999809265137,1990.099976,76.77999877929688,81.76509857177734,4169.47998046875,12226.580078125
2023-05-01,18101.94921875,18120.30078125,17892.599609375,17992.150390625,269900,14.979999542236328,1983.400024,73.66999816894531,82.66649627685547,3808.10009765625,10305.240234375
2023-05-04,17422.30078125,17570.55078125,17402.69921875,17557.05078125,248300,12.40999984741211,2048.0,80.61000061035156,82.11479949951172,4090.3798828125,11996.8603515625
2023-05-05,18117.30078125,18216.94921875,18055.44921875,18069.0,239700,12.300000190734863,2017.400024,71.33999633789062,81.71610260009766,4136.25,12235.41015625
2023-05-09,19564.650390625,19587.05078125,19525.75,19574.900390625,256800,10.81999969482422,2036.199951,86.69000244140625,82.7345962524414,4496.830078125,14020.9501953125
2023-05-10,19521.849609375,19576.94921875,19487.30078125,19545.75,234900,10.9399995803833,2030.5,82.30999755859375,83.44979858398438,4258.18994140625,13219.830078125
2023-05-12,20808.900390625,20864.05078125,20711.150390625,20855.099609375,421000,13.460000038146973,2014.5,72.31999969482422,83.41709899902344,4567.18017578125,14229.91015625
2023-05-15,18339.30078125,18458.900390625,18287.900390625,18398.849609375,216100,13.170000076293944,2018.0,71.11000061035156,82.20030212402344,4136.27978515625,12365.2099609375
2023-05-16,18432.349609375,18432.349609375,18264.349609375,18286.5,219500,13.289999961853027,1988.400024,70.86000061035156,82.2667007446289,4109.89990234375,12343.0498046875
2023-05-17,18300.44921875,18309.0,18115.349609375,18181.75,229900,13.109999656677246,1980.699951,72.83000183105469,82.2959976196289,4158.77001953125,12500.5703125
2023-05-18,18287.5,18297.19921875,18104.849609375,18129.94921875,272100,12.800000190734863,1956.5,71.86000061035156,82.45030212402344,4198.0498046875,12688.83984375
2023-05-19,18186.150390625,18218.099609375,18060.400390625,18203.400390625,260900,12.300000190734863,1978.699951,71.55000305175781,82.72509765625,4191.97998046875,12657.900390625
2023-05-22,18201.099609375,18335.25,18178.849609375,18314.400390625,262600,12.56999969482422,1974.800049,71.98999786376953,82.90480041503906,4192.6298828125,12720.7802734375
2023-05-23,18362.900390625,18419.75,18324.19921875,18348.0,270400,12.609999656677246,1972.400024,72.91000366210938,82.82499694824219,4145.580078125,12560.25
2023-05-24,18294.80078125,18392.599609375,18262.94921875,18285.400390625,232600,13.109999656677246,1962.800049,74.33999633789062,82.8906021118164,4115.240234375,12484.16015625
2023-05-25,18268.900390625,18338.099609375,18202.400390625,18321.150390625,235900,12.520000457763672,1943.099976,71.83000183105469,82.71369934082031,4151.27978515625,12698.08984375
2023-05-26,18368.349609375,18508.55078125,18333.150390625,18499.349609375,198700,11.899999618530272,1944.099976,72.66999816894531,82.74210357666016,4205.4501953125,12975.6904296875
2023-05-30,18606.650390625,18662.44921875,18575.5,18633.849609375,234400,12.010000228881836,1958.0,69.45999908447266,82.57969665527344,4205.52001953125,13017.4296875
2023-05-31,18594.19921875,18603.900390625,18483.849609375,18534.400390625,696500,11.970000267028809,1963.900024,68.08999633789062,82.68389892578125,4179.830078125,12935.2900390625
2023-06-01,18008.05078125,18047.400390625,17795.55078125,17859.44921875,238200,15.029999732971191,1978.0,73.7699966430664,82.64520263671875,3895.080078125,10569.2900390625
2023-06-02,17818.55078125,17823.69921875,17698.349609375,17764.599609375,282500,14.6899995803833,1952.400024,74.11000061035156,82.22599792480469,4111.080078125,11887.4501953125
2023-06-06,18600.80078125,18622.75,18531.599609375,18599.0,220800,11.380000114440918,1965.5,71.73999786376953,82.51119995117188,4283.85009765625,13276.419921875
2023-06-07,19385.69921875,19512.19921875,19373.0,19497.30078125,268300,11.84000015258789,1942.699951,71.80000305175781,82.39409637451172,4411.58984375,13679.0400390625
2023-06-09,19581.19921875,19636.44921875,19491.5,19611.05078125,287600,10.68000030517578,1962.199951,87.54000091552734,83.08609771728516,4465.47998046875,13872.4697265625
2023-06-12,20950.75,20961.94921875,20852.150390625,20937.69921875,359200,13.739999771118164,1955.300049,69.37999725341797,83.31590270996094,4549.33984375,14146.7099609375
2023-06-13,18631.80078125,18728.900390625,18631.80078125,18716.150390625,233200,11.109999656677246,1944.599976,69.41999816894531,82.33719635009766,4369.009765625,13573.3203125
2023-06-14,18744.599609375,18769.69921875,18690.0,18755.900390625,261400,11.15999984741211,1955.300049,68.2699966430664,82.29039764404297,4372.58984375,13626.48046875
2023-06-15,18774.44921875,18794.099609375,18669.05078125,18688.099609375,263000,11.079999923706056,1957.800049,70.62000274658203,82.04499816894531,4425.83984375,13782.8203125
2023-06-16,18723.30078125,18864.69921875,18710.5,18826.0,272800,10.84000015258789,1958.400024,71.77999877929688,81.9126968383789,4409.58984375,13689.5703125
2023-06-20,18752.349609375,18839.69921875,18660.650390625,18816.69921875,211600,11.130000114440918,1935.5,70.5,81.98139953613281,4388.7099609375,13667.2900390625
2023-06-21,18849.400390625,18875.900390625,18794.849609375,18856.849609375,217500,11.289999961853027,1933.300049,72.52999877929688,81.9917984008789,4365.68994140625,13502.2001953125
2023-06-22,18853.599609375,18886.599609375,18759.5,18771.25,252700,11.550000190734863,1912.699951,69.51000213623047,81.94149780273438,4381.89013671875,13630.6103515625
2023-06-23,18741.849609375,18756.400390625,18647.099609375,18665.5,210600,11.239999771118164,1919.099976,69.16000366210938,81.91929626464844,4348.330078125,13492.51953125
2023-06-26,18682.349609375,18722.05078125,18646.69921875,18691.19921875,171300,11.399999618530272,1923.699951,69.37000274658203,81.98480224609375,4328.81982421875,13335.7802734375
2023-06-27,18748.55078125,18829.25,18714.25,18817.400390625,222500,10.779999732971191,1914.0,67.69999694824219,82.00650024414062,4378.41015625,13555.669921875
2023-06-28,18908.150390625,19011.25,18861.349609375,18972.099609375,398800,10.890000343322754,1912.300049,69.55999755859375,81.99839782714844,4376.85986328125,13591.75
2023-06-30,19076.849609375,19201.69921875,19024.599609375,19189.05078125,247900,10.800000190734863,1921.099976,70.63999938964844,82.07540130615234,4450.3798828125,13787.919921875
2023-07-06,18665.599609375,18738.94921875,18636.0,18726.400390625,260100,11.4399995803833,1908.699951,72.52999877929688,82.51719665527344,4267.52001953125,13104.900390625
2023-07-07,19422.80078125,19523.599609375,19303.599609375,19331.80078125,237100,11.529999732971191,1926.199951,73.86000061035156,82.76840209960938,4398.9501953125,13660.7197265625
2023-07-11,19404.05078125,19423.5,19329.099609375,19406.69921875,198700,11.1899995803833,1931.300049,77.37000274658203,83.2228012084961,4378.3798828125,13639.8603515625
2023-07-12,20932.400390625,20941.25,20850.80078125,20901.150390625,275000,12.670000076293944,1956.199951,69.33999633789062,83.28959655761719,4585.58984375,14339.990234375
2023-07-13,19495.19921875,19567.0,19385.80078125,19413.75,310400,10.9399995803833,1959.199951,76.88999938964844,82.00180053710938,4510.0400390625,14138.5703125
2023-07-14,19493.44921875,19595.349609375,19433.5,19564.5,291200,10.68000030517578,1960.099976,75.41999816894531,82.03079986572266,4505.419921875,14113.7001953125
2023-07-17,19612.150390625,19731.849609375,19562.94921875,19711.44921875,268700,11.31999969482422,1952.400024,74.1500015258789,82.07679748535156,4522.7900390625,14244.9501953125
2023-07-18,19787.5,19819.44921875,19690.19921875,19749.25,286400,11.710000038146973,1977.199951,75.75,82.06159973144531,4554.97998046875,14353.6396484375
2023-07-19,19802.94921875,19851.69921875,19727.44921875,19833.150390625,259700,11.600000381469728,1977.5,75.3499984741211,82.07540130615234,4565.72021484375,14358.01953125
2023-07-20,19831.69921875,19991.849609375,19758.400390625,19979.150390625,274700,11.789999961853027,1968.300049,75.62999725341797,82.06169891357422,4534.8701171875,14063.3095703125
2023-07-21,19800.44921875,19887.400390625,19700.0,19745.0,312500,11.489999771118164,1964.300049,77.06999969482422,82.0823974609375,4536.33984375,14032.8095703125
2023-07-24,19748.44921875,19782.75,19658.30078125,19672.349609375,265600,11.649999618530272,1960.300049,78.73999786376953,81.99030303955078,4554.64013671875,14058.8701171875
2023-07-25,19729.349609375,19729.349609375,19615.94921875,19680.599609375,369700,10.239999771118164,1962.099976,79.62999725341797,81.81420135498047,4567.4599609375,14144.5595703125
2023-07-26,19733.349609375,19825.599609375,19716.69921875,19778.30078125,244700,10.460000038146973,1968.900024,78.77999877929688,81.95010375976562,4566.75,14127.2802734375
2023-07-27,19850.900390625,19867.55078125,19603.55078125,19659.900390625,334900,10.510000228881836,1945.400024,80.08999633789062,81.97550201416016,4537.41015625,14050.1103515625
2023-07-28,19659.75,19695.900390625,19563.099609375,19646.05078125,258700,10.140000343322754,1960.400024,80.58000183105469,82.3749008178711,4582.22998046875,14316.66015625
2023-07-31,19666.349609375,19772.75,19597.599609375,19753.80078125,295100,10.40999984741211,1970.5,81.80000305175781,82.25279998779297,4588.9599609375,14346.01953125
2023-08-02,17750.30078125,17898.69921875,17744.150390625,17871.69921875,291000,13.600000381469728,1937.400024,78.47000122070312,82.74189758300781,4117.85986328125,11910.51953125
2023-08-03,17665.75,17766.5,17602.25,17754.400390625,267000,12.449999809265137,1932.0,76.66000366210938,82.07460021972656,3992.010009765625,11576.0
2023-08-08,19627.19921875,19634.400390625,19533.099609375,19570.849609375,260300,11.329999923706056,1924.099976,82.91999816894531,82.74829864501953,4499.3798828125,13884.3203125
2023-08-09,19774.80078125,19867.150390625,19727.05078125,19819.94921875,288100,10.779999732971191,1915.400024,87.51000213623047,83.24150085449219,4457.490234375,13761.5302734375
2023-08-11,19449.599609375,19464.400390625,19401.5,19443.5,195000,11.039999961853027,1912.900024,75.33000183105469,83.23269653320312,4382.77978515625,13650.41015625
2023-08-14,19383.94921875,19465.849609375,19257.900390625,19434.55078125,243900,12.0,1910.599976,82.51000213623047,82.89730072021484,4489.72021484375,13788.330078125
2023-08-16,19369.0,19482.75,19317.19921875,19465.0,0,12.130000114440918,1896.099976,79.37999725341797,83.19419860839844,4404.330078125,13474.6298828125
2023-08-17,19450.55078125,19461.55078125,19326.25,19365.25,268700,12.239999771118164,1884.099976,80.38999938964844,83.23699951171875,4370.35986328125,13316.9296875
2023-08-18,19301.75,19373.80078125,19253.599609375,19310.150390625,256100,12.140000343322754,1886.099976,81.25,83.09829711914062,4369.7099609375,13290.7802734375
2023-08-21,19320.650390625,19425.94921875,19296.30078125,19393.599609375,262600,11.960000038146973,1893.300049,80.72000122070312,83.16729736328125,4399.77001953125,13497.58984375
2023-08-22,19417.099609375,19443.5,19381.30078125,19396.44921875,208700,11.75,1896.400024,80.3499984741211,83.1135025024414,4387.5498046875,13505.8701171875
2023-08-23,19439.19921875,19472.05078125,19366.599609375,19444.0,225200,11.729999542236328,1918.5,78.88999938964844,83.07330322265625,4436.009765625,13721.0302734375
2023-08-24,19535.150390625,19584.44921875,19369.0,19386.69921875,268300,11.699999809265137,1918.199951,79.05000305175781,82.5447006225586,4376.31005859375,13463.9697265625
2023-08-25,19297.400390625,19339.55078125,19229.69921875,19265.80078125,466500,12.079999923706056,1911.099976,79.83000183105469,82.64140319824219,4405.7099609375,13590.650390625
2023-08-28,19298.349609375,19366.849609375,19249.69921875,19306.05078125,248200,12.399999618530272,1917.900024,80.0999984741211,82.66429901123047,4433.31005859375,13705.1298828125
2023-08-29,19374.849609375,19377.900390625,19309.099609375,19342.650390625,307400,12.229999542236328,1936.5,81.16000366210938,82.69149780273438,4497.6298828125,13943.759765625
2023-08-30,19433.44921875,19452.80078125,19334.75,19347.44921875,233000,11.800000190734863,1944.300049,81.62999725341797,82.49469757080078,4514.8701171875,14019.3095703125
2023-08-31,19375.55078125,19388.19921875,19223.650390625,19253.80078125,562600,12.0600004196167,1938.199951,83.62999725341797,82.70040130615234,4507.66015625,14034.9697265625
2023-09-01,17952.55078125,18141.400390625,17936.150390625,18101.19921875,257200,14.649999618530272,1939.800049,74.62999725341797,82.27339935302734,3892.090087890625,10635.650390625
2023-09-05,18303.400390625,18344.19921875,18229.650390625,18265.94921875,245400,12.68000030517578,1926.199951,73.70999908447266,81.78710174560547,4119.169921875,12179.5498046875
2023-09-06,18655.900390625,18676.650390625,18555.400390625,18563.400390625,221800,11.119999885559082,1918.099976,70.16999816894531,82.48829650878906,4298.85986328125,13259.1396484375
2023-09-08,19578.80078125,19645.5,19467.5,19632.55078125,266500,11.140000343322754,1918.400024,84.4000015258789,82.84500122070312,4467.7099609375,13722.01953125
2023-09-11,19457.400390625,19463.900390625,19378.349609375,19395.30078125,208400,10.979999542236328,1923.300049,75.73999786376953,83.21769714355469,4347.35009765625,13521.4501953125
2023-09-13,19989.5,20096.900390625,19944.099609375,20070.0,251400,11.829999923706056,1909.099976,88.5199966430664,82.84300231933594,4467.43994140625,13813.58984375
2023-09-14,20127.94921875,20167.650390625,20043.44921875,20103.099609375,275100,11.31999969482422,1910.0,90.16000366210938,82.93679809570312,4505.10009765625,13926.0498046875
2023-09-15,20156.44921875,20222.44921875,20129.69921875,20192.349609375,438200,10.899999618530272,1923.699951,90.7699966430664,83.0282974243164,4450.31982421875,13708.330078125
2023-09-18,20155.94921875,20195.349609375,20115.69921875,20133.30078125,264900,10.84000015258789,1931.5,91.4800033569336,83.08580017089844,4453.52978515625,13710.240234375
2023-09-20,19980.75,20050.650390625,19878.849609375,19901.400390625,378100,11.130000114440918,1945.599976,90.27999877929688,83.19499969482422,4402.2001953125,13469.1298828125
2023-09-21,19840.55078125,19848.75,19709.94921875,19742.349609375,275100,10.81999969482422,1919.199951,89.62999725341797,83.08699798583984,4330.0,13223.98046875
2023-09-22,19744.849609375,19798.650390625,19657.5,19674.25,246400,10.65999984741211,1925.400024,90.02999877929688,82.89129638671875,4320.06005859375,13211.8095703125
2023-09-25,19678.19921875,19734.150390625,19601.55078125,19674.55078125,188400,10.899999618530272,1916.599976,89.68000030517578,82.97480010986328,4337.43994140625,13271.3203125
2023-09-26,19682.80078125,19699.349609375,19637.44921875,19664.69921875,204900,11.1899995803833,1900.400024,90.38999938964844,83.0282974243164,4273.52978515625,13063.6103515625
2023-09-27,19637.05078125,19730.69921875,19554.0,19716.44921875,203600,11.59000015258789,1871.599976,93.68000030517578,83.29869842529297,4274.509765625,13092.849609375
2023-09-28,19761.80078125,19766.650390625,19492.099609375,19523.55078125,352800,12.81999969482422,1860.400024,91.70999908447266,83.22270202636719,4299.7001953125,13201.2802734375
2023-09-29,19581.19921875,19726.25,19551.05078125,19638.30078125,243500,11.449999809265137,1848.099976,90.79000091552734,83.19300079345703,4288.0498046875,13219.3203125
2023-10-02,17847.55078125,17876.94921875,17801.0,17856.5,232000,12.75,1830.0,79.72000122070312,82.533203125,4090.4599609375,11718.1201171875
2023-10-03,17443.80078125,17451.5,17324.349609375,17412.900390625,235900,13.40999984741211,1824.599976,76.68000030517578,82.01840209960938,3861.590087890625,11138.8896484375
2023-10-04,17634.900390625,17694.099609375,17597.94921875,17624.05078125,254800,12.270000457763672,1818.5,79.73999786376953,81.88480377197266,4109.10986328125,12084.3603515625
2023-10-05,18313.599609375,18326.75,18211.94921875,18315.099609375,220500,13.079999923706056,1816.599976,72.55999755859375,82.1050033569336,4137.64013671875,12306.4404296875
2023-10-10,19565.599609375,19717.80078125,19565.44921875,19689.849609375,216600,11.270000457763672,1861.0,85.97000122070312,83.27030181884766,4358.240234375,13562.83984375
2023-10-11,19351.849609375,19451.30078125,19329.44921875,19425.349609375,152200,11.109999656677246,1872.800049,77.16999816894531,83.31939697265625,4415.240234375,13798.1103515625
2023-10-13,19654.55078125,19805.400390625,19635.30078125,19751.05078125,255000,10.619999885559082,1927.400024,87.69000244140625,83.26239776611328,4327.77978515625,13407.23046875
2023-10-16,19737.25,19781.30078125,19691.849609375,19731.75,181000,11.06999969482422,1921.099976,86.66000366210938,83.28230285644531,4373.6298828125,13567.98046875
2023-10-17,19843.19921875,19849.75,19775.650390625,19811.5,185800,10.699999809265137,1922.699951,86.66000366210938,83.19950103759766,4373.2001953125,13533.75
2023-10-18,19820.44921875,19840.94921875,19659.94921875,19671.099609375,198900,10.970000267028809,1955.300049,88.31999969482422,83.26429748535156,4314.60009765625,13314.2998046875
2023-10-19,19545.19921875,19681.80078125,19512.349609375,19624.69921875,230300,10.899999618530272,1968.400024,89.37000274658203,83.26860046386719,4278.0,13186.1796875
2023-10-20,19542.150390625,19593.80078125,19518.69921875,19542.650390625,198300,10.81999969482422,1982.5,88.75,83.12229919433594,4224.16015625,12983.8095703125
2023-10-23,19521.599609375,19556.849609375,19257.849609375,19281.75,176000,10.90999984741211,1976.300049,85.48999786376953,83.15979766845703,4217.0400390625,13018.330078125
2023-10-25,19286.44921875,19347.30078125,19074.150390625,19122.150390625,225300,11.3100004196167,1984.099976,85.38999938964844,82.98780059814453,4186.77001953125,12821.2197265625
2023-10-26,19027.25,19041.69921875,18837.849609375,18857.25,300400,11.729999542236328,1987.199951,83.20999908447266,83.1709976196289,4137.22998046875,12595.6103515625
2023-10-27,18928.75,19076.150390625,18926.650390625,19047.25,205200,10.90999984741211,1988.599976,85.54000091552734,83.28250122070312,4117.3701171875,12643.009765625
2023-10-30,19053.400390625,19158.5,18940.0,19140.900390625,180100,11.489999771118164,1996.199951,82.30999755859375,83.41339874267578,4166.81982421875,12789.48046875
2023-10-31,19232.94921875,19233.69921875,19056.44921875,19079.599609375,206000,11.829999923706056,1985.199951,81.0199966430664,83.29650115966797,4193.7998046875,12851.240234375
2023-11-01,17924.25,17976.349609375,17824.349609375,17895.69921875,259900,15.4399995803833,1978.800049,77.41000366210938,81.63739776611328,3969.610107421875,10931.669921875
2023-11-07,19427.099609375,19515.099609375,19406.44921875,19439.400390625,251300,11.010000228881836,1966.800049,74.83000183105469,82.52529907226562,4439.259765625,13760.7001953125
2023-11-08,19554.25,19557.75,19412.75,19428.30078125,235500,11.520000457763672,1951.5,83.19000244140625,82.79989624023438,4464.0498046875,13644.849609375
2023-11-09,19890.0,20008.150390625,19865.349609375,19996.349609375,248800,11.350000381469728,1964.199951,87.29000091552734,83.03130340576172,4487.4599609375,13917.8896484375
2023-11-10,19767.0,19839.19921875,19756.94921875,19811.349609375,213700,10.989999771118164,1932.599976,83.48999786376953,83.25029754638672,4376.9501953125,13659.6796875
2023-11-13,19486.75,19494.400390625,19414.75,19443.55078125,189300,11.1899995803833,1945.5,78.26000213623047,83.29889678955078,4411.5498046875,13767.740234375
2023-11-15,19651.400390625,19693.19921875,19579.650390625,19675.44921875,291500,11.140000343322754,1960.099976,76.66000366210938,82.98159790039062,4502.8798828125,14103.83984375
2023-11-16,19674.69921875,19875.25,19627.0,19765.19921875,282700,11.649999618530272,1983.900024,72.9000015258789,83.18620300292969,4508.240234375,14113.669921875
2023-11-17,19674.75,19806.0,19667.44921875,19731.80078125,236800,11.829999923706056,1981.599976,75.88999938964844,83.12030029296875,4514.02001953125,14125.48046875
2023-11-20,19731.150390625,19756.44921875,19670.5,19694.0,173800,12.149999618530272,1977.699951,77.5999984741211,83.29149627685547,4547.3798828125,14284.5302734375
2023-11-21,19770.900390625,19829.099609375,19754.05078125,19783.400390625,195000,12.229999542236328,1999.300049,77.7699966430664,83.32219696044922,4538.18994140625,14199.98046875
2023-11-22,19784.0,19825.55078125,19703.849609375,19811.849609375,184500,11.869999885559082,1991.400024,77.0999984741211,83.345703125,4556.6201171875,14265.8603515625
2023-11-24,19809.599609375,19832.849609375,19768.849609375,19794.69921875,145900,11.329999923706056,2002.199951,75.54000091552734,83.34400177001953,4559.33984375,14250.849609375
2023-11-28,19844.650390625,19916.849609375,19800.0,19889.69921875,229600,12.18000030517578,2039.699951,76.41000366210938,83.364501953125,4554.89013671875,14281.759765625
2023-11-29,19976.55078125,20104.650390625,19956.30078125,20096.599609375,236200,12.710000038146973,2047.099976,77.86000061035156,83.41809844970703,4550.580078125,14258.490234375
2023-11-30,20108.5,20158.69921875,20015.849609375,20133.150390625,486600,12.6899995803833,2038.099976,75.95999908447266,83.3302993774414,4567.7998046875,14226.2197265625
2023-12-01,17920.849609375,17945.80078125,17761.650390625,17858.19921875,227800,15.279999732971191,2071.0,78.38999938964844,81.63179779052734,3983.169921875,11001.099609375
2023-12-04,17759.55078125,17825.75,17717.25,17812.400390625,232800,12.270000457763672,2024.099976,83.26000213623047,82.07009887695312,4091.949951171875,11929.33984375
2023-12-05,18273.75,18342.75,18194.55078125,18314.80078125,241700,12.850000381469728,2018.5,70.04000091552734,82.10030364990234,4124.080078125,12284.740234375
2023-12-06,18595.05078125,18633.599609375,18559.75,18601.5,179500,11.25,2030.5,67.12000274658203,82.4448013305664,4338.93017578125,13461.919921875
2023-12-07,19497.44921875,19507.69921875,19361.75,19384.30078125,327900,10.9399995803833,2029.900024,75.75,82.39990234375,4472.16015625,13918.9599609375
2023-12-12,21018.55078125,21037.900390625,20867.150390625,20906.400390625,244900,12.710000038146973,1977.800049,68.61000061035156,83.34349822998047,4643.7001953125,14533.400390625
2023-12-13,20929.75,20950.0,20769.5,20926.349609375,260300,12.06999969482422,1982.300049,69.47000122070312,83.39600372314453,4707.08984375,14733.9599609375
2023-12-14,21110.400390625,21210.900390625,21074.44921875,21182.69921875,334400,12.31999969482422,2030.199951,71.58000183105469,83.2853012084961,4719.5498046875,14761.5595703125
2023-12-15,21287.44921875,21492.30078125,21235.30078125,21456.650390625,508800,13.130000114440918,2021.099976,71.43000030517578,83.29660034179688,4719.18994140625,14813.919921875
2023-12-18,21434.80078125,21482.80078125,21365.349609375,21418.650390625,249700,13.899999618530272,2026.300049,72.47000122070312,83.04170227050781,4740.56005859375,14904.8095703125
2023-12-19,21477.650390625,21505.05078125,21337.75,21453.099609375,249800,13.869999885559082,2038.400024,73.44000244140625,83.11119842529297,4768.3701171875,15003.2197265625
2023-12-20,21543.5,21593.0,21087.349609375,21150.150390625,363900,14.449999809265137,2034.5,74.22000122070312,83.09159851074219,4698.35009765625,14777.9404296875
2023-12-21,21033.94921875,21288.349609375,20976.80078125,21255.05078125,277500,13.760000228881836,2039.099976,73.88999938964844,83.26719665527344,4746.75,14963.8701171875
2023-12-22,21295.849609375,21390.5,21232.44921875,21349.400390625,284700,13.710000038146973,2057.100098,73.55999755859375,83.13159942626953,4754.6298828125,14992.9697265625
2023-12-26,21365.19921875,21477.150390625,21329.44921875,21441.349609375,219500,14.68000030517578,2058.199951,75.56999969482422,83.17230224609375,4774.75,15074.5703125
2023-12-27,21497.650390625,21675.75,21495.80078125,21654.75,256500,15.5600004196167,2081.899902,74.11000061035156,83.18280029296875,4781.580078125,15099.1796875
2023-12-28,21715.0,21801.44921875,21678.0,21778.69921875,393100,15.140000343322754,2073.899902,71.7699966430664,83.26719665527344,4783.35009765625,15095.1396484375
2023-12-29,21737.650390625,21770.30078125,21676.900390625,21731.400390625,270900,14.5,2062.399902,71.6500015258789,82.302001953125,4769.830078125,15011.349609375
2024-01-02,21780.650390625,21832.94921875,21658.75,21697.44921875,332500,14.460000038146973,2064.399902,73.81999969482422,83.05359649658203,4906.18994140625,15361.6396484375
2024-01-03,22048.30078125,22353.30078125,22047.75,22338.75,351500,15.239999771118164,2034.199951,79.97000122070312,82.910400390625,5137.080078125,16274.9404296875
2024-01-04,22455.0,22529.94921875,22427.75,22462.0,0,12.079999923706056,2042.300049,83.70999908447266,83.36479949951172,5243.77001953125,16396.830078125
2024-01-08,25030.94921875,25078.30078125,24956.400390625,25010.900390625,431300,12.93000030517578,2026.599976,76.30999755859375,83.7177963256836,5446.68017578125,17194.150390625
2024-01-10,25788.44921875,25907.599609375,25739.19921875,25796.900390625,247400,11.989999771118164,2021.699951,69.83000183105469,83.82730102539062,5708.75,17910.359375
2024-01-11,24302.75,24368.25,24280.19921875,24304.349609375,38800,15.899999618530272,2014.300049,69.48999786376953,84.09149932861328,5728.7998046875,18239.919921875
2024-01-16,22080.5,22124.150390625,21969.80078125,22032.30078125,292400,13.56999969482422,2026.0,72.4000015258789,82.8593978881836,4765.97998046875,14944.349609375
2024-01-17,21647.25,21851.5,21550.44921875,21571.94921875,456000,15.079999923706056,2002.599976,72.55999755859375,83.08899688720703,4739.2099609375,14855.6201171875
2024-01-18,21414.19921875,21539.400390625,21285.55078125,21462.25,387300,14.06999969482422,2018.599976,74.08000183105469,83.17759704589844,4780.93994140625,15055.650390625
2024-01-19,21615.19921875,21670.599609375,21575.0,21622.400390625,343100,13.880000114440918,2026.5,73.41000366210938,83.16059875488281,4839.81005859375,15310.9697265625
2024-01-23,21716.69921875,21750.25,21192.599609375,21238.80078125,449700,14.850000381469728,2023.699951,74.37000274658203,83.09510040283203,4864.60009765625,15425.9404296875
2024-01-24,21185.25,21482.349609375,21137.19921875,21453.94921875,407500,14.380000114440918,2013.900024,75.08999633789062,83.22139739990234,4868.5498046875,15481.919921875
2024-01-25,21454.599609375,21459.0,21247.05078125,21352.599609375,418100,13.869999885559082,2016.900024,77.36000061035156,83.09760284423828,4894.16015625,15510.5
2024-01-29,21433.099609375,21763.25,21429.599609375,21737.599609375,376700,15.68000030517578,2025.199951,76.77999877929688,83.12129974365234,4927.93017578125,15628.0400390625
2024-01-30,21775.75,21813.05078125,21501.80078125,21522.099609375,375100,16.100000381469727,2031.5,77.81999969482422,83.1530990600586,4924.97021484375,15509.900390625
2024-01-31,21487.25,21741.349609375,21448.849609375,21725.69921875,410600,16.049999237060547,2048.399902,75.8499984741211,83.10970306396484,4845.64990234375,15164.009765625
2024-02-01,21751.349609375,21755.599609375,21555.650390625,21665.80078125,263700,14.579999923706056,2053.0,70.37999725341797,83.20259857177734,4742.830078125,14765.9404296875
2024-02-02,21812.75,22126.80078125,21805.55078125,21853.80078125,442800,14.699999809265137,2036.099976,72.27999877929688,82.92759704589844,4958.60986328125,15628.9501953125
2024-02-05,22567.849609375,22710.5,22567.849609375,22648.19921875,445900,13.449999809265137,2025.699951,78.94999694824219,83.40640258789062,5064.2001953125,15840.9599609375
2024-02-07,24228.75,24236.349609375,24056.400390625,24123.849609375,0,13.640000343322754,2035.199951,82.80999755859375,83.44129943847656,5509.009765625,18028.759765625
2024-02-08,24789.0,24851.900390625,24686.849609375,24717.69921875,345000,14.31999969482422,2032.199951,73.5199966430664,83.743896484375,5346.56005859375,16776.16015625
2024-02-12,24140.849609375,24301.69921875,24008.650390625,24276.05078125,220400,14.699999809265137,2018.199951,68.0999984741211,84.55699920654297,6047.14990234375,19403.94921875
2024-02-13,21664.30078125,21766.80078125,21543.349609375,21743.25,365800,15.8100004196167,1992.900024,77.87000274658203,82.99019622802734,4953.169921875,15655.599609375
2024-02-14,21578.150390625,21870.849609375,21530.19921875,21840.05078125,359100,15.4399995803833,1990.300049,76.63999938964844,83.07460021972656,5000.6201171875,15859.150390625
2024-02-15,21906.55078125,21953.849609375,21794.80078125,21910.75,345400,15.229999542236328,2002.099976,78.02999877929688,83.04309844970703,5029.72998046875,15906.169921875
2024-02-16,22020.30078125,22068.650390625,21968.94921875,22040.69921875,343900,15.220000267028809,2011.5,79.19000244140625,83.00959777832031,5005.56982421875,15775.650390625
2024-02-20,22099.19921875,22215.599609375,22045.849609375,22196.94921875,295700,16.06999969482422,2027.5,78.18000030517578,83.02100372314453,4975.509765625,15630.7802734375
2024-02-21,22248.849609375,22249.400390625,21997.94921875,22055.05078125,364500,15.93000030517578,2022.300049,77.91000366210938,82.8291015625,4981.7998046875,15580.8701171875
2024-02-22,22081.55078125,22252.5,21875.25,22217.44921875,343500,15.199999809265137,2019.699951,78.61000061035156,82.93840026855469,5087.02978515625,16041.6201171875
2024-02-23,22290.0,22297.5,22186.099609375,22212.69921875,226000,14.970000267028809,2038.599976,76.48999786376953,82.87229919433594,5088.7998046875,15996.8203125
2024-02-26,22169.19921875,22202.150390625,22075.150390625,22122.05078125,207800,15.600000381469728,2028.5,77.58000183105469,82.88179779052734,5069.52978515625,15976.25
2024-02-27,22090.19921875,22218.25,22085.650390625,22198.349609375,252200,15.729999542236328,2034.0,78.87000274658203,82.85199737548828,5078.18017578125,16035.2998046875
2024-02-28,22214.099609375,22229.150390625,21915.849609375,21951.150390625,203000,16.329999923706055,2033.0,78.54000091552734,82.94819641113281,5069.759765625,15947.740234375
2024-02-29,21935.19921875,22060.55078125,21860.650390625,21982.80078125,360200,15.56999969482422,2045.699951,78.26000213623047,82.91190338134766,5096.27001953125,16091.919921875
2024-03-01,21661.099609375,21677.0,21500.349609375,21517.349609375,311900,14.100000381469728,2086.899902,72.69999694824219,83.25700378417969,4704.81005859375,14592.2099609375
2024-03-04,22385.69921875,22521.099609375,22346.5,22434.650390625,309600,11.369999885559082,2117.699951,85.43000030517578,83.35030364990234,5211.490234375,16277.4599609375
2024-03-05,22766.349609375,22794.69921875,22348.05078125,22475.849609375,438100,14.619999885559082,2133.5,78.11000061035156,83.40630340576172,5127.7900390625,16156.330078125
2024-03-06,23337.900390625,23338.69921875,23062.30078125,23263.900390625,569400,20.940000534057617,2150.300049,74.22000122070312,83.45079803466797,5283.39990234375,16828.669921875
2024-03-07,24291.75,24309.150390625,24207.099609375,24286.5,0,13.210000038146973,2158.0,83.87999725341797,83.4791030883789,5537.02001953125,18188.30078125
2024-03-12,24367.5,24481.349609375,24280.0,24457.150390625,339500,14.369999885559082,2160.399902,69.94000244140625,84.73709869384766,6049.8798828125,19480.91015625
2024-03-13,22432.19921875,22446.75,21905.650390625,21997.69921875,493300,14.43000030517578,2175.399902,79.72000122070312,82.83509826660156,5165.31005859375,16177.76953125
2024-03-14,21982.55078125,22204.599609375,21917.5,22146.650390625,426700,13.619999885559082,2163.0,81.26000213623047,82.83110046386719,5150.47998046875,16128.5302734375
2024-03-15,22064.849609375,22120.900390625,21931.69921875,22023.349609375,661500,13.6899995803833,2157.300049,81.04000091552734,82.9655990600586,5117.08984375,15973.169921875
2024-03-18,21990.099609375,22123.69921875,21916.55078125,22055.69921875,356300,13.899999618530272,2160.699951,82.72000122070312,82.88890075683594,5149.419921875,16103.4501953125
2024-03-19,21946.44921875,21978.30078125,21793.099609375,21817.44921875,344200,14.109999656677246,2156.300049,83.47000122070312,82.86360168457031,5178.509765625,16166.7900390625
2024-03-20,21843.900390625,21930.900390625,21710.19921875,21839.099609375,312400,13.470000267028809,2157.899902,81.68000030517578,83.04239654541016,5224.6201171875,16369.41015625
2024-03-21,21989.900390625,22080.94921875,21941.30078125,22011.94921875,353200,12.510000228881836,2182.399902,81.06999969482422,83.05460357666016,5241.52978515625,16401.83984375
2024-03-22,21932.19921875,22180.69921875,21883.30078125,22096.75,388700,12.220000267028809,2158.100098,80.62999725341797,83.22660064697266,5234.18017578125,16428.8203125
2024-03-26,21947.900390625,22073.19921875,21947.55078125,22004.69921875,328400,12.81999969482422,2175.600098,81.62000274658203,83.41739654541016,5203.580078125,16315.7001953125
2024-03-27,22053.94921875,22193.599609375,22052.849609375,22123.650390625,409100,12.699999809265137,2190.600098,81.3499984741211,83.34549713134766,5248.490234375,16399.51953125
2024-03-28,22163.599609375,22516.0,22163.599609375,22326.900390625,410500,12.829999923706056,2217.399902,83.16999816894531,83.36499786376953,5254.35009765625,16379.4599609375
2024-04-01,21605.80078125,21685.650390625,21564.55078125,21658.599609375,339200,13.329999923706056,2236.5,72.19000244140625,83.31809997558594,4688.68017578125,14510.2998046875
2024-04-03,22403.5,22440.900390625,22358.30078125,22405.599609375,298800,14.920000076293944,2294.399902,78.73999786376953,82.84609985351562,5130.9501953125,16207.509765625
2024-04-04,22592.099609375,22619.0,22303.80078125,22514.650390625,401000,11.220000267028809,2288.800049,86.58999633789062,83.37329864501953,5147.2099609375,16049.080078125
2024-04-09,25089.94921875,25216.0,25083.80078125,25198.69921875,253800,14.380000114440918,2343.5,69.19999694824219,83.95030212402344,5520.06982421875,17084.30078125
2024-04-10,25181.900390625,25485.05078125,24966.80078125,25014.599609375,374900,14.130000114440918,2329.600098,74.37999725341797,84.0093994140625,5751.06982421875,18137.849609375
2024-04-11,24315.75,24316.75,23816.150390625,23995.349609375,285500,16.690000534057617,2354.800049,71.47000122070312,84.13359832763672,5712.68994140625,18179.98046875
2024-04-12,24488.75,24573.19921875,24366.30078125,24467.44921875,348000,14.449999809265137,2356.199951,68.54000091552734,84.68309783935547,6086.490234375,19735.119140625
2024-04-15,22339.05078125,22427.44921875,22259.55078125,22272.5,355500,12.470000267028809,2365.800049,85.41000366210938,83.61109924316406,5061.81982421875,15885.01953125
2024-04-16,22125.30078125,22213.75,22079.44921875,22147.900390625,317300,12.619999885559082,2390.800049,85.36000061035156,83.50599670410156,5051.41015625,15865.25
2024-04-18,22212.349609375,22326.5,21961.69921875,21995.849609375,456900,13.039999961853027,2382.300049,82.7300033569336,83.5958023071289,5011.1201171875,15601.5
2024-04-19,21861.5,22179.55078125,21777.650390625,22147.0,362500,13.460000038146973,2398.399902,83.13999938964844,83.54499816894531,4967.22998046875,15282.009765625
2024-04-22,22336.900390625,22375.650390625,22198.150390625,22336.400390625,279300,12.699999809265137,2332.199951,82.8499984741211,83.38529968261719,5010.60009765625,15451.3095703125
2024-04-23,22447.05078125,22447.55078125,22349.44921875,22368.0,231500,10.199999809265137,2327.699951,83.36000061035156,83.38619995117188,5070.5498046875,15696.6396484375
2024-04-24,22421.55078125,22476.44921875,22384.0,22402.400390625,235900,10.279999732971191,2324.5,82.80999755859375,83.2833023071289,5071.6298828125,15712.75
2024-04-25,22316.900390625,22625.94921875,22305.25,22570.349609375,475000,10.729999542236328,2329.800049,83.56999969482422,83.3405990600586,5048.419921875,15611.759765625
2024-04-26,22620.400390625,22620.400390625,22385.55078125,22419.94921875,329900,10.93000030517578,2334.800049,83.8499984741211,83.30180358886719,5099.9599609375,15927.900390625
2024-04-29,22475.55078125,22655.80078125,22441.900390625,22643.400390625,292000,12.239999771118164,2345.399902,82.62999725341797,83.40229797363281,5116.169921875,15983.080078125
2024-04-30,22679.650390625,22783.349609375,22568.400390625,22604.849609375,361900,12.869999885559082,2291.399902,81.93000030517578,83.45110321044922,5035.68994140625,15657.8203125
2024-05-01,21705.75,21749.599609375,21629.19921875,21710.80078125,309300,12.630000114440918,2299.899902,73.80999755859375,83.2406005859375,4697.240234375,14524.0703125
2024-05-02,21921.05078125,21964.30078125,21726.94921875,21771.69921875,440800,15.619999885559082,2299.199951,72.77999877929688,82.99929809570312,4942.81005859375,15597.6796875
2024-05-03,22371.25,22416.900390625,22269.150390625,22356.30078125,296200,14.380000114440918,2299.0,78.1500015258789,82.9104995727539,5078.64990234375,15939.58984375
2024-05-06,22128.349609375,22670.400390625,21791.94921875,22620.349609375,638500,18.88999938964844,2321.600098,74.06999969482422,83.62940216064453,5354.02978515625,17187.900390625
2024-05-07,24213.349609375,24363.0,24168.849609375,24323.849609375,298400,12.699999809265137,2315.199951,83.16000366210938,83.49340057373047,5567.18994140625,18352.759765625
2024-05-08,24302.849609375,24350.05078125,23893.69921875,24055.599609375,487000,20.3700008392334,2313.600098,72.94000244140625,83.73529815673828,5186.330078125,16200.080078125
2024-05-09,25250.5,25275.44921875,25127.75,25145.099609375,222200,14.210000038146973,2332.100098,69.1500015258789,83.98249816894531,5503.41015625,17127.66015625
2024-05-13,22027.94921875,22131.650390625,21821.05078125,22104.05078125,278200,20.600000381469727,2336.100098,79.12000274658203,83.5248031616211,5221.419921875,16388.240234375
2024-05-14,22112.900390625,22270.05078125,22081.25,22217.849609375,230200,20.200000762939453,2353.399902,78.0199966430664,83.50550079345703,5246.68017578125,16511.1796875
2024-05-15,22255.599609375,22297.55078125,22151.75,22200.55078125,231900,20.270000457763672,2388.699951,78.62999725341797,83.52420043945312,5308.14990234375,16742.390625
2024-05-16,22319.19921875,22432.25,22054.55078125,22403.849609375,368900,20.0,2380.0,79.2300033569336,83.40509796142578,5297.10009765625,16698.3203125
2024-05-17,22415.25,22502.150390625,22345.650390625,22466.099609375,242700,19.799999237060547,2412.199951,80.05999755859375,83.47010040283203,5303.27001953125,16685.970703125
2024-05-21,22404.55078125,22591.099609375,22404.55078125,22529.05078125,347600,21.809999465942383,2421.699951,79.26000213623047,83.31500244140625,5321.41015625,16832.619140625
2024-05-22,22576.599609375,22629.5,22483.150390625,22597.80078125,290300,21.46999931335449,2389.199951,77.56999969482422,83.31680297851562,5307.009765625,16801.5390625
2024-05-23,22614.099609375,22993.599609375,22577.44921875,22967.650390625,369800,21.3799991607666,2335.0,76.87000274658203,83.26709747314453,5267.83984375,16736.029296875
2024-05-24,22930.75,23026.400390625,22908.0,22957.099609375,261900,21.709999084472656,2332.5,77.72000122070312,83.2863998413086,5304.72021484375,16920.7890625
2024-05-28,22977.150390625,22998.55078125,22858.5,22888.150390625,217900,24.200000762939453,2355.199951,79.83000183105469,83.14569854736328,5306.0400390625,17019.880859375
2024-05-29,22762.75,22825.5,22685.44921875,22704.69921875,269900,24.18000030517578,2340.300049,79.2300033569336,83.20649719238281,5266.9501953125,16920.580078125
2024-05-30,22617.44921875,22705.75,22417.0,22488.650390625,373400,24.18000030517578,2342.899902,77.91000366210938,83.3656005859375,5235.47998046875,16737.080078125
2024-05-31,22568.099609375,22653.75,22465.099609375,22530.69921875,572100,24.600000381469727,2322.899902,76.98999786376953,83.3208999633789,5277.509765625,16735.01953125
2024-06-03,22327.5,22497.19921875,22224.349609375,22474.05078125,312300,14.300000190734863,2346.600098,79.12999725341797,82.88480377197266,5104.759765625,16031.5400390625
2024-06-05,22561.599609375,22588.80078125,22409.44921875,22442.69921875,320300,16.600000381469727,2354.100098,78.4800033569336,83.37999725341797,5180.740234375,16349.25
2024-06-06,22798.599609375,22910.150390625,22642.599609375,22821.400390625,480400,16.799999237060547,2370.300049,75.55000305175781,83.38079833984375,5352.9599609375,17173.119140625
2024-06-11,24308.75,24537.599609375,24204.05078125,24484.05078125,351100,14.869999885559082,2307.5,71.69000244140625,84.11630249023438,5929.0400390625,18983.470703125
2024-06-12,24729.44921875,24751.05078125,24620.5,24677.80078125,226700,14.140000343322754,2336.0,67.19999694824219,84.68379974365234,6090.27001953125,19859.76953125
2024-06-13,23480.94921875,23481.05078125,23353.900390625,23398.900390625,268300,13.489999771118164,2300.199951,78.62000274658203,83.5343017578125,5433.740234375,17667.560546875
2024-06-14,23464.94921875,23490.400390625,23334.25,23465.599609375,223100,12.81999969482422,2331.399902,78.44999694824219,83.52210235595703,5431.60009765625,17688.880859375
2024-06-18,23570.80078125,23579.05078125,23499.69921875,23557.900390625,272200,12.970000267028809,2330.399902,81.56999969482422,83.51010131835938,5487.02978515625,17862.23046875
2024-06-20,23586.150390625,23624.0,23442.599609375,23567.0,280300,13.350000381469728,2353.800049,82.16999816894531,83.41950225830078,5473.169921875,17721.58984375
2024-06-21,23661.150390625,23667.099609375,23398.19921875,23501.099609375,609900,13.18000030517578,2316.399902,80.7300033569336,83.60160064697266,5464.6201171875,17689.359375
2024-06-24,23382.30078125,23558.099609375,23350.0,23537.849609375,239400,14.0600004196167,2330.0,81.62999725341797,83.5625,5447.8701171875,17496.8203125
2024-06-25,23577.099609375,23754.150390625,23562.05078125,23721.30078125,298100,14.3100004196167,2316.600098,80.83000183105469,83.46040344238281,5469.2998046875,17717.650390625
2024-06-26,23723.099609375,23889.900390625,23670.44921875,23868.80078125,287800,14.050000190734863,2299.199951,80.9000015258789,83.41459655761719,5477.89990234375,17805.16015625
2024-06-27,23881.55078125,24087.44921875,23805.400390625,24044.5,515200,14.149999618530272,2324.5,81.73999786376953,83.58039855957031,5482.8701171875,17858.6796875
2024-06-28,24085.900390625,24174.0,23985.80078125,24010.599609375,354800,13.800000190734863,2327.699951,81.54000091552734,83.45089721679688,5460.47998046875,17732.599609375
2024-07-02,22045.05078125,22053.30078125,21860.150390625,21930.5,346300,15.510000228881836,2323.0,73.86000061035156,83.07060241699219,4995.06005859375,15756.6396484375
2024-07-03,22505.30078125,22525.650390625,22430.0,22493.55078125,379900,13.609999656677246,2359.800049,78.93000030517578,82.81909942626953,5157.35986328125,16273.3798828125
2024-07-05,22489.75,22499.05078125,22232.05078125,22302.5,297800,17.010000228881836,2388.5,78.37999725341797,83.4728012084961,5187.7001953125,16332.5595703125
2024-07-08,24289.400390625,24337.69921875,24184.900390625,24297.5,317600,16.170000076293945,2355.199951,75.2300033569336,83.93489837646484,5199.5,16195.8095703125
2024-07-10,25084.099609375,25143.0,24694.349609375,24795.75,374300,15.079999923706056,2372.199951,77.13999938964844,84.02780151367188,5695.93994140625,17923.900390625
2024-07-11,24489.599609375,24503.349609375,24179.05078125,24199.349609375,322200,14.9399995803833,2415.0,72.36000061035156,84.2511978149414,5973.10009765625,19269.4609375
2024-07-15,24587.599609375,24635.05078125,24522.75,24586.69921875,305400,14.1899995803833,2422.899902,81.91000366210938,83.52030181884766,5631.22021484375,18472.5703125
2024-07-16,24615.900390625,24661.25,24587.650390625,24613.0,283200,14.220000267028809,2462.399902,80.76000213623047,83.58760070800781,5667.2001953125,18509.33984375
2024-07-18,24543.80078125,24837.75,24504.44921875,24800.849609375,350900,14.510000228881836,2451.800049,82.81999969482422,83.57209777832031,5544.58984375,17871.220703125
2024-07-19,24853.80078125,24854.80078125,24508.150390625,24530.900390625,343800,14.829999923706056,2395.5,80.12999725341797,83.67430114746094,5505.0,17726.939453125
2024-07-22,24445.75,24595.19921875,24362.30078125,24509.25,324200,15.4399995803833,2392.0,79.77999877929688,83.73030090332031,5564.41015625,18007.5703125
2024-07-23,24568.900390625,24582.55078125,24074.19921875,24479.05078125,436400,12.75,2404.600098,76.95999908447266,83.67130279541016,5555.740234375,17997.349609375
2024-07-24,24444.94921875,24504.25,24307.25,24413.5,366600,11.760000228881836,2413.300049,77.58999633789062,83.70680236816406,5427.1298828125,17342.41015625
2024-07-25,24230.94921875,24426.150390625,24210.80078125,24406.099609375,391800,12.619999885559082,2351.899902,78.27999877929688,83.74299621582031,5399.22021484375,17181.720703125
2024-07-26,24423.349609375,24861.150390625,24410.900390625,24834.849609375,383800,12.25,2380.0,77.16000366210938,83.73760223388672,5459.10009765625,17357.880859375
2024-07-29,24943.30078125,24999.75,24774.599609375,24836.099609375,355000,12.949999809265137,2377.300049,75.80999755859375,83.72779846191406,5463.5400390625,17370.19921875
2024-07-30,24839.400390625,24971.75,24798.650390625,24857.30078125,385000,12.880000114440918,2405.0,74.7300033569336,83.75050354003906,5436.43994140625,17147.419921875
2024-07-31,24886.69921875,24984.599609375,24856.5,24951.150390625,333600,13.25,2426.5,77.91000366210938,83.73899841308594,5522.2998046875,17599.400390625
2024-08-01,21747.599609375,21763.94921875,21492.900390625,21513.0,231500,13.460000038146973,2435.0,70.7699966430664,83.19110107421875,4763.5400390625,14843.76953125
2024-08-02,22009.650390625,22011.05078125,21665.30078125,21717.94921875,491100,15.829999923706056,2425.699951,76.22000122070312,83.01260375976562,4997.91015625,15793.7099609375
2024-08-05,22231.19921875,22368.650390625,22185.19921875,22302.5,277400,17.079999923706055,2401.699951,78.98999786376953,83.46990203857422,5187.669921875,16302.759765625
2024-08-07,24329.44921875,24344.599609375,24240.55078125,24320.55078125,266300,13.600000381469728,2390.5,82.33000183105469,83.47209930419922,5572.85009765625,18403.740234375
2024-08-08,24248.55078125,24340.5,24079.69921875,24117.0,311900,16.600000381469727,2422.199951,76.19000244140625,83.94239807128906,5319.31005859375,16660.01953125
2024-08-13,24342.349609375,24359.94921875,24116.5,24139.0,239700,16.170000076293945,2466.699951,78.3499984741211,83.88999938964844,5434.43017578125,17187.609375
2024-08-14,24184.400390625,24196.5,24099.69921875,24143.75,303300,15.4399995803833,2439.399902,76.9800033569336,83.88200378417969,5455.2099609375,17192.599609375
2024-08-16,24334.849609375,24563.900390625,24204.5,24541.150390625,271600,14.399999618530272,2498.600098,76.6500015258789,83.94830322265625,5554.25,17631.720703125
2024-08-19,24636.349609375,24638.80078125,24522.94921875,24572.650390625,243600,14.31999969482422,2501.800049,74.37000274658203,83.88980102539062,5608.25,17876.76953125
2024-08-20,24648.900390625,24734.30078125,24607.19921875,24698.849609375,238300,13.81999969482422,2511.300049,74.04000091552734,83.87860107421875,5597.1201171875,17816.939453125
2024-08-21,24680.55078125,24787.94921875,24654.5,24770.19921875,257100,13.329999923706056,2508.399902,71.93000030517578,83.77940368652344,5620.85009765625,17918.990234375
2024-08-22,24863.400390625,24867.349609375,24784.44921875,24811.5,220300,13.0,2478.899902,73.01000213623047,83.88860321044922,5570.64013671875,17619.349609375
2024-08-23,24845.400390625,24858.400390625,24771.650390625,24823.150390625,206800,13.550000190734863,2508.399902,74.83000183105469,83.94059753417969,5634.60986328125,17877.7890625
2024-08-26,24906.099609375,25043.80078125,24874.69921875,25010.599609375,210300,13.800000190734863,2517.699951,77.41999816894531,83.81379699707031,5616.83984375,17725.76953125
2024-08-27,25024.80078125,25073.099609375,24973.650390625,25017.75,223300,13.630000114440918,2516.0,75.52999877929688,83.88369750976562,5625.7998046875,17754.8203125
2024-08-28,25030.80078125,25129.599609375,24964.650390625,25052.349609375,220400,13.949999809265137,2501.0,74.5199966430664,83.92160034179688,5592.18017578125,17556.029296875
2024-08-29,25035.30078125,25192.900390625,24998.5,25151.94921875,354000,13.789999961853027,2525.699951,75.91000366210938,83.94149780273438,5591.9599609375,17516.4296875
2024-08-30,25249.69921875,25268.349609375,25199.400390625,25235.900390625,638200,13.390000343322754,2493.800049,73.55000305175781,83.89510345458984,5648.39990234375,17713.619140625
2024-09-04,22765.099609375,22768.400390625,22612.25,22642.75,232400,11.359999656677246,2493.399902,85.2300033569336,83.26959991455078,5209.91015625,16306.6396484375
2024-09-05,22224.80078125,22307.75,21932.400390625,21957.5,331300,18.200000762939453,2511.399902,79.26000213623047,83.46430206298828,5214.080078125,16346.259765625
2024-09-09,24823.400390625,24957.5,24753.150390625,24936.400390625,254400,14.239999771118164,2501.800049,68.70999908447266,83.98259735107422,5471.0498046875,16884.599609375
2024-09-10,25065.80078125,25234.05078125,24947.69921875,24981.94921875,290600,14.119999885559082,2512.300049,73.23999786376953,83.91459655761719,5792.0400390625,18291.619140625
2024-09-12,24633.900390625,24705.0,24580.05078125,24619.0,248100,14.109999656677246,2551.199951,68.37000274658203,84.66600036621094,6052.85009765625,19736.689453125
2024-09-13,25430.44921875,25430.5,25292.44921875,25356.5,250800,12.550000190734863,2581.300049,68.6500015258789,83.93479919433594,5626.02001953125,17683.98046875
2024-09-16,25406.650390625,25445.69921875,25336.19921875,25383.75,168700,12.460000038146973,2580.399902,70.08999633789062,83.88480377197266,5633.08984375,17592.130859375
2024-09-17,25416.900390625,25441.650390625,25352.25,25418.55078125,216000,12.59000015258789,2564.300049,71.19000244140625,83.88400268554688,5634.580078125,17628.060546875
2024-09-18,25402.400390625,25482.19921875,25285.55078125,25377.55078125,215700,13.369999885559082,2570.699951,70.91000366210938,83.77059936523438,5618.259765625,17573.30078125
2024-09-19,25487.05078125,25611.94921875,25376.05078125,25415.80078125,314500,12.470000267028809,2588.0,71.94999694824219,83.69170379638672,5713.64013671875,18013.98046875
2024-09-20,25525.94921875,25849.25,25426.599609375,25790.94921875,533100,12.789999961853027,2619.899902,71.91999816894531,83.61470031738281,5702.5498046875,17948.3203125
2024-09-23,25872.55078125,25956.0,25847.349609375,25939.05078125,209200,13.789999961853027,2626.5,70.37000274658203,83.48709869384766,5718.56982421875,17974.26953125
2024-09-24,25921.44921875,26011.55078125,25886.849609375,25940.400390625,384100,13.390000343322754,2651.199951,71.55999755859375,83.55960083007812,5732.93017578125,18074.51953125
2024-09-25,25899.44921875,26032.80078125,25871.349609375,26004.150390625,278500,12.739999771118164,2659.199951,69.69000244140625,83.56759643554688,5722.259765625,18082.2109375
2024-09-26,26005.400390625,26250.900390625,25998.400390625,26216.05078125,370900,12.0,2669.899902,67.66999816894531,83.62409973144531,5745.3701171875,18190.2890625
2024-09-27,26248.25,26277.349609375,26151.400390625,26178.94921875,490300,11.960000038146973,2644.300049,68.18000030517578,83.61710357666016,5738.169921875,18119.58984375
2024-09-30,26061.30078125,26134.69921875,25794.099609375,25810.849609375,343100,12.789999961853027,2636.100098,68.16999816894531,83.71640014648438,5762.47998046875,18189.169921875
2024-10-01,21529.30078125,21641.849609375,21448.650390625,21618.69921875,217000,12.970000267028809,2667.300049,71.37000274658203,83.131103515625,4783.4501953125,14969.650390625
2024-10-04,22720.25,22775.69921875,22673.69921875,22753.80078125,276800,11.109999656677246,2645.800049,86.20999908447266,83.22429656982422,5160.64013671875,16170.3603515625
2024-10-07,24459.849609375,24461.05078125,24141.80078125,24324.44921875,292300,14.43000030517578,2644.800049,82.0999984741211,83.49299621582031,5633.91015625,18647.44921875
2024-10-09,24999.400390625,25130.5,24896.80078125,25041.099609375,251300,13.359999656677246,2606.0,65.75,83.98090362548828,5495.52001953125,17025.880859375
2024-10-10,25067.05078125,25134.05078125,24979.400390625,24998.44921875,261400,13.5,2620.600098,75.8499984741211,83.94219970703125,5780.0498046875,18282.05078125
2024-10-14,25023.44921875,25159.75,25017.5,25127.94921875,206400,13.0,2647.800049,73.83000183105469,84.16829681396484,5859.85009765625,18502.689453125
2024-10-15,25186.30078125,25212.05078125,25008.150390625,25057.349609375,257200,13.0,2661.399902,70.58000183105469,84.04850006103516,5815.259765625,18315.58984375
2024-10-16,25008.55078125,25093.400390625,24908.44921875,24971.30078125,226800,13.050000190734863,2674.0,70.38999938964844,84.05619812011719,5842.47021484375,18367.080078125
2024-10-17,25027.400390625,25029.5,24728.900390625,24749.849609375,252800,13.390000343322754,2691.0,70.66999816894531,84.03929901123047,5841.47021484375,18373.609375
2024-10-18,24664.94921875,24886.19921875,24567.650390625,24854.05078125,290900,13.039999961853027,2713.699951,69.22000122070312,84.05380249023438,5864.669921875,18489.55078125
2024-10-21,24956.150390625,24978.30078125,24679.599609375,24781.099609375,242000,13.760000228881836,2723.100098,70.55999755859375,84.0687026977539,5853.97998046875,18540.009765625
2024-10-22,24798.650390625,24882.0,24445.80078125,24472.099609375,279500,14.399999618530272,2744.199951,72.08999633789062,84.07350158691406,5851.2001953125,18579.76953125
2024-10-23,24378.150390625,24604.25,24378.099609375,24435.5,284600,14.619999885559082,2714.399902,70.7699966430664,84.08399963378906,5797.419921875,18276.650390625
2024-10-24,24412.69921875,24480.650390625,24341.19921875,24399.400390625,216700,13.970000267028809,2734.899902,70.19000244140625,84.06759643554688,5809.85986328125,18415.490234375
2024-10-25,24418.05078125,24440.25,24073.900390625,24180.80078125,372600,14.630000114440918,2740.899902,71.77999877929688,84.08180236816406,5808.1201171875,18518.609375
2024-10-28,24251.099609375,24492.599609375,24134.900390625,24339.150390625,278600,14.289999961853027,2742.899902,67.37999725341797,84.10199737548828,5823.52001953125,18567.189453125
2024-10-29,24328.849609375,24484.5,24140.849609375,24466.849609375,332000,14.520000457763672,2768.399902,67.20999908447266,84.10279846191406,5832.919921875,18712.75
2024-10-30,24371.44921875,24498.19921875,24307.30078125,24340.849609375,285200,15.510000228881836,2788.5,68.61000061035156,84.08930206298828,5813.669921875,18607.9296875
2024-10-31,24349.849609375,24372.44921875,24172.599609375,24205.349609375,287000,15.550000190734863,2738.300049,69.26000213623047,84.08910369873047,5705.4501953125,18095.150390625
2024-11-01,21688.0,21726.5,21593.75,21647.19921875,212500,12.770000457763672,2738.600098,72.0199966430664,83.02559661865234,4780.240234375,14970.1904296875
2024-11-06,23283.75,23389.44921875,23206.650390625,23264.849609375,305200,14.770000457763672,2667.600098,77.9000015258789,83.52980041503906,5375.31982421875,17343.55078125
2024-11-07,24396.55078125,24402.650390625,24193.75,24315.94921875,306400,14.0,2698.399902,82.62000274658203,83.49590301513672,5584.5400390625,18283.41015625
2024-11-11,24087.25,24336.80078125,24004.599609375,24141.30078125,273400,14.270000457763672,2611.199951,68.04000091552734,84.38289642333984,6001.35009765625,19298.759765625
2024-11-12,24620.5,24691.75,24583.849609375,24641.80078125,187300,13.270000457763672,2600.0,70.29000091552734,84.8740005493164,6084.18994140625,20034.890625
2024-11-13,23822.44921875,23873.599609375,23509.599609375,23559.05078125,304600,15.4399995803833,2580.800049,68.43000030517578,84.39530181884766,5985.3798828125,19230.720703125
2024-11-14,23542.150390625,23675.900390625,23484.150390625,23532.69921875,257700,14.779999732971191,2568.199951,68.69999694824219,84.4229965209961,5949.169921875,19107.650390625
2024-11-18,23605.30078125,23606.80078125,23350.400390625,23453.80078125,263300,15.170000076293944,2610.600098,69.16000366210938,84.47750091552734,5893.6201171875,18791.810546875
2024-11-19,23529.55078125,23780.650390625,23464.80078125,23518.5,297500,15.65999984741211,2627.100098,69.38999938964844,84.39849853515625,5916.97998046875,18987.470703125
2024-11-21,23488.44921875,23507.30078125,23263.150390625,23349.900390625,420300,15.989999771118164,2672.100098,70.0999984741211,84.38310241699219,5948.7099609375,18972.419921875
2024-11-22,23411.80078125,23956.099609375,23359.0,23907.25,367600,16.100000381469727,2709.899902,71.23999786376953,84.48829650878906,5969.33984375,19003.650390625
2024-11-25,24253.55078125,24351.55078125,24135.44921875,24221.900390625,687200,15.300000190734863,2616.800049,68.94000244140625,84.43599700927734,5987.3701171875,19054.83984375
2024-11-26,24343.30078125,24343.30078125,24125.400390625,24194.5,230700,15.3100004196167,2620.300049,68.7699966430664,84.37750244140625,6021.6298828125,19174.30078125
2024-11-27,24204.80078125,24354.55078125,24145.650390625,24274.900390625,295000,14.630000114440918,2639.899902,68.72000122070312,84.33910369873047,5998.740234375,19060.48046875
2024-11-29,23927.150390625,24188.44921875,23927.150390625,24131.099609375,282100,14.43000030517578,2657.0,68.0,84.47160339355469,6032.3798828125,19218.169921875
2024-12-02,21800.80078125,21831.69921875,21574.75,21616.05078125,287400,16.059999465942383,2634.899902,76.91999816894531,83.0145034790039,5021.83984375,15942.5498046875
2024-12-03,22334.44921875,22452.55078125,22256.0,22335.69921875,299200,13.640000343322754,2644.699951,77.55999755859375,82.7782974243164,5175.27001953125,16265.6396484375
2024-12-04,22677.400390625,22726.44921875,22503.75,22519.400390625,357200,11.529999732971191,2653.800049,85.66000366210938,83.34929656982422,5123.41015625,16175.08984375
2024-12-06,23344.44921875,23441.94921875,23295.94921875,23322.94921875,295600,14.390000343322754,2638.600098,78.5,83.5968017578125,5421.02978515625,17608.439453125
2024-12-09,25059.650390625,25433.349609375,24941.44921875,25388.900390625,380100,13.18000030517578,2664.899902,68.97000122070312,83.99259948730469,5595.759765625,17569.6796875
2024-12-11,24225.80078125,24242.0,23839.150390625,23883.44921875,255800,14.59000015258789,2733.800049,68.12000274658203,84.39649963378906,5983.990234375,19281.400390625
2024-12-12,24604.44921875,24675.25,24527.94921875,24548.69921875,266100,13.1899995803833,2687.5,70.0199966430664,84.85710144042969,6051.25,19902.83984375
2024-12-13,24498.349609375,24792.30078125,24180.80078125,24768.30078125,310100,13.050000190734863,2656.0,71.29000091552734,84.83920288085938,6051.08984375,19926.720703125
2024-12-16,24753.400390625,24781.25,24601.75,24668.25,187600,14.020000457763672,2651.399902,70.70999908447266,84.802001953125,6074.080078125,20173.890625
2024-12-17,24584.80078125,24624.099609375,24303.44921875,24336.0,264900,14.489999771118164,2644.399902,70.08000183105469,84.91729736328125,6050.60986328125,20109.060546875
2024-12-18,24297.94921875,24394.44921875,24149.849609375,24198.849609375,235300,14.369999885559082,2636.5,70.58000183105469,84.91539764404297,5872.16015625,19392.689453125
2024-12-19,23877.150390625,24004.900390625,23870.30078125,23951.69921875,271100,14.510000228881836,2592.199951,69.91000366210938,85.16549682617188,5867.080078125,19372.76953125
2024-12-20,23960.69921875,24065.80078125,23537.349609375,23587.5,442700,15.06999969482422,2628.699951,69.45999908447266,85.27940368652344,5930.85009765625,19572.599609375
2024-12-23,23738.19921875,23869.55078125,23647.19921875,23753.44921875,189800,13.520000457763672,2612.300049,69.23999786376953,84.94499969482422,5974.06982421875,19764.880859375
2024-12-24,23769.099609375,23867.650390625,23685.150390625,23727.650390625,177700,13.18000030517578,2620.0,70.0999984741211,85.0988998413086,6040.0400390625,20031.130859375
2024-12-26,23775.80078125,23854.5,23653.599609375,23750.19921875,177700,14.039999961853027,2638.800049,69.62000274658203,85.41339874267578,6037.58984375,20020.359375
2024-12-27,23801.400390625,23938.849609375,23800.599609375,23813.400390625,176800,13.239999771118164,2617.199951,70.5999984741211,85.26090240478516,5970.83984375,19722.029296875
2024-12-30,23796.900390625,23915.349609375,23599.30078125,23644.900390625,364900,13.970000267028809,2606.100098,70.98999786376953,85.38600158691406,5906.93994140625,19486.7890625
2024-12-31,23560.599609375,23689.849609375,23460.44921875,23644.80078125,193600,14.449999809265137,2629.199951,71.72000122070312,85.7865982055664,5881.6298828125,19310.7890625
2025-01-07,25551.349609375,25593.400390625,25501.80078125,25541.80078125,260700,12.529999732971191,2656.699951,65.44999694824219,85.71399688720703,6198.009765625,20202.890625
2025-01-08,24734.900390625,24784.150390625,24535.05078125,24565.349609375,263400,11.979999542236328,2664.5,67.33000183105469,87.4894027709961,6238.009765625,20650.130859375
2025-01-10,24620.55078125,24867.94921875,24605.94921875,24836.30078125,308900,10.289999961853027,2708.5,61.77999877929688,88.8406982421875,6711.2001953125,22755.16015625
2025-01-13,23195.400390625,23340.94921875,23047.25,23085.94921875,316500,16.0,2673.5,78.81999969482422,86.18800354003906,5836.22021484375,19088.099609375
2025-01-14,23165.900390625,23264.94921875,23134.150390625,23176.05078125,311200,15.470000267028809,2677.5,77.5,86.65059661865234,5842.91015625,19044.390625
2025-01-15,23250.44921875,23293.650390625,23146.44921875,23213.19921875,228000,15.260000228881836,2712.5,80.04000091552734,86.535400390625,5949.91015625,19511.23046875
2025-01-16,23377.25,23391.650390625,23272.05078125,23311.80078125,299400,15.470000267028809,2746.399902,78.68000030517578,86.43099975585938,5937.33984375,19338.2890625
2025-01-17,23277.099609375,23292.099609375,23100.349609375,23203.19921875,272900,15.75,2744.300049,77.87999725341797,86.6061019897461,5996.66015625,19630.19921875
2025-01-21,23421.650390625,23426.30078125,22976.849609375,23024.650390625,312900,17.059999465942383,2755.0,75.88999938964844,86.21109771728516,6049.240234375,19756.779296875
2025-01-22,23099.150390625,23169.55078125,22981.30078125,23155.349609375,276000,16.770000457763672,2767.600098,75.44000244140625,86.45189666748047,6086.3701171875,20009.33984375
2025-01-23,23128.30078125,23270.80078125,23090.650390625,23205.349609375,275600,16.700000762939453,2763.100098,74.62000274658203,86.47270202636719,6118.7099609375,20053.6796875
2025-01-24,23183.900390625,23347.30078125,23050.0,23092.19921875,264300,16.75,2777.300049,74.66000366210938,86.44020080566406,6101.240234375,19954.30078125
2025-01-27,22940.150390625,23007.44921875,22786.900390625,22829.150390625,257400,18.1299991607666,2737.5,73.16999816894531,86.2030029296875,6012.27978515625,19341.830078125
2025-01-28,22960.44921875,23137.94921875,22857.650390625,22957.25,361900,18.200000762939453,2766.800049,73.7699966430664,86.46839904785156,6067.7001953125,19733.58984375
2025-01-29,23026.75,23183.349609375,22976.5,23163.099609375,226300,18.63999938964844,2769.100098,72.62000274658203,86.58460235595703,6039.31005859375,19632.3203125
2025-01-30,23169.5,23322.05078125,23139.19921875,23249.5,361900,17.389999389648438,2823.0,72.7300033569336,86.6406021118164,6071.169921875,19681.75
2025-01-31,23296.75,23546.80078125,23277.400390625,23508.400390625,304900,16.25,2812.5,72.52999877929688,86.64700317382812,6040.52978515625,19627.439453125
2025-02-04,23192.599609375,23350.0,23158.44921875,23332.349609375,341000,13.720000267028809,2853.300049,71.70999908447266,85.61009979248047,5670.97021484375,17601.05078125
2025-02-05,24311.900390625,24589.150390625,24238.5,24346.69921875,421100,18.26000022888184,2871.600098,58.290000915527344,84.69670104980469,5686.669921875,17977.73046875
2025-02-06,24669.69921875,24754.400390625,24526.150390625,24716.599609375,311100,17.15999984741211,2856.0,62.52000045776367,85.52429962158203,5935.93994140625,19242.609375
2025-02-07,25588.30078125,25608.099609375,25378.75,25453.400390625,309800,12.449999809265137,2867.300049,67.44999694824219,85.6427993774414,6227.419921875,20393.130859375
2025-02-12,26087.94921875,26154.599609375,25997.849609375,26032.19921875,254800,11.229999542236328,2909.0,58.63999938964844,89.61270141601562,6829.3701171875,23413.669921875
2025-02-13,23055.75,23235.5,22992.19921875,23031.400390625,265700,14.960000038146973,2925.899902,71.29000091552734,86.8740005493164,6115.06982421875,19945.640625
2025-02-14,23096.44921875,23133.69921875,22774.849609375,22929.25,254500,15.020000457763672,2883.600098,70.73999786376953,86.75409698486328,6114.6298828125,20026.76953125
2025-02-18,22963.650390625,22992.5,22801.5,22945.30078125,210600,15.670000076293944,2931.600098,71.8499984741211,86.85479736328125,6129.580078125,20041.259765625
2025-02-19,22847.25,23049.94921875,22814.849609375,22932.900390625,207000,15.420000076293944,2919.399902,72.25,86.88719940185547,6144.14990234375,20056.25
2025-02-20,22821.099609375,22923.849609375,22812.75,22913.150390625,240800,14.68000030517578,2940.0,72.56999969482422,86.872802734375,6117.52001953125,19962.359375
2025-02-21,22857.19921875,22921.0,22720.30078125,22795.900390625,242800,14.529999732971191,2937.600098,70.4000015258789,86.45120239257812,6013.1298828125,19524.009765625
2025-02-24,22609.349609375,22668.05078125,22518.80078125,22553.349609375,214300,14.4399995803833,2947.899902,70.69999694824219,86.52940368652344,5983.25,19286.9296875
2025-02-25,22516.44921875,22625.30078125,22513.900390625,22547.55078125,250300,13.720000267028809,2904.5,68.93000030517578,86.69010162353516,5955.25,19026.390625
2025-02-27,22568.94921875,22613.30078125,22508.400390625,22545.05078125,289200,13.3100004196167,2883.199951,70.3499984741211,87.16220092773438,5861.56982421875,18544.419921875
2025-02-28,22433.400390625,22450.349609375,22104.849609375,22124.69921875,551300,13.90999984741211,2836.800049,69.76000213623047,87.3270034790039,5954.5,18847.279296875
2025-03-03,22194.55078125,22261.55078125,22004.69921875,22119.30078125,282400,13.760000228881836,2890.199951,68.37000274658203,87.46399688720703,5849.72021484375,18350.189453125
2025-03-04,23150.30078125,23306.5,23145.80078125,23250.099609375,283200,13.600000381469728,2909.600098,66.94999694824219,85.65119934082031,5396.52001953125,16550.609375
2025-03-06,24786.30078125,24845.099609375,24502.150390625,24542.5,349300,16.559999465942383,2916.600098,63.40999984741211,85.36370086669922,5970.3701171875,19398.9609375
2025-03-07,25505.099609375,25587.5,25384.349609375,25405.30078125,293400,12.390000343322754,2904.699951,67.0,85.69409942626953,6279.35009765625,20601.099609375
2025-03-10,24759.55078125,24904.80078125,24747.55078125,24894.25,365900,10.0600004196167,2891.0,60.880001068115234,88.72019958496094,6715.7900390625,22780.509765625
2025-03-11,25696.849609375,25803.099609375,25645.5,25763.349609375,23300,12.670000076293944,2912.899902,61.04999923706055,88.77539825439453,6851.97021484375,23834.720703125
2025-03-12,26004.900390625,26066.44921875,25891.0,25986.0,265700,11.210000038146973,2939.100098,58.95000076293945,89.91719818115234,6849.72021484375,23454.08984375
2025-03-13,22541.5,22558.05078125,22377.349609375,22397.19921875,287500,13.279999732971191,2984.300049,66.55000305175781,87.3405990600586,5521.52001953125,17303.009765625
2025-03-17,22353.150390625,22577.0,22353.150390625,22508.75,251100,13.420000076293944,3000.0,67.58000183105469,86.93900299072266,5675.1201171875,17808.66015625
2025-03-18,22662.25,22857.80078125,22599.19921875,22834.30078125,272600,13.210000038146973,3035.100098,66.9000015258789,86.91639709472656,5614.66015625,17504.119140625
2025-03-19,22874.94921875,22940.69921875,22807.94921875,22907.599609375,324000,13.300000190734863,3035.899902,67.16000366210938,86.57610321044922,5675.2900390625,17750.7890625
2025-03-20,23036.599609375,23216.69921875,22973.94921875,23190.650390625,313700,12.600000381469728,3040.0,68.26000213623047,86.33709716796875,5662.89013671875,17691.630859375
2025-03-21,23168.25,23402.69921875,23132.80078125,23350.400390625,541000,12.579999923706056,3018.199951,68.27999877929688,86.33609771728516,5667.56005859375,17784.05078125
2025-03-24,23515.400390625,23708.75,23433.5,23658.349609375,311900,13.699999809265137,3013.100098,69.11000061035156,85.98699951171875,5767.56982421875,18188.58984375
2025-03-25,23751.5,23869.599609375,23601.400390625,23668.650390625,338200,13.640000343322754,3023.699951,69.0,85.53209686279297,5776.64990234375,18271.859375
2025-03-26,23700.94921875,23736.5,23451.69921875,23486.849609375,278600,13.470000267028809,3020.899902,69.6500015258789,85.59040069580078,5712.2001953125,17899.01953125
2025-03-27,23433.94921875,23646.44921875,23412.19921875,23591.94921875,510300,13.300000190734863,3060.199951,69.91999816894531,86.09539794921875,5693.31005859375,17804.029296875
2025-03-28,23600.400390625,23649.19921875,23450.19921875,23519.349609375,295400,12.720000267028809,3086.5,69.36000061035156,85.69490051269531,5580.93994140625,17322.990234375
2025-04-02,23509.900390625,23762.75,23423.150390625,23739.25,376700,14.020000457763672,3139.899902,72.69999694824219,86.94339752197266,6037.8798828125,19654.01953125
2025-04-03,21974.44921875,22105.05078125,21964.599609375,22082.650390625,253300,13.829999923706056,3097.0,68.26000213623047,87.32959747314453,5778.14990234375,18285.16015625
2025-04-04,23190.400390625,23214.69921875,22857.44921875,22904.44921875,466800,13.760000228881836,3012.0,61.9900016784668,85.28289794921875,5074.080078125,15587.7900390625
2025-04-08,24596.05078125,24736.25,24554.0,24722.75,259300,11.970000267028809,2968.399902,66.29000091552734,87.24530029296875,6329.93994140625,21053.580078125
2025-04-09,24980.75,24980.75,24708.19921875,24734.30078125,314100,10.850000381469728,3056.5,63.47999954223633,88.072998046875,6502.080078125,21707.689453125
2025-04-11,25744.75,25787.400390625,25578.400390625,25597.650390625,305100,12.649999618530272,3222.199951,60.560001373291016,88.72339630126953,6771.5498046875,23348.640625
2025-04-15,23368.349609375,23368.349609375,23207.0,23328.55078125,388300,16.1299991607666,3218.699951,61.33000183105469,86.0447998046875,5396.6298828125,16823.169921875
2025-04-16,23344.099609375,23452.19921875,23273.05078125,23437.19921875,348400,15.869999885559082,3326.600098,62.470001220703125,85.72669982910156,5275.7001953125,16307.16015625
2025-04-17,23401.849609375,23872.349609375,23298.55078125,23851.650390625,505300,15.470000267028809,3308.699951,64.68000030517578,85.62049865722656,5282.7001953125,16286.4501953125
2025-04-22,24185.400390625,24242.599609375,24072.0,24167.25,440900,15.229999542236328,3400.800049,64.30999755859375,85.15889739990234,5287.759765625,16300.419921875
2025-04-23,24357.599609375,24359.30078125,24119.94921875,24328.94921875,415000,15.960000038146973,3276.300049,62.27000045776367,85.2323989868164,5375.85986328125,16708.05078125
2025-04-24,24277.900390625,24347.849609375,24216.150390625,24246.69921875,358800,16.25,3332.0,62.790000915527344,85.4999008178711,5484.77001953125,17166.0390625
2025-04-25,24289.0,24365.44921875,23847.849609375,24039.349609375,387700,17.15999984741211,3282.399902,63.02000045776367,85.2573013305664,5525.2099609375,17382.939453125
2025-04-28,24070.25,24355.099609375,24054.05078125,24328.5,320500,16.940000534057617,3332.5,62.04999923706055,85.38490295410156,5528.75,17366.130859375
2025-04-29,24370.69921875,24457.650390625,24290.75,24335.94921875,357600,17.3700008392334,3318.800049,60.41999816894531,85.1603012084961,5560.830078125,17461.3203125
2025-04-30,24342.05078125,24396.150390625,24198.75,24334.19921875,424500,18.21999931335449,3305.0,58.209999084472656,85.1707992553711,5569.06005859375,17446.33984375
2025-05-02,23801.75,23807.30078125,23680.44921875,23696.30078125,267000,14.079999923706056,3231.899902,71.02999877929688,87.13009643554688,6061.47998046875,19692.330078125
2025-05-05,24419.5,24526.400390625,24400.650390625,24461.150390625,291500,18.34000015258789,3311.300049,57.130001068115234,84.52629852294922,5650.3798828125,17844.240234375
2025-05-06,24691.19921875,24899.849609375,24613.099609375,24750.900390625,388400,15.079999923706056,3411.399902,63.369998931884766,85.9041976928711,5939.2998046875,19298.44921875
2025-05-08,24720.25,24733.099609375,24590.30078125,24649.55078125,251800,11.710000038146973,3296.600098,65.16000366210938,87.89330291748047,6299.18994140625,20916.55078125
2025-05-09,24818.849609375,24832.349609375,24621.599609375,24741.0,210100,10.779999732971191,3335.399902,61.869998931884766,88.19290161132812,6481.5,21700.390625
2025-05-12,25999.80078125,26202.599609375,25985.349609375,26186.44921875,249300,10.31999969482422,3220.0,60.08000183105469,89.8364028930664,6870.39990234375,23578.130859375
2025-05-13,24864.05078125,24973.80078125,24547.5,24578.349609375,423000,18.200000762939453,3240.300049,63.66999816894531,84.9656982421875,5886.5498046875,19010.08984375
2025-05-14,24613.80078125,24767.55078125,24535.55078125,24666.900390625,345500,17.229999542236328,3181.399902,63.150001525878906,85.060302734375,5892.580078125,19146.810546875
2025-05-15,24694.44921875,25116.25,24494.44921875,25062.099609375,500800,16.889999389648438,3220.699951,61.619998931884766,85.48760223388672,5916.93017578125,19112.3203125
2025-05-16,25064.650390625,25070.0,24953.05078125,25019.80078125,432700,16.549999237060547,3182.0,62.4900016784668,85.44490051269531,5958.3798828125,19211.099609375
2025-05-19,25005.349609375,25062.94921875,24916.650390625,24945.44921875,255300,17.360000610351562,3228.899902,62.68999862670898,85.50029754638672,5963.60009765625,19215.4609375
2025-05-20,24996.19921875,25010.349609375,24669.69921875,24683.900390625,414800,17.389999389648438,3280.300049,62.560001373291016,85.37210083007812,5940.4599609375,19142.7109375
2025-05-21,24744.25,24946.19921875,24685.349609375,24813.44921875,332700,17.549999237060547,3309.300049,61.56999969482422,85.53610229492188,5844.60986328125,18872.640625
2025-05-22,24733.94921875,24737.5,24462.400390625,24609.69921875,403300,17.260000228881836,3292.300049,61.20000076293945,85.60030364990234,5842.009765625,18925.740234375
2025-05-23,24639.5,24909.05078125,24614.05078125,24853.150390625,270500,17.280000686645508,3363.600098,61.52999877929688,85.97489929199219,5802.81982421875,18737.2109375
2025-05-27,24956.650390625,25062.900390625,24704.099609375,24826.19921875,525700,18.540000915527344,3299.100098,60.88999938964844,85.158203125,5921.5400390625,19199.16015625
2025-05-28,24832.5,24864.25,24737.05078125,24752.44921875,684400,18.020000457763672,3293.600098,61.84000015258789,85.3604965209961,5888.5498046875,19100.939453125
2025-05-29,24825.099609375,24892.599609375,24677.30078125,24833.599609375,345400,16.420000076293945,3317.100098,60.93999862670898,85.38590240478516,5912.169921875,19175.869140625
2025-05-30,24812.599609375,24863.94921875,24717.400390625,24750.69921875,853900,16.079999923706055,3288.899902,60.790000915527344,85.36129760742188,5911.68994140625,19113.76953125
2025-06-02,23761.94921875,23773.55078125,23556.25,23603.349609375,307000,14.18000030517578,3370.600098,70.61000061035156,87.33409881591797,6083.56982421875,19791.990234375
2025-06-03,22476.349609375,22556.44921875,22245.849609375,22544.69921875,372100,13.729999542236328,3350.199951,66.36000061035156,86.88929748535156,5738.52001953125,18069.259765625
2025-06-05,24500.75,24509.650390625,24331.80078125,24379.599609375,302400,19.0,3350.699951,59.09000015258789,84.2208023071289,5606.91015625,17689.66015625
2025-06-06,24748.69921875,25029.5,24671.44921875,25003.05078125,335600,14.630000114440918,3322.699951,64.58000183105469,85.87750244140625,6000.35986328125,19529.94921875
2025-06-10,24916.55078125,25095.94921875,24881.650390625,25077.650390625,268800,10.1899995803833,3320.899902,61.68999862670898,88.73509979248047,6740.27978515625,22941.669921875
2025-06-11,25593.349609375,25679.150390625,25491.55078125,25509.69921875,371900,12.40999984741211,3321.300049,59.43000030517578,88.55690002441406,6720.31982421875,23053.990234375
2025-06-13,24473.0,24754.349609375,24473.0,24718.599609375,318700,15.079999923706056,3431.199951,72.9800033569336,85.68840026855469,5976.97021484375,19406.830078125
2025-06-16,24732.349609375,24967.099609375,24703.599609375,24946.5,305800,14.84000015258789,3396.399902,71.7699966430664,86.24919891357422,6033.10986328125,19701.2109375
2025-06-17,24977.849609375,24982.05078125,24813.69921875,24853.400390625,242400,14.399999618530272,3386.600098,74.83999633789062,86.10420227050781,5982.72021484375,19521.08984375
2025-06-18,24788.349609375,24947.55078125,24750.44921875,24812.05078125,237600,14.279999732971191,3389.800049,75.13999938964844,86.36270141601562,5980.8701171875,19546.26953125
2025-06-20,24787.650390625,25136.19921875,24783.650390625,25112.400390625,574700,13.670000076293944,3368.100098,74.93000030517578,86.58380126953125,5967.83984375,19447.41015625
2025-06-23,24939.75,25057.0,24824.849609375,24971.900390625,248500,14.050000190734863,3377.699951,68.51000213623047,86.5802993774414,6025.169921875,19630.970703125
2025-06-24,25179.900390625,25317.69921875,24999.69921875,25044.349609375,450200,13.640000343322754,3317.399902,64.37000274658203,86.23300170898438,6092.18017578125,19912.529296875
2025-06-25,25150.349609375,25266.80078125,25125.05078125,25244.75,260600,12.960000038146973,3327.100098,64.91999816894531,85.90480041503906,6092.16015625,19973.55078125
2025-06-26,25268.94921875,25565.30078125,25259.900390625,25549.0,428900,12.59000015258789,3333.5,65.23999786376953,86.006103515625,6141.02001953125,20167.91015625
2025-06-27,25576.650390625,25654.19921875,25523.55078125,25637.80078125,564000,12.390000343322754,3273.699951,65.5199966430664,85.66639709472656,6173.06982421875,20273.4609375
2025-06-30,25661.650390625,25669.349609375,25473.30078125,25517.05078125,271000,12.789999961853027,3294.399902,65.11000061035156,85.4552993774414,6204.9501953125,20369.73046875
2025-07-01,23679.900390625,23795.19921875,23637.80078125,23707.900390625,262300,14.65999984741211,3336.699951,74.25,85.68070220947266,5909.02978515625,19489.6796875
2025-07-02,23649.5,23694.5,23443.19921875,23559.94921875,368100,13.6899995803833,3348.0,71.0,87.58830261230469,6025.990234375,19523.400390625
2025-07-03,22508.650390625,22633.80078125,22464.75,22552.5,289800,13.470000267028809,3331.600098,67.04000091552734,87.12879943847656,5770.2001953125,18196.220703125
2025-07-04,21758.400390625,22254.0,21743.650390625,22161.599609375,647100,22.790000915527344,3332.5,60.70000076293945,85.529296875,5062.25,15603.259765625
2025-07-07,25450.44921875,25489.80078125,25407.25,25461.30078125,196100,12.5600004196167,3332.199951,67.93000030517578,85.49629974365234,6229.97998046875,20412.51953125
2025-07-08,24464.19921875,24634.19921875,24344.150390625,24596.150390625,616700,11.6899995803833,3307.0,63.880001068115234,87.76249694824219,6340.0,21242.69921875
2025-07-10,25085.30078125,25220.900390625,25076.30078125,25108.30078125,288000,10.050000190734863,3317.399902,61.72999954223633,88.72109985351562,6714.58984375,22788.359375
2025-07-11,25433.80078125,25551.25,25318.44921875,25492.30078125,305600,12.5600004196167,3356.0,59.75,88.6729965209961,6728.7998046875,23004.5390625
2025-07-14,25149.5,25151.099609375,25001.94921875,25082.30078125,259500,11.979999542236328,3351.5,66.9800033569336,85.82129669189453,6268.56005859375,20640.330078125
2025-07-15,25089.5,25245.19921875,25088.44921875,25195.80078125,241300,11.479999542236328,3329.800049,66.5199966430664,85.96839904785156,6243.759765625,20677.80078125
2025-07-16,25196.599609375,25255.30078125,25121.05078125,25212.05078125,228800,11.239999771118164,3352.5,66.37999725341797,85.99310302734375,6263.7001953125,20730.490234375
2025-07-17,25230.75,25238.349609375,25101.0,25111.44921875,243400,11.239999771118164,3340.100098,67.54000091552734,85.88520050048828,6297.35986328125,20885.650390625
2025-07-18,25108.55078125,25144.599609375,24918.650390625,24968.400390625,317000,11.390000343322754,3353.0,67.33999633789062,86.04650115966797,6296.7900390625,20895.650390625
2025-07-21,24999.0,25111.400390625,24882.30078125,25090.69921875,305200,11.199999809265137,3401.899902,67.19999694824219,86.14859771728516,6305.60009765625,20974.1796875
2025-07-22,25166.650390625,25182.0,25035.55078125,25060.900390625,483700,10.75,3439.199951,66.20999908447266,86.19529724121094,6309.6201171875,20892.689453125
2025-07-23,25139.349609375,25233.5,25085.5,25219.900390625,271500,10.520000457763672,3394.100098,65.25,86.3427963256836,6358.91015625,21020.01953125
2025-07-24,25243.30078125,25246.25,25018.69921875,25062.099609375,338700,10.720000267028809,3371.0,66.02999877929688,86.39869689941406,6363.35009765625,21057.9609375
2025-07-25,25010.349609375,25010.349609375,24806.349609375,24837.0,278100,11.279999732971191,3334.0,65.16000366210938,86.4302978515625,6388.64013671875,21108.3203125
2025-07-28,24782.44921875,24889.19921875,24646.599609375,24680.900390625,262100,12.0600004196167,3309.100098,66.70999908447266,86.506103515625,6389.77001953125,21178.580078125
2025-07-29,24609.650390625,24847.150390625,24598.599609375,24821.099609375,284700,11.529999732971191,3323.399902,69.20999908447266,86.77760314941406,6370.85986328125,21098.2890625
2025-07-30,24890.400390625,24902.30078125,24771.94921875,24855.05078125,243900,11.210000038146973,3295.800049,70.0,87.06320190429688,6362.89990234375,21129.669921875
2025-07-31,24642.25,24956.5,24635.0,24768.349609375,346300,11.539999961853027,3293.199951,69.26000213623047,87.714599609375,6339.39013671875,21122.44921875
2025-08-01,23746.650390625,23751.849609375,23496.150390625,23688.94921875,266400,14.470000267028809,3347.699951,73.31999969482422,85.80650329589844,5918.25,19478.880859375
2025-08-04,22446.75,22697.19921875,22270.849609375,22535.849609375,468300,20.440000534057617,3374.399902,59.58000183105469,86.0270004272461,4982.77001953125,15267.91015625
2025-08-05,24431.5,24447.25,24150.19921875,24273.80078125,411400,21.01000022888184,3381.899902,59.90999984741211,84.81719970703125,5663.93994140625,17928.140625
2025-08-07,25427.849609375,25548.05078125,25424.150390625,25522.5,210400,12.199999809265137,3400.300049,68.33000183105469,85.89199829101562,6225.52001953125,20418.4609375
2025-08-08,24544.25,24585.5,24337.5,24363.30078125,312600,12.029999732971191,3439.100098,63.880001068115234,87.43319702148438,6389.4501953125,21450.01953125
2025-08-12,26159.80078125,26178.69921875,25892.25,25960.55078125,320700,11.130000114440918,3348.899902,58.880001068115234,89.93800354003906,6846.509765625,23545.900390625
2025-08-13,24586.19921875,24664.55078125,24535.25,24619.349609375,236000,12.140000343322754,3358.699951,62.650001525878906,87.59559631347656,6466.580078125,21713.140625
2025-08-14,24607.25,24673.650390625,24596.900390625,24631.30078125,270200,12.359999656677246,3335.199951,63.959999084472656,87.44999694824219,6468.5400390625,21710.669921875
2025-08-18,24938.19921875,25022.0,24852.849609375,24876.94921875,363100,12.34000015258789,3331.699951,63.41999816894531,87.51280212402344,6449.14990234375,21629.76953125
2025-08-19,24891.349609375,25012.650390625,24873.94921875,24980.650390625,252300,11.789999961853027,3313.399902,62.34999847412109,87.29509735107422,6411.3701171875,21314.94921875
2025-08-20,24965.80078125,25088.69921875,24929.69921875,25050.55078125,287100,11.789999961853027,3343.399902,63.209999084472656,87.0791015625,6395.77978515625,21172.859375
2025-08-21,25142.0,25153.650390625,25054.900390625,25083.75,226500,11.369999885559082,3336.899902,63.52000045776367,87.01820373535156,6370.169921875,21100.310546875
2025-08-22,25064.150390625,25084.849609375,24859.150390625,24870.099609375,210200,11.729999542236328,3374.399902,63.65999984741211,87.29340362548828,6466.91015625,21496.5390625
2025-08-25,24949.150390625,25021.55078125,24894.349609375,24967.75,213000,11.760000228881836,3373.800049,64.80000305175781,87.3301010131836,6439.31982421875,21449.2890625
2025-08-26,24899.5,24919.650390625,24689.599609375,24712.05078125,750500,12.1899995803833,3388.600098,63.25,87.60859680175781,6465.93994140625,21544.26953125
2025-08-28,24695.80078125,24702.650390625,24481.599609375,24500.900390625,326600,12.18000030517578,3431.800049,64.5999984741211,87.65910339355469,6501.85986328125,21705.16015625
2025-08-29,24466.69921875,24572.44921875,24404.69921875,24426.849609375,325500,11.75,3473.699951,64.01000213623047,87.5916976928711,6460.259765625,21455.55078125
2025-09-04,22460.30078125,22468.69921875,22353.25,22399.150390625,383800,21.43000030517578,3565.800049,62.34999847412109,86.435302734375,5456.89990234375,17124.970703125
2025-09-05,23935.75,24164.25,23935.75,24008.0,335600,21.6299991607666,3613.199951,61.02000045776367,86.08219909667969,5659.91015625,17928.919921875
2025-09-09,24864.099609375,24891.80078125,24814.0,24868.599609375,226900,10.6899995803833,3643.300049,62.630001068115234,87.98049926757812,6512.60986328125,21879.490234375
2025-09-10,25074.30078125,25199.25,25024.30078125,25181.80078125,286300,10.119999885559082,3643.600098,61.5099983215332,88.7771987915039,6735.10986328125,23024.630859375
2025-09-12,25867.099609375,25923.650390625,25728.0,25839.650390625,276000,10.949999809265137,3649.399902,58.25,90.12999725341795,6840.509765625,23576.490234375
2025-09-15,25118.900390625,25138.44921875,25048.75,25069.19921875,185400,10.399999618530272,3682.199951,63.29999923706055,88.27729797363281,6615.27978515625,22348.75
2025-09-16,25073.599609375,25261.400390625,25070.44921875,25239.099609375,240100,10.270000457763672,3688.899902,64.5199966430664,88.12349700927734,6606.759765625,22333.9609375
2025-09-17,25276.599609375,25346.5,25275.349609375,25330.25,268900,10.25,3681.800049,64.05000305175781,87.88459777832031,6600.35009765625,22261.330078125
2025-09-18,25441.05078125,25448.94921875,25329.75,25423.599609375,272200,9.890000343322754,3643.699951,63.56999969482422,87.91069793701172,6631.9599609375,22470.720703125
2025-09-19,25410.19921875,25428.75,25286.30078125,25327.05078125,380400,9.970000267028809,3671.5,62.68000030517578,88.20690155029297,6664.35986328125,22631.48046875
2025-09-22,25238.099609375,25331.69921875,25151.05078125,25202.349609375,254500,10.5600004196167,3740.699951,62.63999938964844,88.09919738769531,6693.75,22788.98046875
2025-09-23,25209.0,25261.900390625,25084.650390625,25169.5,299200,10.630000114440918,3780.600098,63.40999984741211,88.30439758300781,6656.919921875,22573.470703125
2025-09-24,25108.75,25149.849609375,25027.44921875,25056.900390625,244400,10.520000457763672,3732.100098,64.98999786376953,88.80799865722656,6637.97021484375,22497.859375
2025-09-25,25034.5,25092.69921875,24878.30078125,24890.849609375,342500,10.779999732971191,3736.899902,64.9800033569336,88.77860260009766,6604.72021484375,22384.69921875
2025-09-26,24818.55078125,24868.599609375,24629.44921875,24654.69921875,291500,11.43000030517578,3775.300049,65.72000122070312,88.77310180664062,6643.7001953125,22484.0703125
2025-09-29,24728.55078125,24791.30078125,24606.19921875,24634.900390625,394400,11.369999885559082,3820.899902,63.45000076293945,88.67680358886719,6661.2099609375,22591.150390625
2025-09-30,24691.94921875,24731.80078125,24587.69921875,24611.099609375,303000,11.06999969482422,3840.800049,62.369998931884766,88.70449829101562,6688.4599609375,22660.009765625
2025-10-01,23551.900390625,23596.599609375,23344.349609375,23431.5,261000,14.920000076293944,3867.5,76.56999969482422,85.91999816894531,5827.0400390625,19161.630859375
2025-10-02,23543.80078125,23568.599609375,23316.30078125,23381.599609375,234200,14.449999809265137,3839.699951,72.31999969482422,87.51309967041016,6066.43994140625,19714.26953125
2025-10-03,22521.849609375,22676.75,22429.05078125,22460.30078125,293900,13.989999771118164,3880.800049,66.02999877929688,87.07379913330078,5614.56005859375,17468.3203125
2025-10-06,25196.05078125,25199.30078125,25055.44921875,25104.25,307300,14.020000457763672,3948.5,64.9800033569336,85.75599670410156,6038.81005859375,19714.990234375
2025-10-07,25511.650390625,25524.05078125,25340.44921875,25355.25,219600,11.670000076293944,3976.600098,66.56999969482422,85.70850372314453,6280.4599609375,20630.66015625
2025-10-09,24991.0,25035.69921875,24915.05078125,24973.099609375,244100,10.539999961853027,3946.300049,63.66999816894531,88.21829986572266,6532.0400390625,21886.060546875
2025-10-10,25167.650390625,25330.75,25156.849609375,25285.349609375,232900,10.100000381469728,3975.899902,58.900001525878906,88.86540222167969,6552.509765625,22204.4296875
2025-10-13,25177.30078125,25267.30078125,25152.30078125,25227.349609375,234300,11.010000228881836,4108.600098,59.4900016784668,88.7573013305664,6654.72021484375,22694.609375
2025-10-14,25277.55078125,25310.349609375,25060.55078125,25145.5,292100,11.15999984741211,4138.700195,58.70000076293945,88.66510009765625,6644.31005859375,22521.69921875
2025-10-15,25181.94921875,25365.150390625,25159.349609375,25323.55078125,289900,10.529999732971191,4176.899902,58.27000045776367,88.78250122070312,6671.06005859375,22670.080078125
2025-10-16,25394.900390625,25625.400390625,25376.849609375,25585.30078125,372800,10.869999885559082,4280.200195,57.459999084472656,87.80950164794922,6629.06982421875,22562.5390625
2025-10-17,25546.849609375,25781.5,25508.599609375,25709.849609375,422100,11.630000114440918,4189.899902,57.540000915527344,87.9906997680664,6664.009765625,22679.970703125
2025-10-20,25824.599609375,25926.19921875,25788.5,25843.150390625,301100,11.359999656677246,4336.399902,57.52000045776367,88.0022964477539,6735.1298828125,22990.5390625
2025-10-21,25901.19921875,25934.349609375,25825.80078125,25868.599609375,42500,11.300000190734863,4087.699951,57.81999969482422,87.87999725341797,6735.35009765625,22953.669921875
2025-10-23,26057.19921875,26104.19921875,25862.44921875,25891.400390625,448400,11.729999542236328,4125.5,61.790000915527344,87.74030303955078,6738.43994140625,22941.80078125
2025-10-24,25935.099609375,25944.150390625,25718.19921875,25795.150390625,284900,11.59000015258789,4118.399902,61.5,87.77899932861328,6791.68994140625,23204.869140625
2025-10-27,25843.19921875,26005.94921875,25827.0,25966.05078125,266300,11.859999656677246,4001.899902,61.310001373291016,87.8290023803711,6875.16015625,23637.4609375
2025-10-28,25939.94921875,26041.69921875,25810.05078125,25936.19921875,395200,11.949999809265137,3966.199951,60.150001525878906,88.22209930419922,6890.89013671875,23827.490234375
2025-10-29,25982.0,26097.849609375,25960.30078125,26053.900390625,321900,11.970000267028809,3983.699951,60.47999954223633,88.22550201416016,6890.58984375,23958.470703125
2025-10-30,25984.400390625,26032.05078125,25845.25,25877.849609375,257400,12.06999969482422,4001.300049,60.56999969482422,88.34559631347656,6822.33984375,23581.140625
2025-10-31,25863.80078125,25953.75,25711.19921875,25722.099609375,334400,12.149999618530272,3982.199951,60.97999954223633,88.6344985961914,6840.2001953125,23724.9609375
2025-11-03,22345.94921875,22522.099609375,22314.69921875,22497.900390625,347900,14.06999969482422,4000.300049,66.25,87.3551025390625,5572.06982421875,17436.099609375
2025-11-04,22695.400390625,22923.900390625,22695.400390625,22828.55078125,402200,20.11000061035156,3947.699951,61.5,86.2603988647461,5363.35986328125,16724.4609375
2025-11-06,25134.150390625,25222.400390625,25081.30078125,25141.400390625,301200,13.670000076293944,3979.899902,68.1500015258789,85.65280151367188,6022.240234375,19615.880859375
2025-11-07,25255.5,25322.44921875,25129.0,25149.849609375,250000,11.81999969482422,3999.399902,68.44999694824219,85.73480224609375,6259.75,20585.529296875
2025-11-11,25617.0,25715.80078125,25449.25,25694.94921875,297700,12.489999771118164,4106.799805,61.040000915527344,88.70709991455078,6846.60986328125,23468.30078125
2025-11-12,25771.400390625,25922.80078125,25693.25,25898.55078125,206100,10.399999618530272,4204.399902,57.59999847412109,89.79299926757812,6901.0,23593.859375
2025-11-13,25906.099609375,26010.69921875,25808.400390625,25879.150390625,385200,12.15999984741211,4186.899902,58.68999862670898,88.59400177001953,6737.490234375,22870.359375
2025-11-14,25767.900390625,25940.19921875,25740.80078125,25910.05078125,518900,11.9399995803833,4087.600098,60.09000015258789,88.81610107421875,6734.10986328125,22900.58984375
2025-11-17,25948.19921875,26024.19921875,25906.349609375,26013.44921875,281800,11.789999961853027,4068.300049,59.90999984741211,88.68199920654297,6672.41015625,22708.0703125
2025-11-18,26021.80078125,26029.849609375,25876.5,25910.05078125,280000,12.100000381469728,4061.300049,60.7400016784668,88.63590240478516,6617.31982421875,22432.849609375
2025-11-19,25918.099609375,26074.650390625,25856.19921875,26052.650390625,250100,11.970000267028809,4077.699951,59.43999862670898,88.55680084228516,6642.16015625,22564.23046875
2025-11-20,26132.099609375,26246.650390625,26063.19921875,26192.150390625,240400,12.140000343322754,4056.5,59.13999938964844,88.48719787597656,6538.759765625,22078.05078125
2025-11-21,26109.55078125,26179.19921875,26052.19921875,26068.150390625,235600,13.630000114440918,4076.699951,58.060001373291016,88.69219970703125,6602.990234375,22273.080078125
2025-11-24,26122.80078125,26142.80078125,25912.150390625,25959.5,464700,13.239999771118164,4091.899902,58.84000015258789,89.63400268554688,6705.1201171875,22872.009765625
2025-11-25,25998.5,26032.599609375,25857.5,25884.80078125,260500,12.239999771118164,4139.200195,57.95000076293945,89.14779663085938,6765.8798828125,23025.58984375
2025-11-26,25842.94921875,26215.150390625,25842.94921875,26205.30078125,275300,11.970000267028809,4165.200195,58.650001525878906,89.15059661865234,6812.60986328125,23214.689453125
2025-11-28,26237.44921875,26280.75,26172.400390625,26202.94921875,202500,11.619999885559082,4218.299805,58.54999923706055,89.36479949951172,6849.08984375,23365.689453125
2025-12-02,23050.80078125,23144.69921875,22798.349609375,23045.25,279700,14.899999618530272,4186.600098,71.37000274658203,86.81120300292969,6051.97021484375,19649.94921875
2025-12-03,22536.349609375,22577.400390625,22329.55078125,22470.5,369700,13.6899995803833,4199.299805,67.68000030517578,87.20010375976562,5599.2998046875,17648.44921875
2025-12-05,24420.099609375,24944.80078125,24378.849609375,24924.69921875,368700,18.38999938964844,4212.899902,61.95000076293945,85.4083023071289,5844.18994140625,18708.33984375
2025-12-08,24563.349609375,24702.599609375,24465.650390625,24487.400390625,237000,12.229999542236328,4187.200195,63.16999816894531,87.66449737548828,6445.759765625,21681.900390625
2025-12-09,25074.44921875,25139.44921875,25038.05078125,25114.0,225700,10.119999885559082,4206.700195,62.68999862670898,88.2676010131836,6584.2900390625,22141.099609375
2025-12-11,25834.30078125,25934.55078125,25781.150390625,25875.80078125,312600,12.109999656677246,4285.5,58.4900016784668,88.46649932861328,6850.919921875,23406.4609375
2025-12-12,25971.19921875,26057.599609375,25938.44921875,26046.94921875,216300,10.109999656677246,4300.100098,57.43999862670898,90.25299835205078,6827.41015625,23195.169921875
2025-12-15,25930.05078125,26047.150390625,25904.75,26027.30078125,181600,10.25,4306.700195,56.81999969482422,90.5770034790039,6816.509765625,23057.41015625
2025-12-16,25951.5,25980.75,25834.349609375,25860.099609375,264400,10.0600004196167,4304.5,55.27000045776367,90.7769012451172,6800.259765625,23111.4609375
2025-12-17,25902.400390625,25929.150390625,25770.349609375,25818.55078125,206500,9.84000015258789,4347.5,55.93999862670898,90.94889831542967,6721.43017578125,22693.3203125
2025-12-18,25764.69921875,25902.349609375,25726.30078125,25815.55078125,197600,9.710000038146973,4339.5,56.150001525878906,90.4136962890625,6774.759765625,23006.359375
2025-12-19,25911.5,25993.349609375,25880.44921875,25966.400390625,382900,9.520000457763672,4361.399902,56.65999984741211,90.25579833984376,6834.5,23307.619140625
2025-12-22,26055.849609375,26180.69921875,26047.80078125,26172.400390625,253000,9.68000030517578,4444.600098,58.0099983215332,89.56999969482422,6878.490234375,23428.830078125
2025-12-23,26205.19921875,26233.55078125,26119.05078125,26177.150390625,216600,9.380000114440918,4482.799805,58.380001068115234,89.60389709472656,6909.7900390625,23561.83984375
2025-12-24,26170.650390625,26236.400390625,26123.0,26142.099609375,188800,9.1899995803833,4480.600098,58.34999847412109,89.50789642333984,6932.0498046875,23613.310546875
2025-12-26,26121.25,26144.19921875,26008.599609375,26042.30078125,142200,9.149999618530272,4529.100098,56.7400016784668,90.10590362548828,6929.93994140625,23593.099609375
2025-12-29,26063.349609375,26106.80078125,25920.30078125,25942.099609375,234300,9.720000267028809,4325.100098,58.08000183105469,89.82929992675781,6905.740234375,23474.349609375
2025-12-30,25940.900390625,25976.75,25878.0,25938.849609375,396900,9.68000030517578,4370.100098,57.95000076293945,89.9000015258789,6896.240234375,23419.080078125
2025-12-31,25971.05078125,26187.94921875,25969.0,26129.599609375,246300,9.479999542236328,4325.600098,57.41999816894531,89.76940155029297,6845.5,23241.990234375
