Price,Close,High,Low,Open,Volume
Ticker,GC=F,GC=F,GC=F,GC=F,GC=F
Date,,,,,
04-01-2016,1075.099976,1082.5,1063.199951,1063.400024,143
05-01-2016,1078.400024,1081.5,1075.300049,1075.599976,82
06-01-2016,1091.900024,1093.699951,1081.599976,1081.599976,52
07-01-2016,1107.699951,1109.400024,1091.599976,1091.599976,122
08-01-2016,1097.800049,1111.099976,1093,1111.099976,98
11-01-2016,1096.5,1107.900024,1096.5,1105.699951,43
12-01-2016,1085.599976,1098.5,1084,1093.800049,87
13-01-2016,1087.5,1093.900024,1081.5,1081.5,50
14-01-2016,1073.900024,1091.5,1073.699951,1091.5,59
15-01-2016,1091.5,1095.800049,1081.800049,1085,44
19-01-2016,1089.900024,1094.400024,1084.900024,1089.800049,17
20-01-2016,1107.099976,1109.800049,1099.800049,1099.800049,30
21-01-2016,1099.099976,1103.599976,1094.099976,1103.599976,16
22-01-2016,1097.199951,1103.199951,1097.199951,1098,4
25-01-2016,1106.199951,1109.300049,1099.300049,1099.300049,8
26-01-2016,1121.699951,1121.699951,1114.300049,1115.099976,181
27-01-2016,1116.099976,1117.800049,1115.800049,1117.800049,168706
28-01-2016,1115.599976,1125.699951,1109.800049,1125.400024,52861
29-01-2016,1116.400024,1118.599976,1108.800049,1114.400024,6955
01-02-2016,1127.900024,1130,1115.300049,1116.699951,1682
02-02-2016,1127.300049,1131.400024,1123,1128.300049,1230
03-02-2016,1141.300049,1146,1125,1128.5,1630
04-02-2016,1157.599976,1157.599976,1141,1142.5,771
05-02-2016,1157.800049,1174.800049,1146,1155.599976,877
08-02-2016,1197.900024,1200.400024,1165,1173.5,931
09-02-2016,1198.699951,1199.199951,1186.699951,1188.699951,700
10-02-2016,1194.699951,1197.699951,1182.099976,1189.800049,671
11-02-2016,1247.900024,1260.800049,1204.599976,1205.599976,995
12-02-2016,1239.099976,1247.800049,1233.5,1247.800049,250
16-02-2016,1207.900024,1233.599976,1193.599976,1233.099976,422
17-02-2016,1211.099976,1212.900024,1196.5,1196.5,53
18-02-2016,1226.099976,1239.199951,1201.599976,1209.599976,315
19-02-2016,1230.400024,1232.800049,1221.800049,1230.800049,76
22-02-2016,1209.5,1226.099976,1203,1226.099976,280
23-02-2016,1222.300049,1226.099976,1207.400024,1207.400024,351
24-02-2016,1238.699951,1250.099976,1230,1230,111
25-02-2016,1238.199951,1241.5,1235,1239.400024,1349
26-02-2016,1219.800049,1239.099976,1212.199951,1232.400024,656
29-02-2016,1233.900024,1241,1218.599976,1218.599976,580
01-03-2016,1230.300049,1248.400024,1229,1240.5,477
02-03-2016,1241.099976,1242.599976,1226,1232.800049,267
03-03-2016,1257.400024,1267.900024,1238,1238.400024,123
04-03-2016,1269.900024,1279.900024,1250.900024,1263,268
07-03-2016,1263.199951,1272.300049,1259.699951,1259.800049,67
08-03-2016,1262.099976,1276.300049,1261,1268.699951,43
09-03-2016,1256.599976,1260,1244.800049,1254.5,79
10-03-2016,1272,1273,1237.5,1250,119
11-03-2016,1258.699951,1280.699951,1249.400024,1270,87
14-03-2016,1244.400024,1258,1234.5,1256,58
15-03-2016,1230.400024,1236,1228,1228.300049,37
16-03-2016,1229.300049,1263.800049,1228.900024,1229.5,45
17-03-2016,1264.5,1270.099976,1255.900024,1261.5,27
18-03-2016,1253.800049,1264.400024,1251.5,1257.099976,542
21-03-2016,1243.800049,1256.199951,1243.400024,1256.199951,1061
22-03-2016,1248.199951,1252.400024,1243.800049,1244,20
23-03-2016,1223.699951,1247.699951,1218.599976,1247.699951,28
24-03-2016,1221.400024,1221.400024,1214.199951,1214.199951,13
28-03-2016,1219.900024,1222.199951,1210,1211.5,33
29-03-2016,1235.599976,1235.599976,1217.699951,1217.800049,189732
30-03-2016,1226.900024,1245,1223.400024,1241.400024,48248
31-03-2016,1234.199951,1239.599976,1224.5,1225.599976,3377
01-04-2016,1222.199951,1235.199951,1209.199951,1232.300049,1602
04-04-2016,1218,1222.300049,1215,1221.699951,2038
05-04-2016,1228.400024,1236.699951,1215.400024,1215.400024,477
06-04-2016,1222.5,1230.400024,1217.599976,1230.400024,248
07-04-2016,1236.199951,1242.900024,1224.599976,1224.800049,375
08-04-2016,1242.5,1242.800049,1232,1241,409
11-04-2016,1256.699951,1258.699951,1241.5,1241.5,437
12-04-2016,1259.400024,1261.699951,1253.699951,1260,185
13-04-2016,1246.800049,1256.900024,1241.300049,1256.5,203
14-04-2016,1225,1243.699951,1224.5,1231.400024,264
15-04-2016,1233.099976,1235,1225.699951,1225.699951,97
18-04-2016,1233.599976,1241.099976,1232.199951,1238.699951,304
19-04-2016,1253,1256.199951,1228.800049,1231.599976,386
20-04-2016,1253.199951,1256.099976,1243,1256.099976,180
21-04-2016,1249,1270.599976,1247.599976,1247.699951,124
22-04-2016,1228.699951,1248.5,1228,1248.5,188
25-04-2016,1238.900024,1240.900024,1231.599976,1231.599976,442
26-04-2016,1242.199951,1244.199951,1233,1239.800049,97
27-04-2016,1249.199951,1249.5,1248.599976,1248.599976,547
28-04-2016,1265.5,1270.099976,1238.5,1245.900024,887
29-04-2016,1289.199951,1295.5,1267.199951,1267.300049,464
02-05-2016,1294.699951,1304.400024,1290.400024,1292.099976,192
03-05-2016,1290.699951,1301.5,1284.5,1292.699951,151
04-05-2016,1273.300049,1290,1273,1286.900024,109
05-05-2016,1271.400024,1286,1270.800049,1282.900024,330
06-05-2016,1292.900024,1295.599976,1276.900024,1278.599976,305
09-05-2016,1265.599976,1286.5,1262.300049,1286.5,341
10-05-2016,1263.900024,1267.400024,1258.699951,1265.099976,23
11-05-2016,1274.599976,1279.199951,1266.900024,1266.900024,50
12-05-2016,1270.300049,1281.199951,1264,1267,101
13-05-2016,1271.900024,1275.699951,1264.599976,1271.400024,66
16-05-2016,1273.400024,1287.800049,1272.800049,1272.800049,44
17-05-2016,1276.199951,1281.599976,1270.800049,1272.5,16
18-05-2016,1273.699951,1276.400024,1256.800049,1276.400024,17
19-05-2016,1254.199951,1255.5,1247.5,1248,69
20-05-2016,1252.400024,1256.599976,1252.400024,1256.599976,44
23-05-2016,1251.099976,1251.599976,1247.5,1251.599976,56
24-05-2016,1228.900024,1240,1228.199951,1240,20
25-05-2016,1223.5,1223.5,1218.599976,1219.300049,5
26-05-2016,1220.099976,1232.599976,1220.099976,1232.599976,199778
27-05-2016,1213.800049,1223.199951,1206.400024,1220.300049,63739
31-05-2016,1214.800049,1217.599976,1199,1212.5,6432
01-06-2016,1211.900024,1219.800049,1205.400024,1215.699951,2717
02-06-2016,1209.800049,1217,1209.599976,1212.400024,1627
03-06-2016,1240.099976,1244.5,1206.400024,1209.099976,1622
06-06-2016,1244.599976,1247.300049,1240,1244.400024,1135
07-06-2016,1244.400024,1244.900024,1236.5,1244,281
08-06-2016,1259.800049,1264,1247.300049,1247.599976,406
09-06-2016,1270.199951,1271.400024,1258.099976,1262.5,381
10-06-2016,1273.400024,1278,1265.300049,1267.599976,397
13-06-2016,1284.400024,1287.300049,1273,1276.199951,328
14-06-2016,1285.599976,1289.699951,1277.800049,1281.800049,554
15-06-2016,1285.800049,1296.199951,1278.800049,1284.599976,162
16-06-2016,1296.099976,1316.400024,1281.099976,1296.300049,251
17-06-2016,1292.5,1300.099976,1280.300049,1280.300049,129
20-06-2016,1290,1291.199951,1280.300049,1288.900024,153
21-06-2016,1270.5,1293.900024,1266.300049,1293.900024,134
22-06-2016,1268,1269.199951,1264.900024,1267,53
23-06-2016,1261.199951,1270.5,1255.199951,1263.400024,218
24-06-2016,1320,1355.599976,1253.699951,1253.699951,694
27-06-2016,1322.5,1331.699951,1320,1330,92
28-06-2016,1315.300049,1315.599976,1314.099976,1314.800049,1072
29-06-2016,1323.900024,1327.400024,1311.599976,1311.599976,414
30-06-2016,1318.400024,1323.5,1314.5,1315.800049,560
01-07-2016,1336.699951,1344.199951,1321.900024,1324.5,137
05-07-2016,1356.400024,1356.800049,1339.699951,1342.199951,90
06-07-2016,1364.900024,1374.900024,1359,1359,130
07-07-2016,1360.099976,1368.599976,1350.5,1366.800049,207
08-07-2016,1356.599976,1365.800049,1335,1361.300049,249
11-07-2016,1355,1371.800049,1353,1371.699951,26
12-07-2016,1334.099976,1356,1330.300049,1353.599976,252
13-07-2016,1342.400024,1342.400024,1336.699951,1341.5,7
14-07-2016,1331.300049,1341.400024,1322.699951,1341.400024,20
15-07-2016,1326.5,1333.699951,1322.900024,1333.699951,52
18-07-2016,1328.400024,1335,1326.199951,1327.5,54
19-07-2016,1331.5,1333.199951,1326.400024,1328.5,322
20-07-2016,1318.800049,1337.5,1315.5,1331,751
21-07-2016,1330.5,1330.5,1312.800049,1312.800049,318
22-07-2016,1323.099976,1330.699951,1320.400024,1330.699951,55
25-07-2016,1319.300049,1319.300049,1313.800049,1315.699951,548
26-07-2016,1320.699951,1320.699951,1315.199951,1315.199951,63
27-07-2016,1326.599976,1326.599976,1326,1326,215388
28-07-2016,1332.300049,1344.300049,1330.099976,1339.5,56908
29-07-2016,1349,1353.300049,1325.800049,1333.199951,6076
01-08-2016,1351.400024,1353.5,1345.599976,1348.800049,1257
02-08-2016,1364.400024,1366,1346.599976,1352.099976,2941
03-08-2016,1356.099976,1364.699951,1353.300049,1362.400024,715
04-08-2016,1358.800049,1361.599976,1347,1354.400024,381
05-08-2016,1336.400024,1360.800049,1333.699951,1357.599976,1107
08-08-2016,1333.400024,1335.400024,1327.800049,1330,587
09-08-2016,1339,1339.400024,1328.5,1331.800049,620
10-08-2016,1344.300049,1354.199951,1344.300049,1344.800049,110
11-08-2016,1342.5,1350.400024,1334.800049,1341.599976,666
12-08-2016,1335.800049,1351.800049,1333.199951,1336.800049,113
15-08-2016,1340.300049,1340.599976,1333.599976,1336.5,62
16-08-2016,1350.5,1355,1341,1342.199951,338
17-08-2016,1342.699951,1347.300049,1338.599976,1345.5,135
18-08-2016,1351.199951,1354.400024,1348.199951,1351.300049,140
19-08-2016,1340.400024,1350.099976,1338.599976,1350.099976,197
22-08-2016,1337.699951,1337.699951,1333.300049,1334.400024,117
23-08-2016,1340.599976,1341.199951,1334.300049,1337,551
24-08-2016,1324.400024,1337.199951,1322.900024,1337.199951,262
25-08-2016,1320.099976,1324,1317,1321.400024,58
26-08-2016,1321.5,1340.5,1320.099976,1323.800049,141
29-08-2016,1322.900024,1323,1315,1315,437
30-08-2016,1311.699951,1322.099976,1308,1322,705
31-08-2016,1306.900024,1313.699951,1306.300049,1310.300049,214
01-09-2016,1312.199951,1313.099976,1301.5,1305.300049,225
02-09-2016,1322.099976,1326.699951,1309.199951,1309.599976,55
06-09-2016,1349.400024,1349.400024,1323.199951,1323.300049,46
07-09-2016,1344.300049,1350.5,1343.900024,1348.400024,14
08-09-2016,1336.800049,1345.400024,1335.699951,1344.800049,30
09-09-2016,1330.099976,1338.5,1328,1338.5,35
12-09-2016,1321,1329.300049,1319.900024,1327,177
13-09-2016,1319,1324.599976,1315,1324.599976,79
14-09-2016,1321.5,1322.300049,1319.199951,1319.199951,73
15-09-2016,1313.5,1320.699951,1310.800049,1320.699951,37
16-09-2016,1305.800049,1312.599976,1305.800049,1312.199951,4
19-09-2016,1313.5,1313.5,1313.5,1313.5,20
20-09-2016,1313.699951,1313.699951,1313.699951,1313.699951,97
21-09-2016,1326.900024,1326.900024,1324,1326.300049,76
22-09-2016,1340.400024,1340.400024,1338.199951,1338.599976,23
23-09-2016,1337.199951,1337.199951,1337.199951,1337.199951,40
26-09-2016,1339.699951,1341.800049,1335.199951,1335.199951,24
27-09-2016,1325.900024,1328.699951,1325.900024,1328,48
28-09-2016,1319.400024,1319.400024,1319.400024,1319.400024,10551
29-09-2016,1321.699951,1325,1314.699951,1321.199951,6108
30-09-2016,1313.300049,1327.699951,1312.900024,1320.599976,868
03-10-2016,1309,1316.800049,1308.199951,1313.5,299
04-10-2016,1266.300049,1310.199951,1266.300049,1307.599976,1893
05-10-2016,1265.199951,1274,1261.300049,1272.099976,246
06-10-2016,1249.800049,1265.300049,1249.800049,1265.300049,114
07-10-2016,1248.900024,1263.599976,1248.900024,1253.900024,169
11-10-2016,1253,1258.900024,1253,1258.900024,26
12-10-2016,1251.099976,1254,1251.099976,1251.699951,127
13-10-2016,1255,1259,1255,1258.699951,315
14-10-2016,1253.099976,1253.900024,1250.599976,1253.900024,311
17-10-2016,1254.400024,1255,1249.900024,1249.900024,41
18-10-2016,1260.800049,1261.699951,1260.800049,1260.900024,11
19-10-2016,1267.900024,1271.5,1262.900024,1262.900024,219
20-10-2016,1265.599976,1270.5,1265.5,1270,415
21-10-2016,1265.900024,1265.900024,1265.900024,1265.900024,224
24-10-2016,1262,1269.199951,1261.800049,1269.199951,42
25-10-2016,1271.900024,1274.099976,1264.099976,1264.099976,61
26-10-2016,1264.800049,1274,1264.800049,1274,279
27-10-2016,1267.900024,1269.400024,1267.900024,1269.400024,338
28-10-2016,1275.5,1281.5,1262,1270.300049,560
31-10-2016,1271.5,1276.599976,1271.5,1276.599976,58
01-11-2016,1286.400024,1290.699951,1279,1279.300049,49
02-11-2016,1306.800049,1307,1288.300049,1288.300049,30
03-11-2016,1302.099976,1303.099976,1287.300049,1296.400024,73
04-11-2016,1303.300049,1303.300049,1296.699951,1300,11
07-11-2016,1278.300049,1294.5,1278.300049,1292,34
08-11-2016,1273.400024,1289.400024,1273.199951,1284.099976,50
09-11-2016,1272.599976,1318.599976,1270,1272.199951,108
10-11-2016,1265.5,1287.5,1253.300049,1274.400024,63
14-11-2016,1221.199951,1229.5,1210.400024,1227.800049,216
15-11-2016,1224,1226,1222.5,1224.300049,20
16-11-2016,1223.400024,1229.300049,1223,1229.300049,66
17-11-2016,1216.5,1225,1211,1224.599976,1139
18-11-2016,1208.5,1211.900024,1207.199951,1211.900024,607
21-11-2016,1209.599976,1209.599976,1209.599976,1209.599976,19
22-11-2016,1211,1211.099976,1207.599976,1210.400024,19
23-11-2016,1189.099976,1213.800049,1186.800049,1212.800049,309
25-11-2016,1178.199951,1189.300049,1177,1177,14
28-11-2016,1190.599976,1190.599976,1188,1188,189914
29-11-2016,1187.900024,1194.800049,1179.400024,1193.199951,42124
30-11-2016,1170.800049,1193.300049,1167.900024,1187.099976,7158
01-12-2016,1166.900024,1174.599976,1160,1172.699951,1588
02-12-2016,1175.099976,1177.300049,1166.400024,1172.300049,1521
05-12-2016,1174,1186.699951,1157,1181.800049,358
06-12-2016,1167.599976,1174.5,1167.099976,1170.900024,652
07-12-2016,1175,1178.5,1166.400024,1167.699951,182
08-12-2016,1169.800049,1177.800049,1169.099976,1173.800049,322
09-12-2016,1159.400024,1168.800049,1156,1166.599976,365
12-12-2016,1163.5,1163.900024,1153,1158.300049,331
13-12-2016,1156.699951,1164,1155.400024,1163.5,637
14-12-2016,1161.300049,1164,1142,1159.800049,487
15-12-2016,1127.800049,1143.300049,1123.900024,1139.800049,244
16-12-2016,1135.300049,1140.900024,1126.900024,1126.900024,146
19-12-2016,1140.5,1140.699951,1137.900024,1139.400024,249
20-12-2016,1131.5,1133.5,1126.5,1133.5,46
21-12-2016,1131.099976,1136.099976,1130,1136.099976,50
22-12-2016,1128.800049,1132.800049,1128.300049,1131.199951,104
23-12-2016,1131.900024,1132.800049,1130.300049,1130.900024,70
27-12-2016,1137.300049,1142.199951,1134.300049,1134.300049,84
28-12-2016,1139.400024,1141.199951,1138,1141.199951,1570
29-12-2016,1156.400024,1158.800049,1143.599976,1143.800049,950
30-12-2016,1150,1162,1150,1162,16
03-01-2017,1160.400024,1160.800049,1146.5,1155.199951,52
04-01-2017,1163.800049,1165,1156.300049,1156.300049,36
05-01-2017,1179.699951,1183.300049,1171.5,1172,500
06-01-2017,1171.900024,1176.5,1171.900024,1176.5,16
09-01-2017,1183.5,1183.599976,1173,1173.900024,62
10-01-2017,1184.199951,1188.900024,1182.300049,1184.300049,8
11-01-2017,1195.599976,1197,1176.5,1187.5,20
12-01-2017,1198.900024,1204.300049,1192.300049,1192.699951,110
13-01-2017,1195.300049,1196,1187.699951,1195.699951,65
17-01-2017,1212,1214.599976,1200.800049,1205.5,79
18-01-2017,1211.300049,1214.699951,1203.099976,1213.599976,114
19-01-2017,1200.900024,1204,1195.800049,1200.5,26
20-01-2017,1204.300049,1212.099976,1202.800049,1202.800049,38
23-01-2017,1215,1215,1210,1212,16
24-01-2017,1210.300049,1219,1207.699951,1219,24
25-01-2017,1197.300049,1202.800049,1194.900024,1202,403
26-01-2017,1189.5,1199.699951,1185.599976,1199.699951,19
27-01-2017,1188.099976,1188.300049,1187.900024,1187.900024,234352
30-01-2017,1193.199951,1198.5,1187.099976,1191.699951,50503
31-01-2017,1208.599976,1214.699951,1193.5,1194.900024,3212
01-02-2017,1205.599976,1211.900024,1197.900024,1211.900024,1145
02-02-2017,1216.699951,1224.199951,1208.900024,1209.699951,1512
03-02-2017,1218.5,1220.599976,1206.199951,1214.900024,865
06-02-2017,1230,1235.400024,1218.5,1221.900024,908
07-02-2017,1234.199951,1236.199951,1228.5,1234.199951,1177
08-02-2017,1237.599976,1243.900024,1231,1232.099976,288
09-02-2017,1235.099976,1243.5,1226.900024,1239.400024,885
10-02-2017,1234.400024,1234.400024,1221.5,1227.599976,391
13-02-2017,1224.400024,1231.099976,1219,1230.5,398
14-02-2017,1223.900024,1233.5,1222.099976,1225.900024,159
15-02-2017,1231.699951,1231.699951,1217.300049,1225.5,175
16-02-2017,1240,1240.699951,1233.199951,1234.5,87
17-02-2017,1237.599976,1241.199951,1234.800049,1240.699951,301
21-02-2017,1237.5,1237.5,1228.099976,1237.300049,119
22-02-2017,1232,1238.599976,1231.800049,1236.099976,36
23-02-2017,1250.199951,1250.300049,1236.099976,1236.099976,112
24-02-2017,1256.900024,1258.800049,1250,1250,1264
27-02-2017,1257.400024,1263.099976,1250.400024,1254.699951,544
28-02-2017,1252.599976,1257.300049,1247.199951,1253.599976,721
01-03-2017,1248.900024,1248.900024,1236.900024,1247.800049,138
02-03-2017,1231.900024,1247.599976,1230.699951,1247.199951,79
03-03-2017,1225.5,1235.199951,1222.900024,1231.699951,121
06-03-2017,1224.5,1235.199951,1224.5,1235.199951,29
07-03-2017,1215.099976,1225.400024,1213.699951,1224.300049,53
08-03-2017,1208.5,1212.199951,1206.699951,1212.199951,24
09-03-2017,1202.400024,1205.599976,1202.300049,1204.5,37
10-03-2017,1200.699951,1203.300049,1196.199951,1196.199951,3
13-03-2017,1202.400024,1210,1202.300049,1206.199951,35
14-03-2017,1201.900024,1205.900024,1196.800049,1203.099976,22
15-03-2017,1200.099976,1221.199951,1197.699951,1198.199951,36
16-03-2017,1226.5,1231.400024,1222.199951,1222.199951,47
17-03-2017,1229.800049,1230.900024,1227.099976,1227.099976,26
20-03-2017,1233.599976,1234.400024,1229.300049,1229.300049,23
21-03-2017,1246.099976,1246.099976,1226.400024,1226.400024,11
22-03-2017,1249.300049,1249.5,1247.699951,1247.900024,3
23-03-2017,1246.900024,1247.5,1244.800049,1246.400024,16
24-03-2017,1248.199951,1248.300049,1247.599976,1248,3
27-03-2017,1255.400024,1257.699951,1253.800049,1255.800049,72
28-03-2017,1255.300049,1255.900024,1255.300049,1255.900024,19
29-03-2017,1253.400024,1253.400024,1252.099976,1252.199951,190678
30-03-2017,1245,1253.599976,1241.099976,1253.099976,51328
31-03-2017,1247.300049,1248.800049,1238.699951,1242.099976,8223
03-04-2017,1250.800049,1252.400024,1243.599976,1247.5,1160
04-04-2017,1255,1260.300049,1253,1253.099976,724
05-04-2017,1245.400024,1255.400024,1243,1255.400024,907
06-04-2017,1250.300049,1257.5,1249,1256.099976,169
07-04-2017,1254.300049,1269.099976,1249.5,1249.5,445
10-04-2017,1251.099976,1255.199951,1246.800049,1252.699951,182
11-04-2017,1271.199951,1273.5,1254.5,1254.5,401
12-04-2017,1275.300049,1285.099976,1272,1275,492
13-04-2017,1285.900024,1287.599976,1282,1285.300049,915
17-04-2017,1289.400024,1294.800049,1284.300049,1291.800049,73
18-04-2017,1291.699951,1291.699951,1278.599976,1283.900024,394
19-04-2017,1281.400024,1288,1274,1288,194
20-04-2017,1281.900024,1281.900024,1276.199951,1279.699951,127
21-04-2017,1287.400024,1287.400024,1279.199951,1279.800049,474
24-04-2017,1275.800049,1276.400024,1265,1275,605
25-04-2017,1265.599976,1276.900024,1262.099976,1275.599976,356
26-04-2017,1262.099976,1266,1262.099976,1266,1156
27-04-2017,1263.699951,1267.199951,1262.199951,1266.699951,206
28-04-2017,1266.099976,1267.199951,1264.699951,1265.900024,85
01-05-2017,1253.300049,1269.300049,1253.300049,1268.699951,34
02-05-2017,1255.099976,1256.199951,1251.199951,1256.199951,90
03-05-2017,1246.400024,1255.800049,1238.699951,1255.099976,195
04-05-2017,1226.5,1239.800049,1224.199951,1239.800049,72
05-05-2017,1224.800049,1233.699951,1224.800049,1227,16
08-05-2017,1225.300049,1234,1224,1224,43
09-05-2017,1214.300049,1226.199951,1214,1226.099976,55
10-05-2017,1217.300049,1220.199951,1217.300049,1219.800049,23
11-05-2017,1222.699951,1222.699951,1218.300049,1218.5,13
12-05-2017,1226.199951,1229.5,1226.099976,1228,29
15-05-2017,1228.599976,1232.699951,1227.5,1227.5,13
16-05-2017,1235,1237.300049,1230.400024,1230.400024,20
17-05-2017,1257.5,1259.199951,1240.699951,1241,26
18-05-2017,1251.699951,1260,1245.800049,1254.800049,43
19-05-2017,1252.699951,1252.699951,1252.699951,1252.699951,14
22-05-2017,1260.699951,1260.699951,1251.699951,1251.699951,14
23-05-2017,1254.800049,1261.599976,1250.599976,1261.5,20
24-05-2017,1252.400024,1257.800049,1249.699951,1251.900024,14
25-05-2017,1255.800049,1258.300049,1255.800049,1257.099976,11
26-05-2017,1267.599976,1267.599976,1267.599976,1267.599976,271457
30-05-2017,1262.099976,1270,1258.400024,1267.400024,129819
31-05-2017,1272,1273.199951,1258.5,1262.400024,2712
01-06-2017,1267,1269.199951,1260.800049,1268,825
02-06-2017,1276.800049,1279,1259,1265.199951,1732
05-06-2017,1279.300049,1282,1277,1279.199951,433
06-06-2017,1294.400024,1295.199951,1279.400024,1279.400024,942
07-06-2017,1290.099976,1293.099976,1284.300049,1291.599976,641
08-06-2017,1276.300049,1287.599976,1268.099976,1285.400024,319
09-06-2017,1268.5,1277.900024,1264.599976,1277.900024,467
12-06-2017,1266.099976,1269.300049,1263.199951,1266.400024,255
13-06-2017,1265.800049,1266.900024,1259.699951,1264.099976,150
14-06-2017,1272.800049,1278,1256.800049,1269.400024,336
15-06-2017,1252.199951,1264.199951,1250.300049,1263.199951,743
16-06-2017,1254,1255.300049,1251.300049,1252.800049,34
19-06-2017,1244.199951,1252.199951,1241.900024,1252.099976,108
20-06-2017,1241,1245.5,1240.5,1242.199951,75
21-06-2017,1243.400024,1245,1240,1244.099976,205
22-06-2017,1247.599976,1252.699951,1246.300049,1251,156
23-06-2017,1256.199951,1273.599976,1249.800049,1250,269
26-06-2017,1246.300049,1260.199951,1241.599976,1260.199951,194
27-06-2017,1246.400024,1251.800049,1245.900024,1251.599976,111
28-06-2017,1248,1248.5,1248,1248.5,370
29-06-2017,1244.199951,1250.699951,1238.099976,1248.199951,540
30-06-2017,1240.699951,1243.699951,1239.099976,1243.699951,43
03-07-2017,1217.900024,1236,1217.900024,1236,33
05-07-2017,1220.400024,1225,1217.099976,1222.5,40
06-07-2017,1222.199951,1225.099976,1222.199951,1225.099976,5
07-07-2017,1208.599976,1220.400024,1208.599976,1219.099976,116
10-07-2017,1212.099976,1212.099976,1209.599976,1211.400024,28
11-07-2017,1213.599976,1214.900024,1208.699951,1208.699951,12
12-07-2017,1218.099976,1219.400024,1217.900024,1218.300049,7
13-07-2017,1216.300049,1221.400024,1216.300049,1221.400024,7
14-07-2017,1226.599976,1227.5,1214.800049,1214.900024,23
17-07-2017,1232.800049,1233.400024,1229.900024,1229.900024,7
18-07-2017,1241.099976,1241.199951,1236.199951,1236.199951,29
19-07-2017,1241.199951,1241.199951,1240.099976,1240.400024,3
20-07-2017,1244.800049,1244.800049,1236.599976,1236.599976,5
21-07-2017,1254.300049,1254.300049,1250.5,1250.699951,16
24-07-2017,1253.900024,1256,1253.900024,1256,8
25-07-2017,1251.699951,1253.599976,1249.199951,1252.699951,18
26-07-2017,1249,1249,1244.800049,1244.800049,7
27-07-2017,1259.599976,1259.599976,1259.599976,1259.599976,220309
28-07-2017,1268.400024,1270,1256.900024,1258.400024,64180
31-07-2017,1266.599976,1270.800049,1265.800049,1268.900024,7780
01-08-2017,1272.599976,1273.300049,1262,1268.400024,1061
02-08-2017,1271.800049,1272.099976,1262.900024,1268.5,393
03-08-2017,1267.800049,1269.800049,1256.599976,1265.900024,878
04-08-2017,1258.300049,1269.599976,1253.900024,1269,521
07-08-2017,1258.199951,1259.099976,1255.300049,1258.699951,260
08-08-2017,1256.400024,1264.099976,1251.400024,1256.900024,555
09-08-2017,1273,1277.800049,1260.199951,1260.199951,574
10-08-2017,1283.699951,1287.400024,1274.900024,1276.599976,608
11-08-2017,1287.699951,1291.099976,1282,1286.300049,139
14-08-2017,1284.199951,1288.400024,1278.800049,1288.400024,338
15-08-2017,1273.699951,1280.5,1267.400024,1280.5,188
16-08-2017,1276.900024,1282.599976,1269.400024,1271.300049,110
17-08-2017,1286.400024,1288.5,1283.199951,1283.800049,43
18-08-2017,1285.699951,1300.699951,1284.300049,1288.599976,358
21-08-2017,1290.800049,1290.800049,1284.699951,1285.199951,18
22-08-2017,1285.099976,1288.400024,1283.199951,1287.199951,100
23-08-2017,1288.900024,1289.400024,1286.900024,1289.400024,250
24-08-2017,1286.5,1288.699951,1284,1288.699951,550
25-08-2017,1292.5,1292.699951,1280.300049,1285.400024,280
28-08-2017,1309.699951,1311.300049,1293.5,1293.5,145
29-08-2017,1313.099976,1323.800049,1313.099976,1318.800049,1178
30-08-2017,1308.099976,1312.5,1304.900024,1308.199951,1178
31-08-2017,1316.199951,1322.300049,1301.699951,1306.599976,373
01-09-2017,1324.5,1327.699951,1316.900024,1320.199951,313
05-09-2017,1339.199951,1339.199951,1328.599976,1335.199951,39
06-09-2017,1333.900024,1340.300049,1332.599976,1340,20
07-09-2017,1345.099976,1349,1336.400024,1336.400024,26
08-09-2017,1346,1355.800049,1345.599976,1351,37
11-09-2017,1331,1331,1327.300049,1331,9
12-09-2017,1328,1328,1325.199951,1327,15
13-09-2017,1323.400024,1323.400024,1323.400024,1323.400024,16
14-09-2017,1324.699951,1329.300049,1319.599976,1319.599976,316
15-09-2017,1320.400024,1321.199951,1319.800049,1320.599976,15
18-09-2017,1306.300049,1310.400024,1306,1309.800049,129
19-09-2017,1306.199951,1310.300049,1305.099976,1307.900024,20
20-09-2017,1312,1312,1298.699951,1312,12
21-09-2017,1290.599976,1304.099976,1290.300049,1299.099976,336
22-09-2017,1293.300049,1295.699951,1293.300049,1295,209
25-09-2017,1306.800049,1309.199951,1291,1293.099976,51
26-09-2017,1297,1305.599976,1297,1304.5,39
27-09-2017,1283.400024,1283.400024,1283.400024,1283.400024,19488
28-09-2017,1285.5,1288,1277,1283.099976,5226
29-09-2017,1281.5,1289.400024,1281.5,1284.199951,492
02-10-2017,1272.699951,1276.099976,1270.400024,1275,136
03-10-2017,1271.5,1273.300049,1268.599976,1269.699951,192
04-10-2017,1273.699951,1280.800049,1270,1273.800049,218
05-10-2017,1269.900024,1277.800049,1267.599976,1277.800049,36
06-10-2017,1271.599976,1272,1260.5,1267.599976,46
09-10-2017,1281.800049,1284,1279,1280.599976,19
10-10-2017,1290.599976,1293,1281.699951,1282.599976,18
11-10-2017,1285.800049,1292,1284.900024,1287.300049,21
12-10-2017,1293.300049,1294.5,1289.300049,1291.5,14
13-10-2017,1301.5,1301.699951,1291.699951,1293.300049,74
16-10-2017,1299.900024,1303.800049,1291.900024,1302,173
17-10-2017,1283,1295.099976,1283,1295.099976,571
18-10-2017,1279.900024,1279.900024,1279.900024,1279.900024,163
19-10-2017,1286.900024,1286.900024,1285.099976,1286.400024,134
20-10-2017,1277.400024,1279.599976,1277.400024,1279.599976,304
23-10-2017,1277.699951,1280.800049,1271.5,1274.699951,115
24-10-2017,1275,1275.5,1273.699951,1275.5,111
25-10-2017,1275.400024,1275.400024,1269.900024,1269.900024,105
26-10-2017,1266.300049,1273.5,1264.699951,1273.5,39
27-10-2017,1268.5,1268.5,1267.099976,1268.400024,567
30-10-2017,1274.099976,1274.099976,1267.900024,1270,222
31-10-2017,1267,1274.599976,1266.099976,1273.099976,235
01-11-2017,1274.099976,1274.800049,1270.300049,1272.199951,78
02-11-2017,1274.900024,1274.900024,1274.900024,1274.900024,70
03-11-2017,1266.5,1267.900024,1265.300049,1265.300049,75
06-11-2017,1279.400024,1280.5,1269,1269,128
07-11-2017,1273.699951,1276.800049,1270.400024,1276.800049,11
08-11-2017,1281.599976,1284.900024,1274.699951,1275.900024,15
09-11-2017,1285.599976,1286.900024,1279.699951,1279.699951,18
10-11-2017,1272.400024,1283.5,1272.400024,1283.5,10
13-11-2017,1277.300049,1277.300049,1277,1277.300049,3
14-11-2017,1281.5,1281.5,1276.900024,1276.900024,4
15-11-2017,1276.5,1284.699951,1275.900024,1281.400024,13
16-11-2017,1277.400024,1277.5,1277.400024,1277.5,43
17-11-2017,1295.800049,1295.800049,1288.300049,1288.300049,1
20-11-2017,1274.599976,1275.900024,1274.599976,1274.599976,1
21-11-2017,1281.099976,1281.099976,1281.099976,1281.099976,4
22-11-2017,1291.599976,1291.599976,1282.900024,1284.699951,4
24-11-2017,1286.699951,1286.699951,1286.699951,1286.699951,0
27-11-2017,1293.800049,1293.800049,1293.800049,1293.800049,1
28-11-2017,1294.699951,1294.699951,1294.699951,1294.699951,275442
29-11-2017,1282.099976,1296.199951,1281.099976,1293.400024,47244
30-11-2017,1273.199951,1284.5,1269.699951,1283.099976,3049
01-12-2017,1278.800049,1288.599976,1271,1274.099976,823
04-12-2017,1274.300049,1276.099976,1270.300049,1272.5,850
05-12-2017,1261.599976,1275.800049,1260,1275.400024,1499
06-12-2017,1262.800049,1267.800049,1261.599976,1264.900024,373
07-12-2017,1249.800049,1262.400024,1243.900024,1262.300049,358
08-12-2017,1245.199951,1249.300049,1241.5,1246.300049,157
11-12-2017,1243.699951,1249.199951,1239.900024,1248.400024,146
12-12-2017,1238.5,1244.400024,1236.5,1241.300049,692
13-12-2017,1245.400024,1254.5,1239.800049,1241.900024,349
14-12-2017,1253.800049,1257.699951,1250.300049,1252.900024,139
15-12-2017,1254.300049,1260.300049,1253.099976,1253.099976,578
18-12-2017,1262.199951,1262.400024,1255.699951,1256.199951,45
19-12-2017,1260.699951,1264.300049,1259.5,1261.099976,329
20-12-2017,1266.099976,1266.599976,1261.300049,1261.300049,63
21-12-2017,1267.300049,1267.400024,1264.300049,1266.400024,226
22-12-2017,1275.400024,1276.300049,1266.300049,1266.300049,119
26-12-2017,1284.099976,1284.099976,1281.800049,1282.400024,84
27-12-2017,1287,1287,1284,1284,456
28-12-2017,1294.099976,1294.099976,1288.199951,1288.199951,245
29-12-2017,1306.300049,1306.300049,1294,1294.199951,65
02-01-2018,1313.699951,1317.599976,1302.300049,1302.300049,68
03-01-2018,1316.199951,1320.099976,1312.099976,1320,42
04-01-2018,1319.400024,1322,1319.400024,1319.400024,2
05-01-2018,1320.300049,1320.300049,1320.300049,1320.300049,1
08-01-2018,1318.599976,1319.900024,1314.599976,1319.900024,41
09-01-2018,1311.699951,1311.699951,1309.599976,1309.599976,16
10-01-2018,1317.400024,1320.699951,1315.300049,1320.300049,70
11-01-2018,1320.599976,1320.599976,1316.300049,1317.099976,9
12-01-2018,1333.400024,1338.199951,1327.800049,1327.800049,14
16-01-2018,1335.400024,1335.400024,1331,1331.099976,13
17-01-2018,1338,1338,1326.800049,1334.400024,27
18-01-2018,1326,1328.900024,1326,1328.900024,211
19-01-2018,1331.900024,1333,1330.099976,1330.099976,50
22-01-2018,1330.900024,1330.900024,1328.400024,1328.400024,162
23-01-2018,1335.699951,1335.900024,1335.699951,1335.800049,47
24-01-2018,1355.900024,1357.199951,1355.900024,1355.900024,18
25-01-2018,1362.400024,1362.400024,1346.699951,1356.300049,4
26-01-2018,1351.599976,1352,1350.900024,1351.599976,280546
30-01-2018,1335.400024,1347.800049,1332.800049,1338.699951,52100
31-01-2018,1339,1346.900024,1331.800049,1337.5,4881
01-02-2018,1344.300049,1350.599976,1336.800049,1343.800049,1680
02-02-2018,1333.699951,1352.099976,1327.699951,1348.5,2841
05-02-2018,1333,1340.199951,1329,1331.099976,641
06-02-2018,1326.099976,1343.699951,1319.5,1338.199951,529
07-02-2018,1311.599976,1331.099976,1310.5,1325.400024,491
08-02-2018,1316.900024,1321.099976,1307,1317.099976,459
09-02-2018,1313.099976,1322,1311.900024,1320.900024,451
12-02-2018,1324.199951,1325.5,1318,1323.800049,140
13-02-2018,1328.099976,1329.599976,1323.400024,1324.5,71
14-02-2018,1355.5,1355.5,1324,1332.800049,400
15-02-2018,1352.099976,1355.900024,1349.699951,1352,111
16-02-2018,1353.199951,1361.400024,1344.900024,1354,110
20-02-2018,1328.800049,1350.199951,1328.5,1348.400024,283
21-02-2018,1330,1331.5,1324.400024,1326.800049,119
22-02-2018,1330.599976,1331.400024,1322,1322,70
23-02-2018,1328.199951,1332.099976,1327.699951,1328,427
26-02-2018,1330.699951,1340.5,1330.699951,1335,652
27-02-2018,1315.5,1332.599976,1312.699951,1331.699951,710
28-02-2018,1315.5,1321,1315.400024,1315.400024,58
01-03-2018,1302.900024,1318.099976,1301.800049,1310.400024,43
02-03-2018,1321.099976,1323.199951,1314.300049,1314.300049,155
05-03-2018,1318.099976,1325.900024,1318.099976,1323.5,18
06-03-2018,1333.599976,1333.599976,1321.400024,1321.599976,18
07-03-2018,1326,1338.099976,1326,1338.099976,27
08-03-2018,1319.900024,1326.800049,1319.300049,1324.800049,62
09-03-2018,1322.400024,1322.400024,1313,1316.800049,88
12-03-2018,1319.400024,1319.400024,1319.400024,1319.400024,0
13-03-2018,1325.900024,1325.900024,1325.300049,1325.900024,13
14-03-2018,1324.400024,1324.400024,1322.199951,1322.199951,19
15-03-2018,1316.800049,1316.800049,1316.800049,1316.800049,0
16-03-2018,1311.300049,1311.300049,1310.099976,1310.099976,34
19-03-2018,1316.800049,1316.900024,1307.300049,1309.400024,6
20-03-2018,1311.099976,1311.099976,1311.099976,1311.099976,4
21-03-2018,1320.699951,1328.800049,1312.400024,1312.400024,34
22-03-2018,1326.599976,1326.599976,1326.599976,1326.599976,0
23-03-2018,1349.300049,1349.300049,1343.199951,1343.199951,8
26-03-2018,1354.400024,1354.400024,1345.099976,1348.5,10
27-03-2018,1341.300049,1341.300049,1341,1341,290889
28-03-2018,1324.199951,1346.400024,1322.400024,1345,59284
29-03-2018,1322.800049,1327.099976,1321.699951,1324,5585
02-04-2018,1342.099976,1344.199951,1324.699951,1327,649
03-04-2018,1332.800049,1341.5,1328.5,1340.400024,702
04-04-2018,1335.800049,1347.300049,1331.599976,1331.800049,718
05-04-2018,1324.300049,1333.699951,1322.599976,1333.5,258
06-04-2018,1331.900024,1333,1319,1326.5,348
09-04-2018,1336.300049,1337.5,1327,1333,290
10-04-2018,1342,1342,1333,1335.199951,105
11-04-2018,1356.5,1365.400024,1340.099976,1340.099976,118
12-04-2018,1338.400024,1351.5,1334.599976,1351.199951,34
13-04-2018,1344.800049,1346,1335.900024,1335.900024,67
16-04-2018,1347.5,1348.800049,1341,1341,60
17-04-2018,1347.199951,1348.099976,1339,1348,409
18-04-2018,1351.199951,1354.199951,1343.5,1343.5,45
19-04-2018,1346.800049,1355.199951,1341.599976,1348.599976,387
20-04-2018,1336.699951,1343.400024,1335.300049,1342.5,310
23-04-2018,1322.5,1334.400024,1322.5,1334,68
24-04-2018,1331.400024,1331.699951,1326.199951,1326.400024,28
25-04-2018,1321.199951,1325,1320,1324,278
26-04-2018,1316.300049,1316.300049,1315.699951,1315.699951,569
27-04-2018,1320.300049,1321.699951,1312.800049,1315.300049,622
30-04-2018,1316.199951,1316.199951,1309.599976,1309.599976,49
01-05-2018,1303.800049,1313.800049,1303.400024,1313.199951,28
02-05-2018,1302.599976,1309.300049,1302.599976,1309,23
03-05-2018,1310.699951,1310.699951,1310.699951,1310.699951,4
04-05-2018,1312.699951,1312.699951,1312.699951,1312.699951,0
07-05-2018,1312.199951,1312.5,1310.199951,1310.599976,4
08-05-2018,1312,1312,1308.5,1310.099976,337
09-05-2018,1311.300049,1311.300049,1311.300049,1311.300049,70
10-05-2018,1320.800049,1320.800049,1312.199951,1312.199951,8
11-05-2018,1319,1319,1319,1319,3
14-05-2018,1316.5,1319.900024,1316.5,1319.900024,4
15-05-2018,1288.900024,1304.699951,1288.900024,1304.599976,8
16-05-2018,1290.199951,1294,1285.400024,1290.900024,26
17-05-2018,1288.199951,1291.300049,1288.199951,1291.300049,2
18-05-2018,1290.199951,1290.199951,1285.199951,1285.199951,2
21-05-2018,1290.199951,1292.099976,1287.400024,1287.400024,52
22-05-2018,1291.699951,1291.699951,1291.699951,1291.699951,50
23-05-2018,1289.300049,1289.300049,1289.300049,1289.300049,10
24-05-2018,1303.699951,1303.699951,1303.699951,1303.699951,0
25-05-2018,1303.300049,1303.300049,1303.300049,1303.300049,1
29-05-2018,1298.699951,1298.699951,1298.699951,1298.699951,386334
30-05-2018,1301.5,1303.699951,1295.199951,1298,50845
31-05-2018,1300.099976,1306.800049,1296.599976,1301,4082
01-06-2018,1294.800049,1299.5,1288.900024,1298.599976,663
04-06-2018,1293.099976,1297.099976,1290,1293.900024,144
05-06-2018,1297.5,1299.800049,1289.900024,1292.099976,357
06-06-2018,1297.099976,1300.400024,1294.099976,1296.099976,373
07-06-2018,1298.699951,1302.800049,1296.199951,1298.400024,79
08-06-2018,1298.099976,1299.400024,1294.800049,1295.300049,650
11-06-2018,1298.900024,1302,1295.199951,1299.300049,71
12-06-2018,1295.099976,1298.099976,1292.699951,1297.800049,153
13-06-2018,1296.900024,1299.400024,1290.900024,1294,135
14-06-2018,1304,1307.699951,1297.199951,1297.199951,42
15-06-2018,1274.599976,1307.699951,1274,1297.199951,589
18-06-2018,1276.199951,1280.699951,1276.199951,1280.699951,35
19-06-2018,1275.599976,1281.800049,1269.900024,1278.699951,34
20-06-2018,1271.199951,1274.400024,1271.199951,1274.400024,7
21-06-2018,1267.199951,1268.900024,1260,1262.699951,46
22-06-2018,1267.400024,1270.199951,1267,1268.099976,74
25-06-2018,1265.599976,1271.199951,1265.599976,1270.599976,37
26-06-2018,1256.599976,1267.199951,1256.599976,1267.199951,89
27-06-2018,1252.800049,1255.5,1252.300049,1255.5,1162
28-06-2018,1247.800049,1251.699951,1244.800049,1251.699951,378
29-06-2018,1251.300049,1253.300049,1249.099976,1250.300049,48
02-07-2018,1239.800049,1249.900024,1239.800049,1249.900024,29
03-07-2018,1251.599976,1254.099976,1237,1238.099976,36
05-07-2018,1257.300049,1257.300049,1253.599976,1255.5,9
06-07-2018,1254.300049,1255.5,1254.300049,1255.5,7
09-07-2018,1258.099976,1262.300049,1257.699951,1258.199951,37
10-07-2018,1253.800049,1256.900024,1249.300049,1256.199951,65
11-07-2018,1242.800049,1253.199951,1242.800049,1253.199951,30
12-07-2018,1245,1246.699951,1240.900024,1240.900024,7
13-07-2018,1239.599976,1247,1239.599976,1244.699951,2
16-07-2018,1238.099976,1243.800049,1238.099976,1242.699951,2
17-07-2018,1225.699951,1225.699951,1225.699951,1225.699951,0
18-07-2018,1226.300049,1226.699951,1222.199951,1226.699951,67
19-07-2018,1222.400024,1228,1211.699951,1227.199951,33
20-07-2018,1229.5,1229.5,1229.5,1229.5,0
23-07-2018,1224,1224,1222,1222,1
24-07-2018,1223.900024,1223.900024,1223.900024,1223.900024,0
25-07-2018,1231.400024,1231.400024,1231.400024,1231.400024,0
26-07-2018,1225.300049,1227.800049,1225.300049,1227.800049,1
27-07-2018,1222.599976,1222.599976,1222.599976,1222.599976,254428
30-07-2018,1221.300049,1223.900024,1218.099976,1222.5,62239
31-07-2018,1223.699951,1228.099976,1213,1220.400024,2722
01-08-2018,1217.900024,1223.699951,1214.400024,1222.900024,1026
02-08-2018,1210.599976,1219.300049,1205.800049,1214.699951,411
03-08-2018,1214.199951,1218.599976,1205.099976,1206.5,784
06-08-2018,1208.599976,1214.400024,1206.599976,1214.400024,297
07-08-2018,1209.599976,1214.800049,1207.800049,1207.800049,715
08-08-2018,1212.599976,1215.199951,1205.900024,1212,209
09-08-2018,1211.900024,1215.300049,1211.599976,1214.5,44
10-08-2018,1211.099976,1216.400024,1205.599976,1212.5,75
13-08-2018,1191.300049,1207.400024,1191.300049,1207,78
14-08-2018,1193,1197.5,1192.800049,1193.099976,92
15-08-2018,1177.5,1188.099976,1174.599976,1187.800049,71
16-08-2018,1176.199951,1180.199951,1161.400024,1173.199951,123
17-08-2018,1176.5,1181.199951,1174.699951,1174.699951,66
20-08-2018,1186.800049,1190,1184.400024,1184.800049,68
21-08-2018,1192.599976,1192.599976,1189.800049,1189.800049,22
22-08-2018,1196.300049,1196.300049,1194.699951,1194.699951,17
23-08-2018,1187,1190.300049,1184.900024,1189.300049,95
24-08-2018,1206.300049,1208,1185.300049,1185.300049,12
27-08-2018,1209,1211.400024,1205.199951,1210.300049,154
28-08-2018,1207.400024,1217,1202.300049,1209.699951,136
29-08-2018,1204.5,1205.199951,1202.400024,1205.199951,817
30-08-2018,1197.699951,1205.599976,1196,1205.400024,493
31-08-2018,1200.300049,1208.199951,1199.099976,1207.099976,191
04-09-2018,1192.699951,1193.800049,1189.900024,1193.800049,26
05-09-2018,1194.900024,1196,1192.5,1192.5,21
06-09-2018,1197.900024,1202,1197.900024,1202,7
07-09-2018,1193.599976,1198.300049,1193.099976,1198.300049,29
10-09-2018,1193,1193,1193,1193,11
11-09-2018,1195.400024,1196.300049,1190.400024,1190.400024,21
12-09-2018,1204.699951,1205,1204.699951,1205,37
13-09-2018,1202,1203.400024,1200,1203.400024,22
14-09-2018,1195,1195,1195,1195,1
17-09-2018,1199.699951,1199.699951,1199.699951,1199.699951,0
18-09-2018,1196.800049,1198.699951,1196.800049,1198.699951,2
19-09-2018,1202.199951,1202.199951,1202.199951,1202.199951,0
20-09-2018,1206.199951,1206.199951,1206.199951,1206.199951,0
21-09-2018,1196.199951,1196.199951,1196.199951,1196.199951,0
24-09-2018,1199.300049,1199.300049,1199.300049,1199.300049,0
25-09-2018,1200,1202.800049,1200,1202.099976,21
26-09-2018,1194,1194,1194,1194,17857
27-09-2018,1182.300049,1197.300049,1180.5,1194.599976,4947
28-09-2018,1191.5,1191.900024,1180,1181.699951,404
01-10-2018,1187.099976,1191.599976,1185.800049,1191.599976,180
02-10-2018,1202.400024,1206,1190.300049,1193,451
03-10-2018,1198.300049,1202.599976,1196.599976,1202.599976,76
04-10-2018,1197.199951,1204.599976,1197.199951,1199.300049,496
05-10-2018,1201.199951,1205.300049,1196.900024,1197.099976,34
08-10-2018,1184.400024,1201,1183.699951,1201,250
09-10-2018,1187.199951,1189.099976,1185.599976,1185.599976,9
10-10-2018,1189.300049,1192,1189.300049,1189.300049,1078
11-10-2018,1223.5,1224.599976,1196.300049,1198.099976,126
12-10-2018,1218.099976,1221.599976,1216,1221.599976,122
15-10-2018,1226.400024,1232.300049,1222.400024,1222.400024,136
16-10-2018,1227.300049,1230.5,1227.099976,1227.099976,426
17-10-2018,1223.699951,1225.900024,1223.699951,1225.900024,1
18-10-2018,1226.5,1226.5,1226.5,1226.5,165
19-10-2018,1225.300049,1225.300049,1225.300049,1225.300049,55
22-10-2018,1221.199951,1224.5,1219.599976,1224.5,18
23-10-2018,1233.400024,1237.800049,1224.800049,1224.800049,33
24-10-2018,1227.800049,1231.599976,1227.800049,1231.599976,36
25-10-2018,1229.099976,1238.599976,1229.099976,1238.599976,7
26-10-2018,1232.5,1234.800049,1232.5,1234.300049,20
29-10-2018,1224.5,1224.5,1224.5,1224.5,214
30-10-2018,1222.599976,1227.699951,1219.800049,1227.699951,72
31-10-2018,1212.300049,1216.599976,1212,1216,121
01-11-2018,1236,1236,1215.400024,1215.400024,14
02-11-2018,1230.900024,1233.300049,1230.900024,1233.300049,18
05-11-2018,1229.800049,1231.5,1226.699951,1230.599976,15
06-11-2018,1223.800049,1233.800049,1223.800049,1230.699951,4
07-11-2018,1226.199951,1228.599976,1226.199951,1228.599976,1
08-11-2018,1222.900024,1222.900024,1222.900024,1222.900024,2
09-11-2018,1206.400024,1207.900024,1206.400024,1207.900024,14
12-11-2018,1201.300049,1201.599976,1201.300049,1201.599976,1
13-11-2018,1199.199951,1201.300049,1196.300049,1196.300049,5
14-11-2018,1207.900024,1207.900024,1207.900024,1207.900024,0
15-11-2018,1212.800049,1212.800049,1212.800049,1212.800049,0
16-11-2018,1220.800049,1223.800049,1216.699951,1216.699951,5
19-11-2018,1223.099976,1223.099976,1223.099976,1223.099976,0
20-11-2018,1219,1228.800049,1219,1225.300049,12
21-11-2018,1225.800049,1225.800049,1225.800049,1225.800049,0
23-11-2018,1221,1224.800049,1221,1224.800049,1
26-11-2018,1220.199951,1222,1220.199951,1220.199951,2
27-11-2018,1211.199951,1222,1211.199951,1221.900024,5
28-11-2018,1221.400024,1221.400024,1211.5,1211.5,247168
29-11-2018,1224.099976,1228.699951,1220.5,1221,55478
30-11-2018,1220.199951,1225,1216.099976,1224.099976,2060
03-12-2018,1233.900024,1234.099976,1221.300049,1222.5,751
04-12-2018,1241.099976,1241.400024,1230.400024,1231,474
06-12-2018,1238.099976,1244.400024,1234.800049,1237.5,434
07-12-2018,1246.800049,1249.800049,1237.599976,1238.300049,211
10-12-2018,1243.699951,1249.599976,1241.699951,1249.599976,131
11-12-2018,1241.900024,1248.699951,1241.5,1245.800049,117
12-12-2018,1244.400024,1245.599976,1244.099976,1245.300049,84
13-12-2018,1242.699951,1243.5,1241,1243.5,194
14-12-2018,1237,1241.699951,1234.099976,1241.699951,33
17-12-2018,1247.400024,1247.400024,1239.300049,1239.300049,10
18-12-2018,1249.199951,1249.199951,1245.599976,1248.199951,31
19-12-2018,1252.099976,1255.800049,1252.099976,1255.800049,268
20-12-2018,1263.599976,1263.599976,1243.199951,1243.199951,49
21-12-2018,1253.800049,1261.300049,1253.800049,1260.300049,96
24-12-2018,1267.5,1268.5,1260.300049,1260.300049,27
26-12-2018,1269.199951,1277.400024,1269.199951,1269.300049,63
27-12-2018,1277.300049,1277.300049,1276.699951,1276.699951,480
28-12-2018,1279.900024,1280.099976,1273.5,1273.5,805
31-12-2018,1278.300049,1281.300049,1277.599976,1278,19
02-01-2019,1281,1286,1277.599976,1286,149
03-01-2019,1291.800049,1292,1286.699951,1286.800049,10
04-01-2019,1282.699951,1294.199951,1275.300049,1294.199951,34
07-01-2019,1286.800049,1286.800049,1286.599976,1286.800049,2
08-01-2019,1283.199951,1283.199951,1278.199951,1280.5,54
09-01-2019,1289.300049,1289.300049,1279.199951,1279.400024,102
10-01-2019,1284.699951,1284.699951,1284.699951,1284.699951,0
11-01-2019,1287.099976,1291.199951,1286.300049,1291.199951,11
14-01-2019,1289.099976,1293.900024,1289.099976,1292.400024,7
15-01-2019,1286.199951,1292.699951,1286.199951,1290.099976,3
16-01-2019,1291.599976,1291.599976,1291.599976,1291.599976,2
17-01-2019,1291,1292.699951,1288.5,1291.599976,10
18-01-2019,1281.300049,1281.300049,1281.300049,1281.300049,3
22-01-2019,1282.5,1283.300049,1282.5,1282.5,7
23-01-2019,1283.099976,1283.900024,1278.699951,1281.699951,14
24-01-2019,1279.099976,1279.099976,1278.5,1279.099976,1
25-01-2019,1297.400024,1297.400024,1297.400024,1297.400024,0
28-01-2019,1302.400024,1307.099976,1298.400024,1300.800049,54
29-01-2019,1308.199951,1308.199951,1308.199951,1308.199951,213607
30-01-2019,1309.900024,1323.400024,1308.099976,1310.400024,54958
31-01-2019,1319.699951,1325.400024,1316.699951,1320,1970
01-02-2019,1316.900024,1320.699951,1315.400024,1320.300049,878
04-02-2019,1314.300049,1318.099976,1308.300049,1318.099976,675
05-02-2019,1314.199951,1315.099976,1311,1311.099976,362
06-02-2019,1309.5,1313.5,1305,1312.5,358
07-02-2019,1309.400024,1310.400024,1302.199951,1302.900024,203
08-02-2019,1313.699951,1314,1307.800049,1309.5,122
11-02-2019,1307,1313.400024,1304.699951,1313.400024,119
12-02-2019,1309.199951,1312,1307.599976,1310,109
13-02-2019,1310.800049,1316,1308.099976,1311.599976,143
14-02-2019,1309.800049,1311.800049,1301.599976,1305,858
15-02-2019,1318.099976,1318.800049,1313.599976,1313.599976,190
19-02-2019,1340.099976,1340.099976,1320.5,1320.900024,390
20-02-2019,1343.300049,1344,1338,1342.199951,581
21-02-2019,1323.5,1334.900024,1320.900024,1331.300049,414
22-02-2019,1329.199951,1331.300049,1321,1324.199951,718
25-02-2019,1325.900024,1331.599976,1325.599976,1329.199951,185
26-02-2019,1325.099976,1325.5,1323.300049,1323.300049,939
27-02-2019,1317.699951,1327.900024,1316.5,1327.699951,604
28-02-2019,1312.800049,1323.699951,1311.5,1321.099976,141
01-03-2019,1296.400024,1312.199951,1288.900024,1312.199951,110
04-03-2019,1284.800049,1287,1281.900024,1285.5,28
05-03-2019,1282,1287,1282,1287,114
06-03-2019,1284.900024,1287.099976,1282.599976,1287.099976,14
07-03-2019,1283.800049,1284.599976,1281,1281,11
08-03-2019,1297,1297.400024,1291.599976,1292.099976,10
11-03-2019,1288.800049,1291,1288.800049,1291,9
12-03-2019,1296.300049,1296.300049,1294.699951,1294.699951,1
13-03-2019,1307.5,1307.5,1307.5,1307.5,0
14-03-2019,1293.400024,1293.400024,1293.400024,1293.400024,1
15-03-2019,1301.800049,1304.699951,1300.5,1300.900024,26
18-03-2019,1300.300049,1302.199951,1297.300049,1297.300049,8
19-03-2019,1305,1306.900024,1304.800049,1306.900024,20
20-03-2019,1300.5,1300.699951,1300.5,1300.699951,2
21-03-2019,1306.099976,1306.099976,1306.099976,1306.099976,0
22-03-2019,1311.599976,1311.599976,1311.599976,1311.599976,0
25-03-2019,1321.900024,1322.900024,1320.699951,1320.699951,19
26-03-2019,1314.300049,1315.599976,1314.300049,1315.599976,1
27-03-2019,1309.900024,1309.900024,1309.900024,1309.900024,206263
28-03-2019,1289.800049,1311.099976,1287.699951,1308.400024,87798
29-03-2019,1293,1298.5,1286.099976,1289.599976,1265
01-04-2019,1288.400024,1295.900024,1285.699951,1291.800049,675
02-04-2019,1290,1290.900024,1284.5,1286.300049,525
03-04-2019,1289.900024,1293.099976,1287.5,1291.400024,172
04-04-2019,1289,1292.599976,1279.5,1290.599976,269
05-04-2019,1290.400024,1292,1283.599976,1292,181
08-04-2019,1297.099976,1302.099976,1291.800049,1292.199951,63
09-04-2019,1303.5,1304.900024,1298.5,1298.5,30
10-04-2019,1309.099976,1309.099976,1301.5,1304,66
11-04-2019,1288.599976,1307.099976,1288.599976,1307,420
12-04-2019,1290.599976,1293.400024,1289.199951,1293.400024,607
15-04-2019,1286.800049,1287.300049,1282.300049,1284.800049,523
16-04-2019,1272.599976,1285.199951,1272.199951,1285.199951,643
17-04-2019,1272.199951,1273.5,1271.599976,1273.5,308
18-04-2019,1271.900024,1273.599976,1270.099976,1270.800049,27
22-04-2019,1273.5,1273.5,1273.5,1273.5,147
23-04-2019,1269.300049,1269.800049,1266,1266.400024,206
24-04-2019,1275.5,1275.5,1267.800049,1268.400024,518
25-04-2019,1275.800049,1280.800049,1275.800049,1280.599976,95
26-04-2019,1284.900024,1284.900024,1284.900024,1284.900024,804
29-04-2019,1278.599976,1284.900024,1277.099976,1284.800049,568
30-04-2019,1282.800049,1283.300049,1280.800049,1281.699951,114
01-05-2019,1281.400024,1283.300049,1278.699951,1278.699951,70
02-05-2019,1269.699951,1270.800049,1266.599976,1269.199951,63
03-05-2019,1279.199951,1279.199951,1270.099976,1270.099976,15
06-05-2019,1281.699951,1282.199951,1280.300049,1282.199951,12
07-05-2019,1283.5,1283.5,1280.5,1280.5,8
08-05-2019,1279.400024,1279.400024,1279.400024,1279.400024,5
09-05-2019,1283.5,1285,1278.800049,1278.900024,38
10-05-2019,1285.699951,1286.5,1283.300049,1285.400024,6
13-05-2019,1300.099976,1300.099976,1281.800049,1286.699951,56
14-05-2019,1294.699951,1297.800049,1294.699951,1297.800049,6
15-05-2019,1296.300049,1296.900024,1296,1296.900024,55
16-05-2019,1285,1285.400024,1285,1285.199951,3
17-05-2019,1274.5,1280,1274.5,1280,1
20-05-2019,1276.099976,1276.099976,1276.099976,1276.099976,20
21-05-2019,1272,1272,1272,1272,0
22-05-2019,1273.599976,1273.599976,1273.599976,1273.599976,0
23-05-2019,1284.800049,1284.800049,1284.800049,1284.800049,0
24-05-2019,1283,1283,1283,1283,9
28-05-2019,1276.5,1276.5,1276.5,1276.5,0
29-05-2019,1280.599976,1280.599976,1280.599976,1280.599976,189694
30-05-2019,1287.099976,1288.300049,1273.900024,1279.400024,55573
31-05-2019,1305.800049,1306.400024,1287.5,1287.699951,2814
03-06-2019,1322.699951,1327.800049,1307,1307,812
04-06-2019,1323.400024,1328.599976,1320.800049,1324.300049,302
05-06-2019,1328.300049,1343.300049,1326.300049,1328.900024,622
06-06-2019,1337.599976,1338.699951,1326.199951,1330.800049,161
07-06-2019,1341.199951,1347.699951,1329.800049,1333.099976,240
10-06-2019,1324.699951,1336.5,1324.099976,1335.800049,268
11-06-2019,1326.400024,1328.400024,1319.099976,1328.400024,201
12-06-2019,1331.900024,1334.5,1326.900024,1326.900024,139
13-06-2019,1339.199951,1341.099976,1331.599976,1331.599976,157
14-06-2019,1340.099976,1355.400024,1339.300049,1345.400024,914
17-06-2019,1338.699951,1340.300049,1335,1339,76
18-06-2019,1346.599976,1349.300049,1341.599976,1349.300049,29
19-06-2019,1344.599976,1344.599976,1344,1344,129
20-06-2019,1392.900024,1392.900024,1379.5,1381.5,76
21-06-2019,1396.199951,1406,1390.300049,1406,35
24-06-2019,1414.300049,1420.599976,1402.099976,1406,125
25-06-2019,1414.900024,1433.300049,1414.900024,1418.099976,105
26-06-2019,1411.599976,1413.300049,1405.800049,1407.199951,1333
27-06-2019,1408.400024,1410.800049,1399.800049,1407,437
28-06-2019,1409.699951,1422,1408.300049,1408.300049,356
01-07-2019,1385.599976,1395.800049,1382.800049,1386.599976,214
02-07-2019,1404.599976,1418.400024,1390.800049,1391.099976,38
03-07-2019,1417.699951,1434,1413.099976,1431,46
05-07-2019,1396.699951,1418.300049,1390.199951,1418.300049,20
08-07-2019,1397,1397,1393.599976,1395.900024,14
09-07-2019,1397.5,1397.5,1386.199951,1394.5,53
10-07-2019,1410.099976,1410.099976,1409.900024,1409.900024,50
11-07-2019,1404.300049,1424,1404.300049,1424,6
12-07-2019,1409.900024,1410.099976,1405.599976,1405.599976,8
15-07-2019,1411.400024,1415,1411.400024,1414.400024,25
16-07-2019,1409.199951,1413.699951,1405,1413.599976,13
17-07-2019,1421.300049,1421.300049,1404.599976,1404.599976,6
18-07-2019,1426.099976,1444.199951,1419.5,1422.300049,66
19-07-2019,1425.099976,1442,1425.099976,1440.5,22
22-07-2019,1425.300049,1425.300049,1424,1425.300049,1
23-07-2019,1420.099976,1421.300049,1416.300049,1418.599976,5
24-07-2019,1422.800049,1422.800049,1422.800049,1422.800049,20
25-07-2019,1413.900024,1413.900024,1413.900024,1413.900024,4
26-07-2019,1418.5,1423,1418.5,1422.800049,5
29-07-2019,1419.599976,1419.599976,1419.599976,1419.599976,224267
30-07-2019,1429.699951,1433.900024,1422.099976,1426.300049,73874
31-07-2019,1426.099976,1435.800049,1411.199951,1431.300049,3294
01-08-2019,1420.900024,1445.199951,1400.900024,1411.300049,2431
02-08-2019,1445.599976,1448,1432.300049,1448,1873
05-08-2019,1464.599976,1469.699951,1440.400024,1440.400024,1008
06-08-2019,1472.400024,1475,1457.699951,1469.699951,460
07-08-2019,1507.300049,1509.900024,1473.199951,1473.5,824
08-08-2019,1497.699951,1508.5,1492,1498.400024,367
09-08-2019,1496.599976,1507.5,1495.599976,1506.199951,74
12-08-2019,1505.300049,1514.900024,1488.099976,1496,257
13-08-2019,1502.199951,1531.400024,1483.699951,1510.400024,672
14-08-2019,1515.900024,1520.5,1497,1500,328
15-08-2019,1519.599976,1522.699951,1510.599976,1519.800049,87
16-08-2019,1512.5,1524.599976,1504.699951,1524.599976,1815
19-08-2019,1500.400024,1507.599976,1492.900024,1507.199951,205
20-08-2019,1504.599976,1506.099976,1497.5,1497.5,486
21-08-2019,1504.599976,1505,1498.800049,1504.900024,350
22-08-2019,1497.300049,1497.300049,1493.800049,1495.099976,686
23-08-2019,1526.599976,1527.599976,1493.5,1493.5,983
26-08-2019,1526.300049,1543.300049,1524.300049,1543.199951,334
27-08-2019,1541,1542.099976,1528.5,1530.5,166
28-08-2019,1537.800049,1538.099976,1537.800049,1538.099976,2756
29-08-2019,1526.5,1549.300049,1519.599976,1537.5,704
30-08-2019,1519.099976,1530.400024,1516.699951,1524.599976,276
03-09-2019,1545.900024,1547.300049,1521,1522.900024,139
04-09-2019,1550.300049,1553.199951,1534.800049,1549,46
05-09-2019,1515.400024,1551.099976,1511.099976,1551,125
06-09-2019,1506.199951,1526,1504.5,1517.300049,54
09-09-2019,1502.199951,1513,1498,1509,69
10-09-2019,1490.300049,1498.5,1486.900024,1498.5,23
11-09-2019,1494.400024,1496.599976,1490.199951,1491.699951,8
12-09-2019,1498.699951,1515.400024,1498.699951,1499.5,27
13-09-2019,1490.900024,1490.900024,1486.900024,1490.900024,1
16-09-2019,1503.099976,1506.800049,1496.900024,1506.599976,21
17-09-2019,1505.099976,1505.099976,1497.900024,1497.900024,3
18-09-2019,1507.5,1509.400024,1489.300049,1508.900024,8
19-09-2019,1498.400024,1502.400024,1496.099976,1496.099976,10
20-09-2019,1507.300049,1507.300049,1503,1503,2
23-09-2019,1523.699951,1523.699951,1515.5,1515.5,5
24-09-2019,1532.099976,1533,1515.099976,1515.099976,25
25-09-2019,1504.599976,1527.900024,1504.599976,1527.599976,25
26-09-2019,1507.5,1507.5,1507.5,1507.5,8178
27-09-2019,1499.099976,1506.099976,1485.599976,1504.199951,7827
30-09-2019,1465.699951,1495.900024,1463.5,1495.900024,1078
01-10-2019,1482,1485.5,1458.300049,1468.699951,219
02-10-2019,1501,1503.699951,1474.099976,1476.599976,205
03-10-2019,1507.099976,1518.199951,1496.599976,1497.400024,1213
04-10-2019,1506.199951,1508.699951,1497.099976,1505.599976,233
07-10-2019,1497.699951,1505.800049,1489.099976,1504.800049,121
08-10-2019,1497.199951,1506.300049,1489.300049,1489.400024,46
09-10-2019,1506.099976,1507.699951,1498.400024,1507.699951,120
10-10-2019,1494.800049,1511.199951,1490.599976,1511.199951,78
11-10-2019,1482.699951,1494.900024,1476.900024,1491.900024,57
14-10-2019,1491.699951,1493.5,1481.300049,1484.400024,400
15-10-2019,1477.599976,1495.400024,1476.599976,1488.900024,367
16-10-2019,1488,1488,1480,1482,383
17-10-2019,1492.300049,1493.199951,1485.800049,1486.199951,271
18-10-2019,1488.199951,1489.099976,1486.599976,1487.300049,82
21-10-2019,1482.400024,1489.900024,1481.5,1489.900024,72
22-10-2019,1481.699951,1483.5,1481.699951,1483.400024,99
23-10-2019,1489.900024,1490.300049,1486.400024,1486.400024,67
24-10-2019,1498.900024,1501.199951,1485.900024,1490.5,115
25-10-2019,1499.5,1514.300049,1499,1501.400024,93
28-10-2019,1490,1504.099976,1490,1504.099976,37
29-10-2019,1487,1487,1485.900024,1485.900024,425
30-10-2019,1493.199951,1495.400024,1481,1487.199951,320
31-10-2019,1511.400024,1513.099976,1496.099976,1496.099976,210
01-11-2019,1508,1511.599976,1503,1511,235
04-11-2019,1508,1511.599976,1508,1511.599976,101
05-11-2019,1480.800049,1507.099976,1480.800049,1507.099976,31
06-11-2019,1490.199951,1491,1483.199951,1483.199951,567
07-11-2019,1464.199951,1489.099976,1464.199951,1489.099976,581
08-11-2019,1461.300049,1469.099976,1461.300049,1469.099976,21
11-11-2019,1455.5,1461,1449.300049,1461,22
12-11-2019,1452.099976,1454.900024,1447.099976,1454.900024,6
13-11-2019,1461.699951,1463.300049,1456.800049,1456.800049,56
14-11-2019,1471.800049,1471.800049,1463.699951,1463.800049,83
15-11-2019,1467.300049,1469.099976,1467.300049,1469.099976,13
18-11-2019,1470.900024,1472,1469.699951,1472,141
19-11-2019,1473.300049,1474.300049,1467.699951,1467.699951,18
20-11-2019,1473.300049,1474.5,1467.300049,1472.599976,31
21-11-2019,1463.099976,1463.099976,1463.099976,1463.099976,16
22-11-2019,1463.099976,1468.599976,1463.099976,1468.599976,19
25-11-2019,1456.599976,1457.099976,1455.5,1457.099976,14
26-11-2019,1459.800049,1459.800049,1459.800049,1459.800049,346362
27-11-2019,1453.400024,1461.900024,1452,1461.099976,88364
29-11-2019,1465.599976,1465.599976,1452.099976,1453.599976,7020
02-12-2019,1462.300049,1464.400024,1453.300049,1462.800049,2172
03-12-2019,1478.199951,1480.400024,1459.5,1461.599976,1460
04-12-2019,1474,1483.400024,1471.199951,1477.5,613
05-12-2019,1476.900024,1478,1472.300049,1474.699951,907
06-12-2019,1459.099976,1476,1458.199951,1475,899
09-12-2019,1459.300049,1464.199951,1458.599976,1458.800049,1461
10-12-2019,1462.599976,1467.199951,1460.699951,1460.699951,367
11-12-2019,1469.400024,1475.400024,1463.099976,1463.099976,393
12-12-2019,1466.699951,1483.900024,1463.699951,1475.099976,955
13-12-2019,1475.599976,1475.900024,1463.099976,1463.099976,468
16-12-2019,1475,1475.300049,1473.800049,1473.800049,99
17-12-2019,1474.599976,1476.900024,1474,1474.099976,410
18-12-2019,1472.599976,1472.599976,1472.599976,1472.599976,250
19-12-2019,1478.199951,1478.900024,1473.300049,1475.900024,319
20-12-2019,1474.699951,1478.099976,1474.699951,1476.699951,118
23-12-2019,1482.5,1482.5,1479.900024,1482.300049,391
24-12-2019,1499.099976,1499.099976,1488.699951,1488.699951,52
26-12-2019,1509.300049,1512.300049,1505,1505.199951,126
27-12-2019,1513.800049,1513.800049,1513.800049,1513.800049,839
30-12-2019,1514.5,1515.099976,1510,1512.599976,446
31-12-2019,1519.5,1523.400024,1513.800049,1513.800049,301
02-01-2020,1524.5,1528.699951,1518,1518.099976,214
03-01-2020,1549.199951,1552.699951,1530.099976,1530.099976,107
06-01-2020,1566.199951,1580,1560.400024,1580,416
07-01-2020,1571.800049,1576.300049,1558.300049,1558.300049,47
08-01-2020,1557.400024,1604.199951,1552.300049,1579.699951,236
09-01-2020,1551.699951,1555.699951,1543.300049,1555.699951,54
10-01-2020,1557.5,1558.800049,1545.400024,1551.199951,16
13-01-2020,1548.400024,1558,1548.400024,1557.400024,48
14-01-2020,1542.400024,1546.699951,1534.900024,1546.699951,32
15-01-2020,1552.099976,1553.900024,1545.599976,1548,11
16-01-2020,1549,1556.099976,1548.5,1555.699951,98
17-01-2020,1558.800049,1558.800049,1553.599976,1554.099976,108
21-01-2020,1556.400024,1566.199951,1551,1559.300049,45
22-01-2020,1555.300049,1557.099976,1549.800049,1549.800049,42
23-01-2020,1564.599976,1564.599976,1552.199951,1553.099976,15
24-01-2020,1571.099976,1571.099976,1556.300049,1556.300049,43
27-01-2020,1576.800049,1584.5,1576.800049,1584.300049,22
28-01-2020,1569.199951,1576.400024,1569.199951,1576.400024,3
29-01-2020,1569.800049,1569.800049,1569.800049,1569.800049,251274
30-01-2020,1583.5,1585,1571.400024,1576.800049,62336
31-01-2020,1582.900024,1589,1570,1573.400024,1095
03-02-2020,1577.199951,1593.300049,1568.199951,1592.900024,1062
04-02-2020,1550.400024,1577.699951,1547.800049,1577.699951,978
05-02-2020,1557.800049,1560.699951,1547.699951,1553.199951,1305
06-02-2020,1565.099976,1565.599976,1551.599976,1553.599976,110
07-02-2020,1568.599976,1571.900024,1560.5,1564.900024,431
10-02-2020,1574.699951,1574.699951,1568.599976,1569.300049,128
11-02-2020,1565.599976,1571.099976,1561.900024,1570.900024,440
12-02-2020,1567.400024,1568.699951,1561,1565.199951,36
13-02-2020,1575.099976,1575.099976,1570.199951,1570.199951,74
14-02-2020,1582.699951,1582.699951,1574.800049,1575.800049,68
18-02-2020,1600,1604.300049,1579.800049,1579.800049,310
19-02-2020,1607.5,1610.5,1599.699951,1600.599976,542
20-02-2020,1616.599976,1621,1603,1606.5,117
21-02-2020,1644.599976,1645,1619.300049,1619.300049,186
24-02-2020,1672.400024,1686.599976,1650,1657,435
25-02-2020,1646.900024,1653.699951,1632.300049,1645.099976,409
26-02-2020,1640,1648.099976,1636.400024,1644,1990
27-02-2020,1640,1658,1638.5,1641.099976,707
28-02-2020,1564.099976,1642.5,1564.099976,1640.300049,289
02-03-2020,1592.300049,1608.300049,1574.300049,1583.900024,537
03-03-2020,1642.099976,1645.300049,1594,1594.5,610
04-03-2020,1641.099976,1645.900024,1631.300049,1645.400024,83
05-03-2020,1666.400024,1672.900024,1637.199951,1637.300049,154
06-03-2020,1670.800049,1686.199951,1647.199951,1670.800049,175
09-03-2020,1674.5,1701.599976,1657.699951,1696.099976,161
10-03-2020,1659.099976,1674.599976,1643,1671.599976,48
11-03-2020,1641.400024,1666.5,1635,1656.599976,47
12-03-2020,1589.300049,1647.5,1566.400024,1637,256
13-03-2020,1515.699951,1589.800049,1513.800049,1574.900024,89
16-03-2020,1485.900024,1569.099976,1452.099976,1569.099976,193
17-03-2020,1524.900024,1537.699951,1469.300049,1469.300049,122
18-03-2020,1477.300049,1542,1477.300049,1537.5,333
19-03-2020,1478.599976,1491.599976,1471,1481.5,262
20-03-2020,1484,1484,1483.5,1483.5,14
23-03-2020,1567,1567,1490.199951,1505.300049,51
24-03-2020,1660.199951,1685.5,1592.699951,1592.699951,442
25-03-2020,1632.300049,1676.5,1631.099976,1676.5,476
26-03-2020,1650.099976,1660.5,1650.099976,1660.5,3
27-03-2020,1623.900024,1623.900024,1623.900024,1623.900024,100638
30-03-2020,1622,1652.800049,1607.199951,1641.199951,16389
31-03-2020,1583.400024,1621,1576,1618.699951,2874
01-04-2020,1578.199951,1600,1570,1570,2158
02-04-2020,1625.699951,1631.199951,1586,1590.900024,1294
03-04-2020,1633.699951,1636,1619.800049,1624.5,643
06-04-2020,1677,1696.699951,1625.900024,1629.099976,1063
07-04-2020,1664.800049,1724.400024,1658,1695.699951,1144
08-04-2020,1665.400024,1677,1662.5,1669.699951,747
09-04-2020,1736.199951,1736.199951,1662.699951,1662.699951,825
13-04-2020,1744.800049,1756.800049,1710.699951,1722,696
14-04-2020,1756.699951,1775,1739.5,1756.800049,675
15-04-2020,1727.199951,1744.900024,1722.699951,1739.400024,642
16-04-2020,1720.400024,1750.599976,1715,1731,162
17-04-2020,1689.199951,1725,1684.900024,1715.699951,223
20-04-2020,1701.599976,1701.599976,1680,1686,106
21-04-2020,1678.199951,1707.099976,1659.900024,1697,666
22-04-2020,1728.699951,1728.699951,1684.800049,1696,453
23-04-2020,1733.300049,1745.099976,1733.300049,1734,482
24-04-2020,1723.5,1744,1714.5,1744,221
27-04-2020,1711.900024,1731.900024,1711.900024,1731.900024,169
28-04-2020,1710.5,1716.599976,1707.099976,1716.599976,1255
29-04-2020,1703.400024,1713.5,1702,1710,373
30-04-2020,1684.199951,1719.300049,1680.800049,1719.300049,327
01-05-2020,1694.5,1701.5,1670.5,1686.599976,337
04-05-2020,1706.900024,1709,1699.599976,1702.599976,320
05-05-2020,1704.400024,1704.400024,1697.199951,1701.5,82
06-05-2020,1684.199951,1704,1684.199951,1704,469
07-05-2020,1721.800049,1721.800049,1685.599976,1686.199951,853
08-05-2020,1709.900024,1728.900024,1703.800049,1726.199951,330
11-05-2020,1695.300049,1704.5,1690.199951,1702.300049,749
12-05-2020,1704.400024,1713.099976,1699.300049,1699.300049,324
13-05-2020,1713.900024,1721.300049,1701.900024,1702,431
14-05-2020,1738.099976,1743.099976,1720.5,1724.300049,672
15-05-2020,1753.400024,1753.400024,1739.699951,1739.699951,719
18-05-2020,1731.800049,1770.5,1731.800049,1755.699951,229
19-05-2020,1744.199951,1749.5,1744.199951,1744.199951,167
20-05-2020,1750.599976,1752.099976,1745.599976,1751.599976,16
21-05-2020,1720.5,1746.800049,1720.5,1746.800049,528
22-05-2020,1734.599976,1734.599976,1726.599976,1726.599976,6
26-05-2020,1704.800049,1726.400024,1704.800049,1726.400024,39
27-05-2020,1710.300049,1710.300049,1685.599976,1685.599976,137416
28-05-2020,1713.300049,1727.800049,1705,1709.300049,23355
29-05-2020,1736.900024,1738.300049,1715.099976,1718.800049,1526
01-06-2020,1737.800049,1747,1727.099976,1740.400024,871
02-06-2020,1725.199951,1745.5,1721.800049,1743,741
03-06-2020,1697.800049,1726.300049,1684.5,1726.300049,2755
04-06-2020,1718.900024,1718.900024,1694.5,1694.5,807
05-06-2020,1676.199951,1711.800049,1668.599976,1711.800049,1502
08-06-2020,1698.300049,1699.400024,1675.900024,1679.099976,587
09-06-2020,1714.699951,1720.900024,1692,1694.599976,690
10-06-2020,1713.300049,1740.800049,1711.900024,1716.099976,718
11-06-2020,1732,1744.099976,1720,1737.199951,347
12-06-2020,1729.300049,1743,1724.900024,1724.900024,318
15-06-2020,1720.300049,1730,1703.300049,1730,188
16-06-2020,1729.599976,1729.599976,1722.400024,1726.300049,22
17-06-2020,1729.199951,1729.199951,1714.699951,1714.699951,51
18-06-2020,1724.800049,1734.099976,1717.300049,1730.5,110
19-06-2020,1745.900024,1750.699951,1723.5,1723.699951,1329
22-06-2020,1756.699951,1767.599976,1750.5,1755.199951,1356
23-06-2020,1772.099976,1776.300049,1754.199951,1755.400024,666
24-06-2020,1765.800049,1783.099976,1764.5,1778.300049,961
25-06-2020,1762.099976,1764.800049,1759.800049,1761.699951,207
26-06-2020,1772.5,1772.5,1764.699951,1766,640
29-06-2020,1774.800049,1780.199951,1774.300049,1779.800049,584
30-06-2020,1793,1793.199951,1774.400024,1777.300049,986
01-07-2020,1773.199951,1798,1765.800049,1793.599976,331
02-07-2020,1784,1784,1768.699951,1773.400024,215
06-07-2020,1788.5,1790.099976,1788.199951,1788.199951,172
07-07-2020,1804.199951,1804.199951,1783.300049,1789.300049,751
08-07-2020,1815.5,1817.900024,1801.5,1801.5,209
09-07-2020,1799.199951,1819.800049,1799.199951,1816.099976,396
10-07-2020,1798.199951,1805.5,1797.699951,1805.5,236
13-07-2020,1811,1811,1805,1805,164
14-07-2020,1810.599976,1811.5,1791,1791,339
15-07-2020,1811.400024,1813.5,1806.099976,1806.099976,167
16-07-2020,1798.699951,1810.900024,1794.300049,1810.900024,146
17-07-2020,1808.300049,1810.099976,1798.5,1798.5,24
20-07-2020,1815.900024,1817.300049,1807,1807,89
21-07-2020,1842.400024,1842.400024,1822,1822,117
22-07-2020,1864.099976,1867,1854.699951,1858.099976,213
23-07-2020,1889.099976,1890.300049,1868.5,1868.699951,133
24-07-2020,1897.300049,1897.300049,1884.300049,1884.300049,474
27-07-2020,1931,1938,1901.5,1901.699951,364
28-07-2020,1944.699951,1944.699951,1928.599976,1931.5,825
29-07-2020,1953.5,1953.5,1952.599976,1953.199951,209835
30-07-2020,1942.300049,1965.099976,1930,1963.400024,28853
31-07-2020,1962.800049,1981.099976,1948,1948.599976,2914
03-08-2020,1966,1984.300049,1955.5,1984.300049,683
04-08-2020,2001.199951,2016.199951,1968.800049,1971,2010
05-08-2020,2031.099976,2050.199951,2011,2024,1422
06-08-2020,2051.5,2063,2040,2045.5,294
07-08-2020,2010.099976,2055,2009.599976,2040.099976,808
10-08-2020,2024.400024,2043.800049,2017.5,2026.400024,233
11-08-2020,1932.599976,2016,1904,2012.400024,971
12-08-2020,1934.900024,1946.599976,1871.599976,1923,404
13-08-2020,1956.699951,1957.400024,1916.900024,1921.5,71
14-08-2020,1937,1947.400024,1937,1938.699951,201
17-08-2020,1985,1985,1949.599976,1949.599976,97
18-08-2020,1999.400024,2002.800049,1972.099976,2001.099976,92
19-08-2020,1958.699951,1980,1938.699951,1980,347
20-08-2020,1933.800049,1948.300049,1922.300049,1941.199951,106
21-08-2020,1934.599976,1945,1908.900024,1941,184
24-08-2020,1927.699951,1940,1922.199951,1930.199951,85
25-08-2020,1911.800049,1928.5,1911.800049,1927.5,176
26-08-2020,1940.699951,1950.800049,1909.699951,1909.699951,287
27-08-2020,1921.599976,1972.5,1921.599976,1948.900024,2303
28-08-2020,1964.599976,1971.300049,1922.5,1927.099976,778
31-08-2020,1967.599976,1971.300049,1953.300049,1970,158
01-09-2020,1968.199951,1986.300049,1961.699951,1961.699951,186
02-09-2020,1934.400024,1967.300049,1934.400024,1967.300049,71
03-09-2020,1927.599976,1938.800049,1923,1937.099976,179
04-09-2020,1923.900024,1939.699951,1917.699951,1927.900024,607
08-09-2020,1933,1937.900024,1903.099976,1930.900024,271
09-09-2020,1944.699951,1946.199951,1924.599976,1926.900024,219
10-09-2020,1954.199951,1962.699951,1944.099976,1944.099976,722
11-09-2020,1937.800049,1949.5,1937.800049,1944,73
14-09-2020,1953.099976,1953.099976,1943,1946.300049,55
15-09-2020,1956.300049,1968.5,1955.800049,1955.800049,74
16-09-2020,1960.199951,1961.400024,1956.699951,1961.300049,124
17-09-2020,1940,1946,1933.699951,1939,67
18-09-2020,1952.099976,1952.099976,1949,1950.5,38
21-09-2020,1901.199951,1946.199951,1883.400024,1946.199951,52
22-09-2020,1898.599976,1913.099976,1898.599976,1913.099976,331
23-09-2020,1859.900024,1875.5,1859.900024,1875.5,5
24-09-2020,1868.300049,1868.300049,1851.5,1851.5,365
25-09-2020,1857.699951,1857.699951,1856.300049,1856.300049,4
28-09-2020,1872.800049,1872.800049,1872.800049,1872.800049,10455
29-09-2020,1894.300049,1895.400024,1872.400024,1876.5,3283
30-09-2020,1887.5,1899.699951,1879.800049,1893,600
01-10-2020,1908.400024,1909.599976,1882.5,1884.099976,730
02-10-2020,1900.199951,1913,1893.900024,1893.900024,530
05-10-2020,1912.5,1915.599976,1884.699951,1898.900024,1360
06-10-2020,1901.099976,1918,1874.400024,1906.599976,968
07-10-2020,1883.599976,1889.800049,1873.099976,1874.099976,50
08-10-2020,1888.599976,1893,1882.699951,1893,348
09-10-2020,1919.5,1929.099976,1905.099976,1909.300049,580
12-10-2020,1922.5,1926.5,1921.599976,1924,96
13-10-2020,1888.5,1922.199951,1887,1921.900024,191
14-10-2020,1901.300049,1910.800049,1882.5,1889.699951,33
15-10-2020,1903.199951,1906.300049,1889.599976,1897.300049,254
16-10-2020,1900.800049,1900.800049,1898.5,1898.5,53
19-10-2020,1906.400024,1907.800049,1899.5,1907.300049,43
20-10-2020,1910.400024,1910.400024,1896.099976,1901.300049,329
21-10-2020,1924.599976,1927.300049,1913.599976,1913.599976,1202
22-10-2020,1901.099976,1924.300049,1898.199951,1924.300049,899
23-10-2020,1902,1913.300049,1896.199951,1899.900024,287
26-10-2020,1902.699951,1907,1893.5,1895.5,242
27-10-2020,1908.800049,1908.800049,1904.400024,1904.599976,176
28-10-2020,1876.199951,1876.199951,1870.900024,1870.900024,277
29-10-2020,1865.599976,1879.800049,1858.800049,1876.099976,240
30-10-2020,1877.400024,1886.599976,1862.800049,1862.800049,725
02-11-2020,1890.400024,1894.699951,1872.900024,1872.900024,190
03-11-2020,1908.5,1908.5,1891.5,1891.5,712
04-11-2020,1894.599976,1907,1885.300049,1893.800049,782
05-11-2020,1945.300049,1948,1901.699951,1901.699951,135
06-11-2020,1950.300049,1958.800049,1940.800049,1940.800049,304
09-11-2020,1853.199951,1963.199951,1847.099976,1955.599976,745
10-11-2020,1875.400024,1885.300049,1871.199951,1879.300049,276
11-11-2020,1860.699951,1878.800049,1855.5,1878.800049,222
12-11-2020,1872.599976,1878.5,1866.599976,1869,220
13-11-2020,1885.699951,1890.099976,1876.800049,1877,240
16-11-2020,1887.300049,1887.300049,1871,1874.599976,6
17-11-2020,1884.5,1888.400024,1884.5,1888.400024,59
18-11-2020,1873.5,1873.5,1873.5,1873.5,152
19-11-2020,1861.099976,1865.800049,1856,1865.800049,59
20-11-2020,1872.599976,1872.599976,1871.199951,1871.199951,1900
23-11-2020,1837.800049,1837.800049,1829.199951,1834.800049,843
24-11-2020,1804.800049,1829.300049,1799.300049,1829.300049,1041
25-11-2020,1805.699951,1805.699951,1801.400024,1801.400024,205754
27-11-2020,1781.900024,1817,1770.699951,1806.099976,71804
30-11-2020,1775.699951,1787.199951,1762.300049,1785,3145
01-12-2020,1814.099976,1815.900024,1774.900024,1775,1859
02-12-2020,1825.699951,1830,1807.800049,1811.300049,771
03-12-2020,1836.800049,1842,1825.300049,1829.199951,1765
04-12-2020,1835.900024,1847.599976,1828.199951,1840.699951,1213
07-12-2020,1861.800049,1866.900024,1820.800049,1836.5,1427
08-12-2020,1870.800049,1875.800049,1861.800049,1863,121
09-12-2020,1834.599976,1867.099976,1827,1867.099976,215
10-12-2020,1833.599976,1849.099976,1828,1833.199951,177
11-12-2020,1839.800049,1846,1829.099976,1838.5,109
14-12-2020,1828.699951,1835.699951,1822.699951,1835.5,258
15-12-2020,1852.300049,1853.599976,1833.199951,1833.5,961
16-12-2020,1856.099976,1864.699951,1850.5,1856.5,1090
17-12-2020,1887.199951,1896.199951,1874.199951,1874.199951,414
18-12-2020,1885.699951,1889.5,1882.300049,1882.400024,276
21-12-2020,1879.199951,1908,1869.099976,1884.800049,136
22-12-2020,1866.599976,1882.199951,1861,1882.199951,233
23-12-2020,1874.699951,1878.800049,1864.5,1867,82
24-12-2020,1879.900024,1879.900024,1875.699951,1877.300049,46
28-12-2020,1877.199951,1895.800049,1873.699951,1895.5,75
29-12-2020,1879.699951,1881.300049,1879.699951,1881.300049,343
30-12-2020,1891,1895.800049,1877.300049,1879.900024,444
31-12-2020,1893.099976,1901.300049,1892.699951,1897,127
04-01-2021,1944.699951,1945.099976,1912.199951,1912.199951,154
05-01-2021,1952.699951,1952.699951,1941.300049,1941.699951,113
06-01-2021,1906.900024,1959.900024,1901.5,1952,331
07-01-2021,1912.300049,1926.699951,1912,1922.599976,122
08-01-2021,1834.099976,1908,1834.099976,1908,60
11-01-2021,1849.599976,1849.599976,1826.5,1826.5,20
12-01-2021,1842.900024,1859.699951,1839.400024,1849,176
13-01-2021,1853.599976,1858.599976,1853.599976,1858,189
14-01-2021,1850.300049,1850.699951,1836.699951,1836.699951,149
15-01-2021,1829.300049,1829.400024,1825,1829.400024,31
19-01-2021,1839.5,1842.900024,1802,1802,13
20-01-2021,1865.900024,1866.599976,1844.400024,1847.800049,16
21-01-2021,1865.300049,1868,1865.300049,1865.300049,6
22-01-2021,1855.699951,1855.699951,1852.699951,1854.900024,8
25-01-2021,1854.900024,1864.699951,1851.800049,1864.699951,26
26-01-2021,1850.699951,1855.800049,1850.699951,1855.800049,59
27-01-2021,1844.900024,1844.900024,1844.900024,1844.900024,195540
28-01-2021,1837.900024,1862.900024,1831.5,1843.400024,27283
29-01-2021,1847.300049,1876,1838.699951,1842,1634
01-02-2021,1860.800049,1871.900024,1850,1866.599976,1494
02-02-2021,1830.5,1861.300049,1827.599976,1859.599976,1293
03-02-2021,1832.199951,1842.400024,1829.800049,1834.800049,1195
04-02-2021,1788.900024,1832.199951,1782.800049,1832.199951,2375
05-02-2021,1810.900024,1813.5,1790.900024,1794.300049,1278
08-02-2021,1831.900024,1836.699951,1809,1816.300049,254
09-02-2021,1835.300049,1843.300049,1830.699951,1841.900024,184
10-02-2021,1840.599976,1851.099976,1837,1842.599976,543
11-02-2021,1824.900024,1845,1820.900024,1840.5,602
12-02-2021,1821.599976,1827.5,1809.199951,1825,259
16-02-2021,1797.199951,1823.400024,1787.300049,1820.900024,1141
17-02-2021,1771.099976,1789.699951,1768.800049,1785.800049,614
18-02-2021,1773.400024,1784.599976,1766,1776.099976,587
19-02-2021,1775.800049,1787.599976,1764.300049,1764.300049,118
22-02-2021,1806.699951,1807.800049,1784,1784,165
23-02-2021,1804.400024,1811.300049,1796.400024,1809.599976,569
24-02-2021,1796.400024,1805.800049,1796.400024,1805.800049,1500
25-02-2021,1774.400024,1802,1766.699951,1801.5,1049
26-02-2021,1728.099976,1768.199951,1718.800049,1768.099976,1593
01-03-2021,1722.5,1747,1720.300049,1737.099976,407
02-03-2021,1733.099976,1733.099976,1708.699951,1709.400024,867
03-03-2021,1715.300049,1732.400024,1703.5,1730,501
04-03-2021,1700.199951,1717.400024,1700.199951,1706.5,521
05-03-2021,1698,1701,1685,1690.599976,302
08-03-2021,1677.699951,1705.400024,1673.699951,1704.699951,1290
09-03-2021,1716.599976,1717.5,1685.199951,1686.199951,335
10-03-2021,1721.5,1722.900024,1711,1713.599976,412
11-03-2021,1722.300049,1737.5,1720.199951,1725.599976,18
12-03-2021,1719.5,1722.5,1699,1715.900024,80
15-03-2021,1728.900024,1731.900024,1722.800049,1729.5,147
16-03-2021,1730.599976,1733.900024,1726,1732.300049,729
17-03-2021,1726.800049,1750.099976,1725.599976,1735.300049,488
18-03-2021,1732.199951,1750.300049,1721.800049,1745.800049,138
19-03-2021,1741.400024,1742.199951,1733.599976,1742.199951,13
22-03-2021,1737.800049,1737.800049,1737.800049,1737.800049,51
23-03-2021,1724.699951,1724.699951,1724.699951,1724.699951,6
24-03-2021,1732.900024,1732.900024,1727.5,1727.5,26
25-03-2021,1724.900024,1733.199951,1724.5,1732.699951,15
26-03-2021,1732.199951,1732.199951,1721.300049,1721.300049,33
29-03-2021,1712.099976,1712.099976,1712.099976,1712.099976,135457
30-03-2021,1683.900024,1712.599976,1676.5,1711,25316
31-03-2021,1713.800049,1713.800049,1676.5,1683.699951,762
01-04-2021,1726.5,1728.800049,1706.400024,1706.800049,720
05-04-2021,1727,1729.699951,1721.900024,1727.900024,275
06-04-2021,1741.5,1744.800049,1726.900024,1726.900024,890
07-04-2021,1740.099976,1742.699951,1733.699951,1742.699951,557
08-04-2021,1756.800049,1758,1734.599976,1736,1298
09-04-2021,1743.300049,1750.800049,1733.300049,1750.800049,484
12-04-2021,1731.199951,1740.800049,1726.699951,1740.800049,40
13-04-2021,1746.199951,1746.900024,1722.099976,1733.800049,367
14-04-2021,1734.900024,1745.900024,1732.699951,1741.300049,1037
15-04-2021,1765.400024,1767.900024,1740.099976,1740.099976,368
16-04-2021,1779,1779.5,1770.099976,1770.400024,625
19-04-2021,1769.400024,1788.5,1769.400024,1782.099976,144
20-04-2021,1777.300049,1777.300049,1765.5,1769.300049,1464
21-04-2021,1792.300049,1794.099976,1777.699951,1783,250
22-04-2021,1781.199951,1794.199951,1779.5,1794.199951,159
23-04-2021,1777,1794.5,1772,1786.099976,332
26-04-2021,1779.199951,1779.699951,1770.800049,1778,549
27-04-2021,1778,1782,1777.699951,1780,117
28-04-2021,1773.199951,1774,1764.599976,1768.199951,756
29-04-2021,1768.099976,1789,1758.599976,1781,196
30-04-2021,1767.300049,1771.800049,1763.900024,1771.800049,18
03-05-2021,1791.400024,1793,1788.5,1788.5,18
04-05-2021,1775.800049,1788.5,1774.800049,1788.199951,182
05-05-2021,1784.099976,1784.099976,1779.199951,1781.5,57
06-05-2021,1815.5,1815.5,1787.599976,1788.900024,13
07-05-2021,1831.099976,1842.900024,1831.099976,1842.900024,2
10-05-2021,1837.5,1845.599976,1835.400024,1835.599976,13
11-05-2021,1835.900024,1838.099976,1831.599976,1837.199951,420
12-05-2021,1822.599976,1825.199951,1821.699951,1825.199951,3
13-05-2021,1823.800049,1826.800049,1814.099976,1814.699951,100
14-05-2021,1837.900024,1842.900024,1824.5,1824.5,41
17-05-2021,1867.5,1867.5,1847.199951,1849.900024,13
18-05-2021,1867.800049,1870.5,1867.800049,1870.5,3
19-05-2021,1881.300049,1884.900024,1863.599976,1866.400024,348
20-05-2021,1881.800049,1885,1864.800049,1865.5,85
21-05-2021,1876.699951,1876.699951,1872.099976,1872.099976,5
24-05-2021,1884.599976,1884.599976,1882.099976,1882.099976,39
25-05-2021,1898.099976,1898.099976,1882.5,1882.5,56
26-05-2021,1901.300049,1901.300049,1901.300049,1901.300049,170526
27-05-2021,1895.699951,1903.900024,1888.199951,1896.800049,35794
28-05-2021,1902.5,1905.400024,1881.900024,1897.5,2415
01-06-2021,1902.900024,1916.199951,1892.800049,1905.099976,640
02-06-2021,1907.5,1908.800049,1896,1899.199951,1267
03-06-2021,1871.199951,1908.800049,1865,1908.800049,1021
04-06-2021,1889.800049,1895.5,1854,1869.300049,367
07-06-2021,1896.800049,1899.699951,1883.199951,1890.5,87
08-06-2021,1892.199951,1902.900024,1890,1896.5,930
09-06-2021,1893.199951,1897.699951,1889.199951,1894.900024,148
10-06-2021,1894.199951,1899.800049,1871.5,1887.699951,186
11-06-2021,1877.400024,1902.300049,1875.199951,1900.900024,349
14-06-2021,1864,1866.599976,1846.5,1866.199951,41
15-06-2021,1854.5,1867.199951,1854.400024,1866.400024,78
16-06-2021,1859.5,1860.099976,1809.199951,1859.400024,117
17-06-2021,1773.800049,1823.300049,1769.599976,1811.800049,1135
18-06-2021,1767.900024,1792.400024,1767.900024,1775.699951,354
21-06-2021,1781.800049,1785.199951,1766.800049,1768.800049,38
22-06-2021,1776.300049,1786.900024,1775.900024,1783.400024,101
23-06-2021,1782.300049,1793.199951,1780.599976,1780.699951,136
24-06-2021,1775.599976,1786.400024,1775.599976,1778.900024,78
25-06-2021,1776.599976,1788,1775.199951,1777.699951,35
28-06-2021,1779.599976,1779.599976,1779.599976,1779.599976,888
29-06-2021,1762.800049,1777.099976,1752.099976,1776.800049,419
30-06-2021,1770.800049,1770.800049,1759.199951,1761.099976,51
01-07-2021,1775.900024,1781.199951,1768.800049,1775.699951,44
02-07-2021,1782.599976,1787.900024,1778.300049,1778.699951,23
06-07-2021,1793.5,1809.800049,1786.699951,1786.699951,332
07-07-2021,1801.5,1808.400024,1797.199951,1798.699951,244
08-07-2021,1799.599976,1818.5,1797,1797,148
09-07-2021,1810,1810.099976,1798.800049,1803.599976,218
12-07-2021,1805.5,1805.5,1799.5,1802.599976,147
13-07-2021,1809.400024,1812,1800.599976,1808.099976,78
14-07-2021,1824.300049,1829,1813.099976,1813.099976,707
15-07-2021,1828.400024,1833,1823.400024,1831.599976,99
16-07-2021,1814.5,1831.400024,1814.5,1830.099976,78
19-07-2021,1808.699951,1813.400024,1803.300049,1803.300049,33
20-07-2021,1810.900024,1824,1810.900024,1812.900024,128
21-07-2021,1802.900024,1807,1800,1807,135
22-07-2021,1805,1805,1793.599976,1793.599976,2
23-07-2021,1801.400024,1801.400024,1800,1800,1
26-07-2021,1798.699951,1802.5,1797.199951,1802.5,17
27-07-2021,1799.5,1803.699951,1799.5,1803.699951,1
28-07-2021,1799.5,1799.5,1799.5,1799.5,209783
29-07-2021,1831.199951,1832.599976,1806.099976,1806.599976,30496
30-07-2021,1812.599976,1830.5,1808.900024,1828,3100
02-08-2021,1818.099976,1818.699951,1804.800049,1812.400024,1334
03-08-2021,1810.099976,1813.5,1806,1812.300049,3341
04-08-2021,1810.5,1831.300049,1806.300049,1809.300049,2860
05-08-2021,1805.099976,1813.699951,1796,1810.800049,588
06-08-2021,1760,1800.099976,1758.400024,1799.800049,859
09-08-2021,1723.400024,1753.800049,1692.599976,1753.5,1621
10-08-2021,1728.800049,1735.199951,1720.099976,1728.599976,1363
11-08-2021,1750.400024,1752.199951,1727.300049,1727.300049,542
12-08-2021,1749,1752.400024,1745.5,1749.699951,739
13-08-2021,1775.199951,1777.300049,1757.400024,1758.300049,436
16-08-2021,1786.900024,1787.800049,1771.900024,1776.900024,219
17-08-2021,1785,1794.199951,1780,1787.699951,200
18-08-2021,1781.599976,1791.5,1779,1787.800049,263
19-08-2021,1780.199951,1789.300049,1775.5,1780,245
20-08-2021,1781,1787.5,1778.199951,1784.099976,235
23-08-2021,1803.199951,1804.800049,1776.800049,1776.800049,32
24-08-2021,1805.599976,1805.599976,1801,1801,22
25-08-2021,1788.199951,1792.900024,1784,1792,812
26-08-2021,1792.199951,1792.199951,1781,1787.400024,61
27-08-2021,1816.599976,1816.599976,1803.099976,1803.400024,1219
30-08-2021,1809,1820.300049,1807.800049,1818.199951,684
31-08-2021,1815,1815.900024,1801.099976,1815.900024,82
01-09-2021,1813.099976,1815.900024,1809.5,1813.5,114
02-09-2021,1808.699951,1813.900024,1806.800049,1813.199951,26
03-09-2021,1830.900024,1833.900024,1818.900024,1820.900024,53
07-09-2021,1795.900024,1825.699951,1792.699951,1825.699951,48
08-09-2021,1790.699951,1790.699951,1781.699951,1781.699951,69
09-09-2021,1797.400024,1798.699951,1787.900024,1798.699951,49
10-09-2021,1789.599976,1789.599976,1789.599976,1789.599976,0
13-09-2021,1792,1796,1784,1789.800049,533
14-09-2021,1804.699951,1806.199951,1783,1791.400024,764
15-09-2021,1792.400024,1803.699951,1792.400024,1803.699951,59
16-09-2021,1754.599976,1792.900024,1743.900024,1792.900024,1645
17-09-2021,1749.400024,1763,1749.400024,1758.800049,581
20-09-2021,1761.800049,1761.800049,1750.900024,1751.800049,185
21-09-2021,1776,1776,1759,1762.199951,106
22-09-2021,1776.699951,1784.300049,1767,1776.699951,17
23-09-2021,1747.699951,1766.800049,1738.199951,1766.800049,31
24-09-2021,1749.699951,1749.699951,1745,1749.699951,76
27-09-2021,1750,1754.400024,1747.5,1751.699951,808
28-09-2021,1735.800049,1741.699951,1726.800049,1739.599976,15748
29-09-2021,1721.5,1744.099976,1721.400024,1732.400024,6634
30-09-2021,1755.300049,1760.300049,1724.5,1725.5,997
01-10-2021,1757,1762.599976,1748.5,1754.300049,2220
04-10-2021,1766.199951,1768.900024,1749.5,1764.5,417
05-10-2021,1759.599976,1764.300049,1749,1764.300049,98
06-10-2021,1760.5,1762.900024,1744.699951,1759.300049,56
07-10-2021,1757.900024,1762.400024,1752.800049,1762.400024,336
08-10-2021,1756.300049,1780,1754.199951,1757,254
11-10-2021,1754.599976,1757.800049,1752.199951,1756.599976,128
12-10-2021,1758.300049,1768,1749.800049,1751.900024,139
13-10-2021,1793.699951,1794.5,1760.800049,1760.800049,150
14-10-2021,1796.699951,1799.900024,1792,1792.199951,337
15-10-2021,1767.199951,1795.400024,1766.599976,1794.5,874
18-10-2021,1764.800049,1770.099976,1759.5,1761.599976,266
19-10-2021,1769.699951,1785,1767.5,1777.599976,51
20-10-2021,1784.099976,1785.599976,1774,1774.599976,127
21-10-2021,1781.199951,1785.699951,1781,1782,146
22-10-2021,1795.5,1806.900024,1784,1787.099976,532
25-10-2021,1806,1809,1794,1794.300049,140
26-10-2021,1792.699951,1808.800049,1788.599976,1808.800049,359
27-10-2021,1797.900024,1798.099976,1791.5,1791.5,543
28-10-2021,1801.599976,1807.300049,1795.5,1795.5,452
29-10-2021,1783,1797,1774.599976,1793.099976,583
01-11-2021,1795.099976,1795.099976,1786.699951,1787.5,142
02-11-2021,1788.699951,1795.5,1787.699951,1790.5,213
03-11-2021,1763.599976,1768,1761.800049,1768,108
04-11-2021,1793,1798.199951,1776.199951,1776.599976,103
05-11-2021,1816.400024,1817.099976,1794.900024,1794.900024,239
08-11-2021,1827.400024,1827.400024,1816.900024,1817,261
09-11-2021,1830.199951,1832.699951,1820.699951,1826.099976,170
10-11-2021,1847.599976,1865,1824.900024,1825.800049,795
11-11-2021,1863.199951,1866.5,1853.900024,1853.900024,292
12-11-2021,1867.900024,1867.900024,1847.599976,1860.800049,210
15-11-2021,1866.099976,1866.900024,1864.5,1864.5,87
16-11-2021,1853.599976,1853.599976,1853.599976,1853.599976,1
17-11-2021,1869.699951,1869.699951,1862.599976,1862.599976,2
18-11-2021,1861,1861,1861,1861,9
19-11-2021,1851.199951,1851.199951,1851.199951,1851.199951,21
22-11-2021,1806,1841.599976,1805.699951,1841.599976,14
23-11-2021,1783.5,1795.5,1783.5,1795.5,264
24-11-2021,1784.099976,1793,1781.400024,1793,188
26-11-2021,1785.300049,1791.400024,1785.300049,1791.099976,186800
29-11-2021,1782.300049,1798.900024,1779.099976,1791.699951,26926
30-11-2021,1773.599976,1808.099976,1768.699951,1783.900024,4903
01-12-2021,1781.599976,1790.5,1772.300049,1774.800049,1128
02-12-2021,1760.699951,1780.900024,1760.599976,1780.900024,1557
03-12-2021,1782,1785.099976,1766.5,1767.5,694
06-12-2021,1777.5,1783,1777.199951,1780.199951,381
07-12-2021,1782.599976,1786.099976,1772.300049,1779.5,308
08-12-2021,1783.400024,1789.900024,1779,1789.900024,1383
09-12-2021,1774.599976,1783.5,1771.800049,1783.5,455
10-12-2021,1782.900024,1785.400024,1769.099976,1773.800049,545
13-12-2021,1786.300049,1787.099976,1783.800049,1784.400024,206
14-12-2021,1770.400024,1787,1769,1787,322
15-12-2021,1762.599976,1778.699951,1753.900024,1767.400024,283
16-12-2021,1796.599976,1798.099976,1781,1781,21
17-12-2021,1803.800049,1812.900024,1803.800049,1804,654
20-12-2021,1793.699951,1799.800049,1792,1796.800049,226
21-12-2021,1787.900024,1796.5,1787.900024,1791.400024,575
22-12-2021,1801.599976,1805.199951,1785.5,1786,567
23-12-2021,1811.199951,1811.199951,1800.800049,1806,193
27-12-2021,1808.099976,1812.099976,1807,1810,150
28-12-2021,1810.199951,1818,1805.5,1812,146
29-12-2021,1805.099976,1805.099976,1791.400024,1803.199951,623
30-12-2021,1812.699951,1816,1796,1801.699951,306
31-12-2021,1827.5,1827.800049,1821.400024,1825.099976,80
03-01-2022,1799.400024,1830.099976,1798.800049,1830.099976,116
04-01-2022,1814,1815.300049,1800,1800.5,38
05-01-2022,1824.599976,1824.599976,1813.099976,1813.099976,8
06-01-2022,1788.699951,1791.300049,1787.099976,1787.099976,30
07-01-2022,1797,1797,1784.400024,1791.800049,17
10-01-2022,1798.400024,1798.699951,1790.400024,1794.900024,534
11-01-2022,1818.599976,1822.5,1803,1803.900024,743
12-01-2022,1827.199951,1827.199951,1816.900024,1819,1547
13-01-2022,1821.199951,1823,1815.400024,1819.800049,40
14-01-2022,1816.5,1822,1816.5,1821.5,816
18-01-2022,1812.300049,1820.099976,1812.300049,1816.800049,900
19-01-2022,1843.099976,1843.099976,1817.400024,1817.400024,4
20-01-2022,1842.5,1843,1838.199951,1840.599976,20
21-01-2022,1831.800049,1842.400024,1828.900024,1838,19
24-01-2022,1841.699951,1842.099976,1837.900024,1837.900024,8
25-01-2022,1852.699951,1852.699951,1842,1843,11
26-01-2022,1829.900024,1829.900024,1829.900024,1829.900024,55
27-01-2022,1793.300049,1793.300049,1793.300049,1793.300049,196036
28-01-2022,1784.900024,1798.400024,1778.800049,1797.5,28521
31-01-2022,1795,1798.5,1785.099976,1788.5,1735
01-02-2022,1800.300049,1806.099976,1797.099976,1797.199951,223
02-02-2022,1809.199951,1810.099976,1795.099976,1797.800049,1690
03-02-2022,1803,1808.099976,1787.900024,1805.800049,466
04-02-2022,1806.599976,1813.699951,1792.5,1806,571
07-02-2022,1820.599976,1821.300049,1809.099976,1812.199951,601
08-02-2022,1826.599976,1827.599976,1815,1818.900024,108
09-02-2022,1835.199951,1835.199951,1825.300049,1825.400024,683
10-02-2022,1836.199951,1842.099976,1820.800049,1833.300049,365
11-02-2022,1840.800049,1864.800049,1822,1822,181
14-02-2022,1868,1870.599976,1854.599976,1861.800049,79
15-02-2022,1854.800049,1879.699951,1847.400024,1872.599976,86
16-02-2022,1870.199951,1870.199951,1856.300049,1858.699951,34
17-02-2022,1900.699951,1900.699951,1876.199951,1876.300049,393
18-02-2022,1898.599976,1899.400024,1890.699951,1899.400024,51
22-02-2022,1906.099976,1912,1890.800049,1908.099976,173
23-02-2022,1909.199951,1910.599976,1895.699951,1896.599976,73
24-02-2022,1925.099976,1972.5,1911.699951,1911.900024,2706
25-02-2022,1886.5,1920,1883.599976,1906.900024,586
28-02-2022,1899.400024,1928.400024,1894.199951,1928.300049,390
01-03-2022,1942.400024,1942.400024,1903.800049,1908.300049,547
02-03-2022,1920.900024,1948.199951,1919.800049,1945.599976,109
03-03-2022,1934.400024,1940.300049,1924.800049,1930.5,122
04-03-2022,1965.099976,1970.900024,1935.599976,1937,47
07-03-2022,1993.900024,2001.099976,1963,1989,2516
08-03-2022,2040.099976,2072,1998,1999.400024,1813
09-03-2022,1985.900024,2063,1980.800049,2053.600098,1022
10-03-2022,1998.099976,2010.5,1978.099976,1978.099976,670
11-03-2022,1982.699951,1996,1959.900024,1985,865
14-03-2022,1959.599976,1977.699951,1959.599976,1976.5,145
15-03-2022,1928.5,1939.900024,1910.699951,1939.800049,71
16-03-2022,1908,1922.400024,1907.199951,1922.400024,104
17-03-2022,1942.099976,1947.199951,1933.900024,1933.900024,39
18-03-2022,1928.199951,1939.300049,1928.199951,1934.5,28
21-03-2022,1928.599976,1928.599976,1925,1925.400024,5
22-03-2022,1920.699951,1920.699951,1920.699951,1920.699951,26
23-03-2022,1936.599976,1936.599976,1936.599976,1936.599976,204
24-03-2022,1961.599976,1964,1961.599976,1963.599976,8
25-03-2022,1953.800049,1953.800049,1953.800049,1953.800049,83
28-03-2022,1939.599976,1939.599976,1932.599976,1932.599976,7
29-03-2022,1912,1912,1893.5,1893.5,128051
30-03-2022,1933.5,1937,1914.5,1918.400024,17765
31-03-2022,1949.199951,1949.900024,1919.099976,1933.5,3617
01-04-2022,1919.099976,1938,1917,1935,1016
04-04-2022,1929.199951,1936.099976,1915.599976,1921.199951,371
05-04-2022,1922.900024,1943.5,1918.400024,1927.099976,412
06-04-2022,1918.400024,1931.800049,1916.699951,1916.699951,138
07-04-2022,1933.800049,1934.800049,1919.5,1919.5,311
08-04-2022,1941.599976,1947.699951,1928.800049,1928.800049,153
11-04-2022,1944.300049,1968.400024,1941.800049,1946.599976,163
12-04-2022,1972.099976,1977.099976,1950.599976,1952.5,246
13-04-2022,1981,1981,1969.5,1969.5,204
14-04-2022,1970.900024,1978.699951,1963,1977.199951,101
18-04-2022,1982.900024,1997.099976,1972.800049,1973.400024,196
19-04-2022,1955.699951,1978.300049,1945.699951,1973.800049,130
20-04-2022,1952.300049,1953.599976,1945.5,1945.5,621
21-04-2022,1944.900024,1944.900024,1942.5,1942.5,4
22-04-2022,1931,1950.400024,1930.199951,1949.599976,178
25-04-2022,1893.199951,1925,1889.300049,1925,748
26-04-2022,1901.400024,1909.099976,1894,1900.5,302
27-04-2022,1885.900024,1900.599976,1882.199951,1897.800049,1786
28-04-2022,1888.699951,1893,1872.900024,1883.800049,513
29-04-2022,1909.300049,1918.199951,1902.400024,1902.699951,132
02-05-2022,1861.800049,1896.800049,1853,1896.699951,385
03-05-2022,1868.800049,1868.800049,1868.800049,1868.800049,466
04-05-2022,1867,1867,1867,1867,1
05-05-2022,1874,1904.300049,1874,1897,80
06-05-2022,1881.199951,1890.300049,1871.5,1874.699951,214
09-05-2022,1857.099976,1867.5,1854,1866.599976,304
10-05-2022,1839.900024,1839.900024,1839.900024,1839.900024,1540
11-05-2022,1852.599976,1852.599976,1841,1841.5,892
12-05-2022,1823.800049,1851.900024,1822.199951,1849.800049,153
13-05-2022,1807.400024,1825,1807.400024,1825,335
16-05-2022,1813.5,1813.5,1787,1790.5,34
17-05-2022,1818.199951,1828.599976,1816.699951,1824.900024,121
18-05-2022,1815.900024,1819.699951,1805,1815,311
19-05-2022,1841.199951,1841.199951,1810.699951,1810.900024,138
20-05-2022,1841.800049,1841.800049,1836.300049,1839.099976,110
23-05-2022,1847.800049,1863,1845.800049,1846.300049,216
24-05-2022,1865.099976,1867,1852.5,1852.5,33
25-05-2022,1846.199951,1846.199951,1846.199951,1846.199951,0
26-05-2022,1847.400024,1847.400024,1840.400024,1840.400024,123355
27-05-2022,1851.300049,1860.699951,1845.900024,1848.300049,30091
31-05-2022,1842.699951,1862.099976,1832.800049,1850.300049,4073
01-06-2022,1843.300049,1847.900024,1825.300049,1831,1623
02-06-2022,1866.5,1868.699951,1842.099976,1845.400024,551
03-06-2022,1845.400024,1871.800049,1845.400024,1867.599976,53
06-06-2022,1839.199951,1854.099976,1839.199951,1849,142
07-06-2022,1847.5,1851.599976,1835,1836.900024,1168
08-06-2022,1851.900024,1855,1844.400024,1844.800049,218
09-06-2022,1848.800049,1850.099976,1837.900024,1846.099976,159
10-06-2022,1871.5,1875.599976,1823.900024,1842.699951,1490
13-06-2022,1828,1873.800049,1818.699951,1873.800049,127
14-06-2022,1809.5,1825.5,1805.300049,1825,536
15-06-2022,1815.300049,1839,1810.800049,1814.099976,108
16-06-2022,1845.699951,1850.599976,1814.900024,1819.199951,136
17-06-2022,1835.599976,1853.699951,1833.599976,1853.699951,170
21-06-2022,1834.599976,1838.599976,1830.099976,1835.300049,216
22-06-2022,1834.300049,1842.699951,1821.599976,1829.5,115
23-06-2022,1825.699951,1841.199951,1825.699951,1835.5,9
24-06-2022,1826.5,1826.5,1815.800049,1820.5,61
27-06-2022,1820.900024,1830.699951,1819.900024,1830.5,77
28-06-2022,1817.5,1826,1817.5,1824.199951,391
29-06-2022,1813.699951,1830.300049,1812.800049,1818.300049,173
30-06-2022,1804.099976,1817.300049,1801,1809.599976,328
01-07-2022,1798.900024,1806.099976,1791.599976,1795.5,77
05-07-2022,1761.800049,1805.400024,1761.800049,1805.400024,64
06-07-2022,1734.900024,1768,1734,1762.5,1729
07-07-2022,1737.900024,1745.199951,1737,1745.199951,1869
08-07-2022,1740.599976,1749.300049,1732.099976,1738.099976,370
11-07-2022,1730,1736.699951,1730,1732.5,75
12-07-2022,1723.300049,1735.5,1723.300049,1734.199951,451
13-07-2022,1734.199951,1734.199951,1710,1710,368
14-07-2022,1704.5,1710.5,1704.5,1710.300049,1289
15-07-2022,1702.400024,1709.699951,1701.099976,1705.400024,721
18-07-2022,1709.199951,1712.400024,1709.199951,1712.199951,264
19-07-2022,1710,1714.400024,1706.099976,1712.300049,1684
20-07-2022,1699.5,1708.5,1699.5,1707.099976,130
21-07-2022,1712.699951,1715.5,1679.800049,1687,183
22-07-2022,1727.099976,1735,1713,1713.300049,61
25-07-2022,1719,1732,1719,1727,67
26-07-2022,1717.699951,1718,1717.699951,1718,1
27-07-2022,1719.099976,1719.099976,1719.099976,1719.099976,144865
28-07-2022,1750.300049,1755,1732,1732.300049,37236
29-07-2022,1762.900024,1765.699951,1750,1754,3485
01-08-2022,1769,1772.5,1756.099976,1763.900024,705
02-08-2022,1771.099976,1786.599976,1759.400024,1772.099976,1078
03-08-2022,1758,1770.5,1753,1756.699951,399
04-08-2022,1788.5,1792.099976,1767.699951,1769.400024,285
05-08-2022,1772.900024,1791.400024,1764.199951,1791.199951,645
08-08-2022,1786.800049,1786.800049,1771.800049,1771.800049,127
09-08-2022,1794,1796.099976,1789,1790,249
10-08-2022,1795.599976,1804.900024,1787.800049,1804.400024,601
11-08-2022,1789.699951,1794.300049,1785.699951,1794.300049,1235
12-08-2022,1798.599976,1800.400024,1784.300049,1786.300049,187
15-08-2022,1781.400024,1799,1774.699951,1799,64
16-08-2022,1773.199951,1777.400024,1771.400024,1777.400024,308
17-08-2022,1760.300049,1769.699951,1760,1769.699951,23
18-08-2022,1755.300049,1762.900024,1753.400024,1762.900024,321
19-08-2022,1747.599976,1754.300049,1747.5,1753.699951,49
22-08-2022,1734,1740.5,1726.5,1740.5,347
23-08-2022,1746.800049,1748.900024,1731.900024,1738,509
24-08-2022,1747.800049,1751.800049,1743.599976,1745,187
25-08-2022,1757.699951,1761.800049,1755,1761.599976,172
26-08-2022,1736.099976,1755,1736.099976,1754,202
29-08-2022,1736.599976,1741.199951,1732.099976,1732.400024,950
30-08-2022,1723.199951,1739,1720.699951,1736.400024,385
31-08-2022,1712.800049,1720.900024,1708.5,1718.300049,2133
01-09-2022,1696.599976,1707.900024,1693.900024,1707.900024,683
02-09-2022,1709.800049,1715.699951,1703.099976,1703.400024,182
06-09-2022,1700.400024,1717.400024,1699.699951,1709.699951,697
07-09-2022,1715.300049,1715.300049,1694.699951,1694.800049,651
08-09-2022,1708,1718.199951,1705.300049,1718.199951,1193
09-09-2022,1716.199951,1720,1712.800049,1719.199951,635
12-09-2022,1728.099976,1728.099976,1727.400024,1727.400024,68
13-09-2022,1705,1720.5,1697.300049,1720.5,432
14-09-2022,1696.5,1701.800049,1696.5,1698.699951,532
15-09-2022,1665.400024,1686,1662.300049,1685.5,1125
16-09-2022,1671.699951,1674.900024,1651.699951,1660.400024,464
19-09-2022,1666.199951,1669.400024,1658.5,1661.800049,580
20-09-2022,1659.699951,1659.699951,1659.699951,1659.699951,2830
21-09-2022,1664.599976,1680.099976,1664.599976,1665.5,2337
22-09-2022,1670.800049,1670.800049,1668.300049,1668.300049,973
23-09-2022,1645.300049,1667,1645.300049,1667,1224
26-09-2022,1623.300049,1623.300049,1623.300049,1623.300049,1205
27-09-2022,1626.699951,1636.599976,1626.699951,1632.199951,888
28-09-2022,1660.400024,1660.400024,1620.400024,1620.400024,18311
29-09-2022,1658.5,1662.599976,1640,1657,6028
30-09-2022,1662.400024,1672.699951,1658,1661.699951,548
03-10-2022,1692.900024,1700,1661.900024,1667.199951,410
04-10-2022,1721.099976,1728,1696,1701.199951,291
05-10-2022,1711.400024,1726.599976,1703,1724.099976,418
06-10-2022,1711.699951,1723.300049,1709.099976,1721,133
07-10-2022,1700.5,1710.099976,1693.699951,1710.099976,179
10-10-2022,1667.300049,1693.400024,1667,1693.400024,195
11-10-2022,1678.699951,1678.699951,1661,1661.800049,167
12-10-2022,1670.300049,1672.699951,1668,1668,149
13-10-2022,1670,1675.300049,1641.5,1675.199951,729
14-10-2022,1641.699951,1667,1640,1665.300049,82
17-10-2022,1657,1657,1646.800049,1650.199951,238
18-10-2022,1649,1655.199951,1649,1651.400024,597
19-10-2022,1627.5,1637.5,1627.5,1637.5,84
20-10-2022,1630.800049,1641.400024,1622.800049,1622.800049,477
21-10-2022,1651,1653.900024,1634.099976,1634.099976,224
24-10-2022,1648.699951,1662.699951,1648.699951,1662.699951,29
25-10-2022,1652.800049,1652.800049,1637.300049,1648.199951,880
26-10-2022,1664,1667,1649.800049,1649.800049,89
27-10-2022,1660.699951,1660.699951,1660.699951,1660.699951,2298
28-10-2022,1639.599976,1661,1638.699951,1661,626
31-10-2022,1635.900024,1641.800049,1633.400024,1641.800049,522
01-11-2022,1645,1653.699951,1630.800049,1630.800049,985
02-11-2022,1645.699951,1664.699951,1634,1650.800049,612
03-11-2022,1627.300049,1629.199951,1615.099976,1629.199951,1427
04-11-2022,1672.5,1674.5,1629,1630.199951,159
07-11-2022,1676.5,1677.900024,1672.900024,1676.900024,42
08-11-2022,1712.099976,1712.099976,1703.199951,1703.199951,23
09-11-2022,1710.099976,1720.199951,1706,1707.400024,497
10-11-2022,1750.300049,1750.300049,1708.199951,1708.199951,325
11-11-2022,1766,1766,1757.599976,1763.800049,257
14-11-2022,1773.599976,1773.599976,1761.599976,1762,358
15-11-2022,1773.800049,1773.800049,1769.900024,1770.800049,57
16-11-2022,1773,1778.900024,1773,1776.599976,303
17-11-2022,1760.800049,1763,1756,1763,18
18-11-2022,1751.900024,1763.300049,1747.599976,1763.300049,414
21-11-2022,1737.400024,1744.900024,1736.099976,1739,544
22-11-2022,1738.300049,1741.699951,1738.300049,1741.699951,15
23-11-2022,1744.900024,1750.900024,1736.5,1736.5,39
25-11-2022,1753.300049,1757.900024,1749.199951,1753,216
28-11-2022,1740.099976,1741.300049,1740.099976,1741.300049,132767
29-11-2022,1748.400024,1758.199951,1737.900024,1739.5,19416
30-11-2022,1746,1769.400024,1745.099976,1748.099976,3339
01-12-2022,1801.099976,1803.699951,1768.699951,1768.699951,1053
02-12-2022,1795.900024,1802.300049,1779.400024,1802,1725
05-12-2022,1767.400024,1808,1764.300049,1795.699951,1713
06-12-2022,1769.300049,1779.400024,1767.900024,1768.599976,105
07-12-2022,1785.5,1790.300049,1769.300049,1769.300049,422
08-12-2022,1788.699951,1790.900024,1782,1782,713
09-12-2022,1798.099976,1804.300049,1791.099976,1794.900024,125
12-12-2022,1780.5,1793.900024,1777.699951,1787.300049,85
13-12-2022,1813.900024,1819.800049,1780.5,1780.699951,205
14-12-2022,1807.5,1812.800049,1797.900024,1810.800049,1074
15-12-2022,1777.199951,1801,1774.800049,1801,421
16-12-2022,1790,1791.400024,1777.900024,1777.900024,206
19-12-2022,1787.699951,1796.300049,1785.599976,1791.599976,79
20-12-2022,1815.900024,1821.400024,1786.5,1786.5,51
21-12-2022,1815.900024,1821.400024,1814.400024,1817.400024,35
22-12-2022,1787,1818.099976,1785,1818.099976,411
23-12-2022,1795.900024,1802.800049,1794.099976,1794.300049,49
27-12-2022,1814.800049,1826.300049,1803.400024,1803.400024,69
28-12-2022,1807.900024,1807.900024,1803.099976,1803.199951,434
29-12-2022,1819.5,1819.5,1805.800049,1805.800049,277
30-12-2022,1819.699951,1822.300049,1816.800049,1817,95
03-01-2023,1839.699951,1839.699951,1836.199951,1836.199951,29
04-01-2023,1852.800049,1859.099976,1845.599976,1845.599976,25
05-01-2023,1834.800049,1855.199951,1834.800049,1855.199951,24
06-01-2023,1864.199951,1868.199951,1835.300049,1838.400024,26
09-01-2023,1872.699951,1880,1867,1867,62
10-01-2023,1871.599976,1878.099976,1871.599976,1877.800049,101
11-01-2023,1874.599976,1877.800049,1873.099976,1873.099976,1236
12-01-2023,1895.5,1897.400024,1877.199951,1877.199951,59
13-01-2023,1918.400024,1920.900024,1898.300049,1899,512
17-01-2023,1907.199951,1920.099976,1905.199951,1920.099976,706
18-01-2023,1904.400024,1911.099976,1903.099976,1911.099976,1027
19-01-2023,1922.099976,1931.800049,1922.099976,1922.099976,371
20-01-2023,1926.400024,1928.5,1921.400024,1922.099976,1346
23-01-2023,1927.099976,1927.099976,1915,1926.5,218
24-01-2023,1933.900024,1936.800049,1931.800049,1931.800049,201
25-01-2023,1941.199951,1941.199951,1939.800049,1941.199951,7
26-01-2023,1929.099976,1937.099976,1927.099976,1936.599976,131
27-01-2023,1928.599976,1928.599976,1928.599976,1928.599976,150902
30-01-2023,1922.900024,1933.599976,1920.300049,1928.300049,27220
31-01-2023,1929.5,1930.400024,1900.599976,1923,1910
01-02-2023,1927.800049,1955,1922,1927.199951,2290
02-02-2023,1916.300049,1959.099976,1911.300049,1952.300049,748
03-02-2023,1862.900024,1917,1861.5,1912.400024,992
06-02-2023,1866.199951,1880,1863.400024,1865.599976,424
07-02-2023,1871.699951,1875.699951,1868,1870,297
08-02-2023,1877.400024,1880.400024,1872.099976,1872.099976,230
09-02-2023,1866.199951,1884.599976,1859.800049,1875.300049,223
10-02-2023,1862.800049,1863.5,1852.400024,1861.599976,27
13-02-2023,1851.900024,1861,1850,1859,569
14-02-2023,1854,1862,1846.199951,1854.099976,656
15-02-2023,1834.199951,1842,1828.199951,1842,368
16-02-2023,1842,1843.699951,1827.199951,1838.599976,222
17-02-2023,1840.400024,1842.199951,1818.400024,1827.400024,35
21-02-2023,1833,1843,1833,1842.599976,862
22-02-2023,1832,1836.199951,1825.099976,1835.699951,278
23-02-2023,1818,1827.5,1818,1826.400024,291
24-02-2023,1808.800049,1808.800049,1808.800049,1808.800049,404
27-02-2023,1817,1817.5,1808.900024,1811.599976,829
28-02-2023,1828.900024,1830,1808.099976,1808.099976,618
01-03-2023,1837.699951,1841.699951,1827.099976,1827.099976,211
02-03-2023,1833.5,1836.300049,1830,1830,154
03-03-2023,1847.699951,1855.400024,1837.300049,1837.300049,61
06-03-2023,1847.900024,1853.800049,1844.199951,1853.300049,5
07-03-2023,1813.900024,1840.900024,1813.900024,1840.900024,450
08-03-2023,1812.699951,1812.900024,1811.5,1811.599976,75
09-03-2023,1829.300049,1829.300049,1815.599976,1816.400024,332
10-03-2023,1862,1868.5,1852,1852.300049,248
13-03-2023,1911.699951,1913.099976,1875.099976,1890.800049,503
14-03-2023,1906.199951,1912.199951,1901.099976,1912.199951,107
15-03-2023,1926.599976,1926.599976,1898.5,1903.900024,564
16-03-2023,1919,1931.699951,1909.900024,1909.900024,394
17-03-2023,1969.800049,1985.099976,1946,1946,82
20-03-2023,1979.199951,2003.900024,1968.900024,1988.300049,389
21-03-2023,1938,1973.800049,1938,1973.800049,47
22-03-2023,1946.800049,1974,1946.800049,1946.800049,50
23-03-2023,1993.800049,1994.599976,1990.5,1990.5,33
24-03-2023,1982.099976,1995.400024,1982.099976,1991.699951,19
27-03-2023,1952.400024,1957.199951,1952.400024,1957.199951,877
28-03-2023,1972.400024,1972.400024,1972.400024,1972.400024,21
29-03-2023,1966.099976,1966.099976,1966.099976,1966.099976,88563
30-03-2023,1980.300049,1984.400024,1954.900024,1965.900024,10119
31-03-2023,1969,1986.800049,1968,1981.300049,957
03-04-2023,1983.900024,1991.699951,1950,1968.099976,737
04-04-2023,2022.199951,2027.099976,1979,1984.599976,811
05-04-2023,2020.900024,2033.800049,2013.599976,2022.099976,525
06-04-2023,2011.900024,2023.300049,2005,2022.199951,0
10-04-2023,1989.099976,2006.599976,1984,2000,652
11-04-2023,2004.800049,2006.5,1991.400024,1991.400024,68
12-04-2023,2010.900024,2025.699951,2005.199951,2005.199951,172
13-04-2023,2041.300049,2048.600098,2015.599976,2015.599976,1043
14-04-2023,2002.199951,2047.800049,1995,2041,718
17-04-2023,1994.199951,2007.599976,1983.199951,2002.699951,554
18-04-2023,2007.400024,2007.400024,1996.900024,1996.900024,72
19-04-2023,1995.199951,2006.400024,1969.800049,2005.699951,61
20-04-2023,2007.599976,2007.599976,1998,1998,164
21-04-2023,1979.5,1996.199951,1974.099976,1996.199951,132
24-04-2023,1989.099976,1989.800049,1977.400024,1981.300049,145
25-04-2023,1994,1999.099976,1982.300049,1995.699951,306
26-04-2023,1985.699951,1998.800049,1985.599976,1997.800049,615
27-04-2023,1989.900024,2002.300049,1979.900024,1990.599976,355
28-04-2023,1990.099976,1990.099976,1977.699951,1986.900024,152
01-05-2023,1983.400024,2005,1976.900024,1980.099976,210
02-05-2023,2014.300049,2018,1994.699951,1994.699951,1896
03-05-2023,2028.599976,2035.099976,2015.199951,2017.099976,1349
04-05-2023,2048,2072,2040,2045,930
05-05-2023,2017.400024,2046.400024,2004.300049,2046.400024,59
08-05-2023,2026.300049,2026.300049,2022.5,2022.5,3
09-05-2023,2036.199951,2037.300049,2025.900024,2026.599976,241
10-05-2023,2030.5,2044.300049,2029.5,2032.300049,248
11-05-2023,2014.699951,2038.300049,2014,2034.099976,90
12-05-2023,2014.5,2014.5,2014.5,2014.5,115
15-05-2023,2018,2018,2013.800049,2013.800049,3
16-05-2023,1988.400024,1988.400024,1988.400024,1988.400024,49
17-05-2023,1980.699951,1983.599976,1980.699951,1983.599976,13
18-05-2023,1956.5,1956.800049,1956.5,1956.5,23
19-05-2023,1978.699951,1978.699951,1960,1960,106
22-05-2023,1974.800049,1980.5,1974.800049,1980.5,8
23-05-2023,1972.400024,1972.400024,1972.400024,1972.400024,1
24-05-2023,1962.800049,1975.400024,1962.800049,1975.400024,189
25-05-2023,1943.099976,1943.099976,1943.099976,1943.099976,1
26-05-2023,1944.099976,1948.400024,1944.099976,1948.199951,166036
30-05-2023,1958,1962.599976,1931,1942.699951,37838
31-05-2023,1963.900024,1973,1953,1958.199951,5959
01-06-2023,1978,1983,1954.300049,1963.199951,750
02-06-2023,1952.400024,1982.5,1947.400024,1977.099976,356
05-06-2023,1958,1961.900024,1937.800049,1947.5,713
06-06-2023,1965.5,1965.5,1958.800049,1960.800049,164
07-06-2023,1942.699951,1968.400024,1940.699951,1959,139
08-06-2023,1963.599976,1969,1943.099976,1943.199951,433
09-06-2023,1962.199951,1969.800049,1960.300049,1965.099976,49
12-06-2023,1955.300049,1963.5,1951.400024,1959.699951,212
13-06-2023,1944.599976,1967.5,1940.300049,1960.599976,343
14-06-2023,1955.300049,1958.199951,1940.300049,1946.199951,202
15-06-2023,1957.800049,1958.800049,1926,1941.699951,329
16-06-2023,1958.400024,1962.900024,1953.5,1961.400024,119
20-06-2023,1935.5,1958.599976,1931.300049,1958.599976,193
21-06-2023,1933.300049,1936.800049,1920,1935.599976,557
22-06-2023,1912.699951,1921,1912.099976,1920,237
23-06-2023,1919.099976,1932.5,1918.699951,1918.699951,105
26-06-2023,1923.699951,1928.5,1922.5,1922.900024,71
27-06-2023,1914,1929.400024,1914,1927,49
28-06-2023,1912.300049,1912.300049,1912.300049,1912.300049,628
29-06-2023,1909.199951,1909.900024,1892.5,1909.900024,289
30-06-2023,1921.099976,1921.099976,1900.599976,1908.599976,445
03-07-2023,1921.699951,1929.5,1917.900024,1917.900024,41
05-07-2023,1919.599976,1933.900024,1914.699951,1923.5,193
06-07-2023,1908.699951,1910.199951,1903.199951,1909.300049,81
07-07-2023,1926.199951,1934.099976,1913.400024,1913.400024,61
10-07-2023,1925,1926.099976,1912.300049,1923.599976,269
11-07-2023,1931.300049,1937,1924.199951,1925,142
12-07-2023,1956.199951,1958,1932.199951,1932.300049,132
13-07-2023,1959.199951,1961.099976,1953,1961.099976,121
14-07-2023,1960.099976,1960.599976,1952.699951,1958.400024,94
17-07-2023,1952.400024,1956.5,1946.599976,1954,29
18-07-2023,1977.199951,1978.400024,1963.400024,1968.800049,83
19-07-2023,1977.5,1977.5,1973,1977,35
20-07-2023,1968.300049,1973.699951,1965.599976,1973.699951,638
21-07-2023,1964.300049,1964.300049,1961.800049,1961.800049,50
24-07-2023,1960.300049,1965.5,1960.300049,1965.300049,2
25-07-2023,1962.099976,1962.5,1953,1953,19
26-07-2023,1968.900024,1972,1966.199951,1966.199951,51
27-07-2023,1945.400024,1945.400024,1945.400024,1945.400024,194253
28-07-2023,1960.400024,1962.199951,1944.199951,1945.5,23155
31-07-2023,1970.5,1971.599976,1950,1959.199951,1025
01-08-2023,1940.699951,1965.400024,1940.699951,1964.900024,688
02-08-2023,1937.400024,1953.599976,1933.199951,1948.400024,652
03-08-2023,1932,1936.5,1928,1934.199951,773
04-08-2023,1939.599976,1945,1920,1934.900024,290
07-08-2023,1933.5,1941,1929.800049,1941,376
08-08-2023,1924.099976,1933.199951,1923,1931.699951,555
09-08-2023,1915.400024,1928.800049,1913.699951,1925.400024,451
10-08-2023,1914.400024,1927.800049,1911.400024,1921.099976,178
11-08-2023,1912.900024,1916.599976,1911.800049,1913,57
14-08-2023,1910.599976,1912.599976,1903.300049,1909.300049,46
15-08-2023,1902.5,1907.699951,1895,1906,73
16-08-2023,1896.099976,1904.5,1890.300049,1904.5,22
17-08-2023,1884.099976,1902.400024,1884,1893.699951,245
18-08-2023,1886.099976,1891.800049,1886.099976,1891.800049,19
21-08-2023,1893.300049,1893.599976,1893.300049,1893.599976,876
22-08-2023,1896.400024,1896.800049,1892.800049,1894.599976,46
23-08-2023,1918.5,1918.5,1909.599976,1909.599976,547
24-08-2023,1918.199951,1920.800049,1918.199951,1920,337
25-08-2023,1911.099976,1919.800049,1911.099976,1919.800049,195
28-08-2023,1917.900024,1921.5,1915.5,1915.5,99
29-08-2023,1936.5,1936.5,1916.900024,1917.900024,1674
30-08-2023,1944.300049,1946.400024,1934.599976,1936,396
31-08-2023,1938.199951,1944.400024,1938.199951,1944.400024,491
01-09-2023,1939.800049,1950,1936.599976,1950,167
05-09-2023,1926.199951,1934.400024,1924.699951,1934.400024,113
06-09-2023,1918.099976,1925.300049,1916.300049,1924.099976,24
07-09-2023,1917.5,1921.5,1917.5,1917.599976,41
08-09-2023,1918.400024,1924.699951,1918.400024,1924,105
11-09-2023,1923.300049,1928.300049,1921.800049,1923,50
12-09-2023,1911.300049,1920.800049,1911.300049,1920.800049,365
13-09-2023,1909.099976,1914.599976,1908.900024,1910.300049,15
14-09-2023,1910,1910,1903,1903,169
15-09-2023,1923.699951,1927.300049,1923.5,1923.5,8
18-09-2023,1931.5,1931.5,1926.400024,1928.199951,19
19-09-2023,1932,1934,1932,1934,6
20-09-2023,1945.599976,1945.599976,1929.199951,1945.599976,119
21-09-2023,1919.199951,1924,1919.199951,1924,9
22-09-2023,1925.400024,1925.400024,1925.400024,1925.400024,1
25-09-2023,1916.599976,1916.599976,1916.599976,1916.599976,114
26-09-2023,1900.400024,1905.099976,1900.400024,1905,161
27-09-2023,1871.599976,1871.599976,1871.599976,1871.599976,12251
28-09-2023,1860.400024,1878.199951,1856.699951,1875.5,4654
29-09-2023,1848.099976,1872.300049,1846,1864.300049,1605
02-10-2023,1830,1845.900024,1826.699951,1844.099976,2309
03-10-2023,1824.599976,1830.900024,1816.800049,1825,310
04-10-2023,1818.5,1828.199951,1816.400024,1821.800049,357
05-10-2023,1816.599976,1826.300049,1815.599976,1826.300049,393
06-10-2023,1830.199951,1831.800049,1809.400024,1819,390
09-10-2023,1849.5,1861.5,1842.5,1842.5,232
10-10-2023,1861,1861.400024,1852.800049,1857,236
11-10-2023,1872.800049,1874.599976,1869.099976,1869.5,65
12-10-2023,1869.300049,1881.199951,1867,1874.699951,46
13-10-2023,1927.400024,1930.099976,1877.5,1877.5,43
16-10-2023,1921.099976,1921.099976,1910.300049,1910.400024,53
17-10-2023,1922.699951,1925.800049,1914.300049,1914.300049,103
18-10-2023,1955.300049,1957.900024,1935,1935,67
19-10-2023,1968.400024,1977.699951,1945.699951,1950.099976,1945
20-10-2023,1982.5,1988.599976,1980.400024,1981.099976,557
23-10-2023,1976.300049,1978.900024,1972.900024,1976.199951,127
24-10-2023,1975,1975,1970.300049,1970.300049,10
25-10-2023,1984.099976,1985.300049,1971.199951,1971.199951,97
26-10-2023,1987.199951,1988.199951,1980.400024,1988.199951,521
27-10-2023,1988.599976,1988.599976,1988.599976,1988.599976,372
30-10-2023,1996.199951,2004.099976,1992.5,2004.099976,157
31-10-2023,1985.199951,2001,1983.699951,1996.5,84
01-11-2023,1978.800049,1990.5,1977.800049,1990.5,41
02-11-2023,1985.599976,1990.300049,1979.5,1989.099976,39
03-11-2023,1991.5,1991.5,1989,1989,12
06-11-2023,1981.599976,1981.599976,1977.400024,1981.599976,130
07-11-2023,1966.800049,1966.800049,1960.699951,1966.5,20
08-11-2023,1951.5,1967.800049,1947.699951,1967.800049,43
09-11-2023,1964.199951,1964.199951,1945.300049,1951.699951,10
10-11-2023,1932.599976,1959.599976,1932.599976,1959.599976,375
13-11-2023,1945.5,1947.199951,1934,1939.900024,191
14-11-2023,1961.800049,1965.800049,1961.800049,1965.800049,2
15-11-2023,1960.099976,1962.800049,1960,1962.800049,6
16-11-2023,1983.900024,1983.900024,1964.599976,1965.300049,39
17-11-2023,1981.599976,1984,1979.800049,1982.5,32
20-11-2023,1977.699951,1979.400024,1969.699951,1978.699951,182
21-11-2023,1999.300049,2005.5,1988.5,1990.699951,16
22-11-2023,1991.400024,1999.400024,1991,1999.099976,6075
24-11-2023,2002.199951,2002.199951,1991.5,1991.900024,63
27-11-2023,2011.800049,2011.800049,2011.699951,2011.699951,228
28-11-2023,2039.699951,2042.699951,2039.699951,2040.599976,174665
29-11-2023,2047.099976,2052.100098,2036,2041.699951,15290
30-11-2023,2038.099976,2047.099976,2033.099976,2046.099976,2506
01-12-2023,2071,2073.199951,2036,2038.300049,614
04-12-2023,2024.099976,2130.199951,2021,2075.300049,1071
05-12-2023,2018.5,2037,2010.199951,2035.099976,289
06-12-2023,2030.5,2035.800049,2019,2019.900024,417
07-12-2023,2029.900024,2034.900024,2024,2029.199951,67
08-12-2023,1998.300049,2033.099976,1995,2031.699951,449
11-12-2023,1978,2004.199951,1977.199951,2004.099976,651
12-12-2023,1977.800049,1994.199951,1977.800049,1984.199951,95
13-12-2023,1982.300049,2024.800049,1975,1978.5,2252
14-12-2023,2030.199951,2040.099976,2024.300049,2024.699951,236
15-12-2023,2021.099976,2043.400024,2018.300049,2032.599976,261
18-12-2023,2026.300049,2032.800049,2024,2024.300049,100
19-12-2023,2038.400024,2042.699951,2025.199951,2025.199951,498
20-12-2023,2034.5,2037.099976,2030.300049,2037.099976,258
21-12-2023,2039.099976,2044.5,2033,2035.800049,228
22-12-2023,2057.100098,2068.699951,2052.199951,2055.699951,202
26-12-2023,2058.199951,2060.800049,2054.199951,2060,64
27-12-2023,2081.899902,2081.899902,2064.800049,2067.300049,586
28-12-2023,2073.899902,2087.300049,2066.5,2081.600098,338
29-12-2023,2062.399902,2068.899902,2062.100098,2068,47
02-01-2024,2064.399902,2073.699951,2057.100098,2063.5,61
03-01-2024,2034.199951,2044,2034.199951,2034.199951,54
04-01-2024,2042.300049,2044.5,2038,2041.599976,88
05-01-2024,2042.400024,2048.100098,2042.400024,2044.5,12
08-01-2024,2026.599976,2033.699951,2019.099976,2019.099976,10
09-01-2024,2026.400024,2035.800049,2026.400024,2035.800049,27
10-01-2024,2021.699951,2035.599976,2021.699951,2029,538
11-01-2024,2014.300049,2025.099976,2014.300049,2025.099976,97
12-01-2024,2046.699951,2057,2031.099976,2031.099976,390
16-01-2024,2026,2054.800049,2026,2051.699951,46
17-01-2024,2002.599976,2026.5,2002.599976,2026.5,764
18-01-2024,2018.599976,2018.599976,2009.5,2012.800049,1474
19-01-2024,2026.5,2036,2019.5,2023.199951,50
22-01-2024,2019.800049,2021.300049,2019.800049,2021.300049,12
23-01-2024,2023.699951,2030.300049,2022.5,2030.300049,15
24-01-2024,2013.900024,2033.199951,2013.900024,2023.199951,253
25-01-2024,2016.900024,2022.400024,2012.099976,2012.099976,548
26-01-2024,2016.800049,2022.400024,2016.800049,2021.699951,49
29-01-2024,2025.199951,2025.199951,2025.199951,2025.199951,150708
30-01-2024,2031.5,2048.5,2028.099976,2032.5,26907
31-01-2024,2048.399902,2055,2030,2035.400024,2007
01-02-2024,2053,2064.5,2029,2040.199951,947
02-02-2024,2036.099976,2055.899902,2027.699951,2054.800049,888
05-02-2024,2025.699951,2040.800049,2013.800049,2038.900024,412
06-02-2024,2034.5,2037.300049,2025.900024,2025.900024,249
07-02-2024,2035.199951,2039.5,2032.699951,2032.800049,71
08-02-2024,2032.199951,2036.699951,2020.300049,2028,341
09-02-2024,2023.300049,2032,2020,2032,62
12-02-2024,2018.199951,2025.5,2011.599976,2025.5,317
13-02-2024,1992.900024,2025.800049,1990,2025.099976,198
14-02-2024,1990.300049,1993.5,1984.800049,1990.300049,1916
15-02-2024,2002.099976,2007.199951,1993.599976,1993.599976,286
16-02-2024,2011.5,2011.5,1996.5,2005,32
20-02-2024,2027.5,2029,2015.599976,2015.599976,1326
21-02-2024,2022.300049,2028.199951,2022.300049,2028.199951,15
22-02-2024,2019.699951,2033.199951,2019.699951,2033.199951,964
23-02-2024,2038.599976,2038.599976,2014.900024,2026,22
26-02-2024,2028.5,2035.400024,2024.800049,2034.099976,143
27-02-2024,2034,2035.900024,2034,2035.900024,964
28-02-2024,2033,2037,2024.800049,2029.5,581
29-02-2024,2045.699951,2049.800049,2034.300049,2034.300049,706
01-03-2024,2086.899902,2086.899902,2041.800049,2043.099976,1210
04-03-2024,2117.699951,2119.800049,2080.699951,2083.600098,805
05-03-2024,2133.5,2133.5,2111.399902,2114.899902,1287
06-03-2024,2150.300049,2150.300049,2125.5,2125.5,443
07-03-2024,2158,2163,2147,2147,152
08-03-2024,2178.600098,2194.899902,2166.300049,2167.300049,259
11-03-2024,2182.5,2184,2177.199951,2181,738
12-03-2024,2160.399902,2182.699951,2160.399902,2182.5,550
13-03-2024,2175.399902,2175.399902,2162.5,2162.5,20
14-03-2024,2163,2163,2162.300049,2163,515
15-03-2024,2157.300049,2161.699951,2157.300049,2161.699951,100
18-03-2024,2160.699951,2160.699951,2146.199951,2146.199951,21
19-03-2024,2156.300049,2156.300049,2156.100098,2156.100098,12
20-03-2024,2157.899902,2185.899902,2150.899902,2157.300049,17
21-03-2024,2182.399902,2211.600098,2182.399902,2207,63
22-03-2024,2158.100098,2179.600098,2157.5,2179.199951,19
25-03-2024,2174.800049,2179.399902,2166.199951,2166.199951,79
26-03-2024,2175.600098,2182.699951,2175.600098,2182.699951,202373
27-03-2024,2190.600098,2196.199951,2172.100098,2179.399902,31200
28-03-2024,2217.399902,2234.100098,2187.100098,2193.600098,2040
01-04-2024,2236.5,2264.199951,2230,2235.699951,400
02-04-2024,2261,2279.199951,2247.600098,2252,435
03-04-2024,2294.399902,2298.800049,2267.899902,2281.699951,285
04-04-2024,2288.800049,2302.899902,2280,2301.699951,251
05-04-2024,2325.699951,2328.399902,2267.399902,2289.199951,344
08-04-2024,2331.699951,2341.800049,2319,2325.600098,202
09-04-2024,2343.5,2364.699951,2337.800049,2337.800049,211
10-04-2024,2329.600098,2358.100098,2327.699951,2346.600098,377
11-04-2024,2354.800049,2376.300049,2330.600098,2341.5,283
12-04-2024,2356.199951,2429,2334.300049,2377.300049,584
15-04-2024,2365.800049,2384.699951,2326,2362.100098,1801
16-04-2024,2390.800049,2390.800049,2371.399902,2384,41
17-04-2024,2371.699951,2391.399902,2369.300049,2384.199951,37
18-04-2024,2382.300049,2384.399902,2368.399902,2368.399902,128
19-04-2024,2398.399902,2399.800049,2377.300049,2379.300049,160
22-04-2024,2332.199951,2383.300049,2326.899902,2383.300049,53
23-04-2024,2327.699951,2330.800049,2294.199951,2327.699951,171
24-04-2024,2324.5,2328.699951,2314.600098,2321.300049,95
25-04-2024,2329.800049,2329.800049,2305,2315,1024
26-04-2024,2334.800049,2347.899902,2332.800049,2347.899902,717
29-04-2024,2345.399902,2345.5,2327.899902,2334.800049,405
30-04-2024,2291.399902,2322.5,2291.399902,2322.5,113
01-05-2024,2299.899902,2327.300049,2283.800049,2287.699951,42
02-05-2024,2299.199951,2324.699951,2292.300049,2321.699951,56
03-05-2024,2299,2301,2277.600098,2300,194
06-05-2024,2321.600098,2325.5,2314.199951,2322.800049,9
07-05-2024,2315.199951,2324.300049,2315.199951,2324.300049,25
08-05-2024,2313.600098,2313.600098,2313.600098,2313.600098,4
09-05-2024,2332.100098,2339.5,2310.699951,2310.699951,5
10-05-2024,2367.300049,2367.300049,2367.300049,2367.300049,126
13-05-2024,2336.100098,2358.300049,2336.100098,2358.300049,14
14-05-2024,2353.399902,2358,2336,2336,6
15-05-2024,2388.699951,2388.699951,2356,2361.600098,29
16-05-2024,2380,2392.199951,2380,2389.5,7
17-05-2024,2412.199951,2415.800049,2380.699951,2380.699951,213
20-05-2024,2433.899902,2435.800049,2409.699951,2415.800049,40
21-05-2024,2421.699951,2429.5,2421,2429.5,6
22-05-2024,2389.199951,2417.600098,2375.800049,2417.5,180
23-05-2024,2335,2371.199951,2335,2371.199951,365
24-05-2024,2332.5,2345.399902,2332.5,2342.600098,25
28-05-2024,2355.199951,2359.699951,2336.899902,2336.899902,26
29-05-2024,2340.300049,2340.300049,2340.300049,2340.300049,119317
30-05-2024,2342.899902,2349.5,2320.800049,2336.899902,32587
31-05-2024,2322.899902,2354,2319,2344.100098,941
03-06-2024,2346.600098,2347.5,2312,2322.600098,781
04-06-2024,2325.5,2347.699951,2313.899902,2347.5,890
05-06-2024,2354.100098,2354.300049,2326.199951,2326.399902,295
06-06-2024,2370.300049,2375.800049,2355,2355,179
07-06-2024,2305.199951,2385.100098,2285.399902,2379.899902,269
10-06-2024,2307.699951,2309.300049,2290.5,2290.600098,69
11-06-2024,2307.5,2314.100098,2300,2300,871
12-06-2024,2336,2338.699951,2310.300049,2314.899902,132
13-06-2024,2300.199951,2317.699951,2296.199951,2309.399902,298
14-06-2024,2331.399902,2331.399902,2305.800049,2307,948
17-06-2024,2312.399902,2320.199951,2309.600098,2320.199951,110
18-06-2024,2330.399902,2330.399902,2311.800049,2311.800049,43
20-06-2024,2353.800049,2354,2328.300049,2328.899902,183
21-06-2024,2316.399902,2331.199951,2316.399902,2331.199951,76
24-06-2024,2330,2332.899902,2322.699951,2323.300049,99
25-06-2024,2316.600098,2333,2316.600098,2324.399902,105
26-06-2024,2299.199951,2314.399902,2298,2307.899902,986
27-06-2024,2324.5,2329,2295,2296.800049,1532
28-06-2024,2327.699951,2338.300049,2319,2325.399902,92
01-07-2024,2327.600098,2329.699951,2321.699951,2323.800049,237
02-07-2024,2323,2334.600098,2323,2330.699951,30
03-07-2024,2359.800049,2361.600098,2330.899902,2330.899902,59
05-07-2024,2388.5,2388.5,2354.899902,2354.899902,72
08-07-2024,2355.199951,2383.800049,2352.800049,2381.699951,64
09-07-2024,2360.100098,2363.699951,2360.100098,2363.100098,9
10-07-2024,2372.199951,2377,2365.800049,2366.300049,19
11-07-2024,2415,2416.699951,2378.699951,2378.699951,72
12-07-2024,2414,2414,2391.300049,2399.800049,355
15-07-2024,2422.899902,2436,2422.899902,2430,540
16-07-2024,2462.399902,2462.399902,2427.399902,2427.399902,93
17-07-2024,2454.800049,2473.100098,2454.800049,2472.899902,10
18-07-2024,2451.800049,2466,2451.800049,2466,2
19-07-2024,2395.5,2419.199951,2395.5,2418.800049,15
22-07-2024,2392,2402.100098,2392,2402.100098,18
23-07-2024,2404.600098,2404.600098,2388.699951,2395.800049,41
24-07-2024,2413.300049,2421,2411.600098,2421,6
25-07-2024,2351.899902,2365.5,2351.899902,2365.5,31
26-07-2024,2380,2386.899902,2368.699951,2368.699951,95
29-07-2024,2377.300049,2377.300049,2377.300049,2377.300049,126409
30-07-2024,2405,2409.300049,2373.800049,2380.899902,25944
31-07-2024,2426.5,2447.600098,2402.800049,2407.100098,1313
01-08-2024,2435,2455.100098,2430.399902,2446.699951,690
02-08-2024,2425.699951,2477,2416,2444,550
05-08-2024,2401.699951,2449.800049,2367.399902,2442,334
06-08-2024,2389.100098,2421.800049,2380,2414.5,163
07-08-2024,2390.5,2401,2384.5,2392.199951,130
08-08-2024,2422.199951,2422.800049,2384.300049,2384.300049,201
09-08-2024,2432.100098,2432.100098,2418.5,2422.300049,611
12-08-2024,2462.399902,2469.800049,2432,2432.699951,566
13-08-2024,2466.699951,2470,2456.5,2461,510
14-08-2024,2439.399902,2472.100098,2439.399902,2468,274
15-08-2024,2453.100098,2467.699951,2431.199951,2451.800049,285
16-08-2024,2498.600098,2508,2451.399902,2453.5,197
19-08-2024,2501.800049,2508.5,2487.199951,2508.5,88
20-08-2024,2511.300049,2527.300049,2500.699951,2503.5,187
21-08-2024,2508.399902,2515.399902,2503.899902,2511,96
22-08-2024,2478.899902,2504.100098,2471.100098,2504.100098,210
23-08-2024,2508.399902,2508.399902,2486.5,2486.5,94
26-08-2024,2517.699951,2523.100098,2509.100098,2509.899902,290
27-08-2024,2516,2523.100098,2506.899902,2515.199951,100
28-08-2024,2501,2501,2501,2501,2353
29-08-2024,2525.699951,2525.699951,2503.899902,2504.100098,3966
30-08-2024,2493.800049,2525.399902,2493.800049,2519.5,208
03-09-2024,2489.899902,2501.800049,2476.300049,2501.600098,206
04-09-2024,2493.399902,2493.399902,2483.5,2490.899902,470
05-09-2024,2511.399902,2513.300049,2493.399902,2493.699951,54
06-09-2024,2493.5,2517.899902,2483.699951,2510.300049,96
09-09-2024,2501.800049,2504.699951,2491.300049,2491.300049,96
10-09-2024,2512.300049,2512.300049,2512.300049,2512.300049,5
11-09-2024,2512.100098,2525.800049,2502.300049,2525.800049,90
12-09-2024,2551.199951,2557,2523.399902,2529.100098,132
13-09-2024,2581.300049,2581.800049,2565,2568.800049,31
16-09-2024,2580.399902,2580.399902,2580.399902,2580.399902,28
17-09-2024,2564.300049,2581.800049,2564.300049,2581.199951,22
18-09-2024,2570.699951,2570.699951,2549.199951,2570.699951,25
19-09-2024,2588,2588,2566,2566,99
20-09-2024,2619.899902,2621.800049,2590.399902,2590.399902,17
23-09-2024,2626.5,2626.5,2626.5,2626.5,9
24-09-2024,2651.199951,2662.300049,2625.5,2636.800049,35
25-09-2024,2659.199951,2664.199951,2649.300049,2656.300049,175
26-09-2024,2669.899902,2669.899902,2660.800049,2662.300049,17216
27-09-2024,2644.300049,2672.100098,2641.699951,2670,4228
30-09-2024,2636.100098,2662.100098,2623.199951,2660.899902,973
01-10-2024,2667.300049,2670.899902,2631.399902,2631.399902,153
02-10-2024,2647.100098,2657.199951,2640,2650.600098,72
03-10-2024,2657.100098,2657.100098,2640,2642.800049,354
04-10-2024,2645.800049,2667,2639,2656,114
07-10-2024,2644.800049,2657.399902,2639,2648.699951,284
08-10-2024,2615,2639,2609.300049,2639,687
09-10-2024,2606,2607.699951,2603,2603,152
10-10-2024,2620.600098,2628.300049,2602.5,2602.5,320
11-10-2024,2657.600098,2658.100098,2638.199951,2638.300049,12
14-10-2024,2647.800049,2655.300049,2647.800049,2655,40
15-10-2024,2661.399902,2661.399902,2661.399902,2661.399902,39
16-10-2024,2674,2674,2674,2674,6
17-10-2024,2691,2691.699951,2677.199951,2677.399902,30
18-10-2024,2713.699951,2719.600098,2713.699951,2713.699951,29
21-10-2024,2723.100098,2738.399902,2719.5,2721.899902,52
22-10-2024,2744.199951,2746,2728.600098,2731.699951,93
23-10-2024,2714.399902,2742.5,2714.199951,2742.5,18
24-10-2024,2734.899902,2736.100098,2729,2729,27
25-10-2024,2740.899902,2742.399902,2725.5,2725.5,29
28-10-2024,2742.899902,2742.899902,2729.5,2736.100098,56
29-10-2024,2768.399902,2768.399902,2768.399902,2768.399902,848
30-10-2024,2788.5,2789,2774.600098,2774.600098,231
31-10-2024,2738.300049,2787.5,2733.5,2787.399902,849
01-11-2024,2738.600098,2756,2734.199951,2745.5,109
04-11-2024,2736.100098,2737.100098,2736.100098,2736.5,16
05-11-2024,2740.300049,2743.899902,2740.300049,2743,23
06-11-2024,2667.600098,2734.5,2659.399902,2734.5,427
07-11-2024,2698.399902,2699.100098,2662.5,2662.5,676
08-11-2024,2687.5,2694.600098,2682.899902,2688.5,1038
11-11-2024,2611.199951,2671.699951,2611.199951,2671.699951,20
12-11-2024,2600,2605.5,2592.800049,2605.5,118
13-11-2024,2580.800049,2611.800049,2580.800049,2611.100098,53
14-11-2024,2568.199951,2576.199951,2554.199951,2555.100098,27
15-11-2024,2565.699951,2565.699951,2565.699951,2565.699951,20
18-11-2024,2610.600098,2610.699951,2589.399902,2591.699951,136
19-11-2024,2627.100098,2627.699951,2619.300049,2621.899902,87
20-11-2024,2648.199951,2648.199951,2638.5,2638.5,27
21-11-2024,2672.100098,2672.100098,2655.699951,2659.300049,33
22-11-2024,2709.899902,2710.5,2685.600098,2687.5,41
25-11-2024,2616.800049,2689.399902,2616.800049,2689.399902,94
26-11-2024,2620.300049,2625.600098,2620.300049,2625.600098,177858
27-11-2024,2639.899902,2657.899902,2627.199951,2633.5,61653
29-11-2024,2657,2664.300049,2620.699951,2636.399902,3861
02-12-2024,2634.899902,2649.800049,2621.699951,2649,695
03-12-2024,2644.699951,2654.699951,2636,2639,1062
04-12-2024,2653.800049,2658.300049,2637,2639.199951,249
05-12-2024,2626.600098,2655,2625.699951,2652.399902,573
06-12-2024,2638.600098,2643.100098,2617.5,2620.199951,571
09-12-2024,2664.899902,2677.100098,2630.800049,2632.100098,935
10-12-2024,2697.600098,2698.199951,2661,2662.300049,437
11-12-2024,2733.800049,2733.800049,2693.100098,2701.800049,3387
12-12-2024,2687.5,2725.100098,2677.399902,2725.100098,2365
13-12-2024,2656,2689.300049,2647.899902,2688.199951,1125
16-12-2024,2651.399902,2663.300049,2651,2658.300049,877
17-12-2024,2644.399902,2652.300049,2632.5,2651.800049,705
18-12-2024,2636.5,2647.100098,2590.199951,2644.300049,566
19-12-2024,2592.199951,2610.300049,2582.100098,2582.100098,238
20-12-2024,2628.699951,2631.600098,2604.899902,2605.300049,592
23-12-2024,2612.300049,2627.699951,2611.100098,2620,451
24-12-2024,2620,2620,2609.5,2613,35
26-12-2024,2638.800049,2638.800049,2627.899902,2628.5,84
27-12-2024,2617.199951,2617.699951,2616.399902,2617.699951,642
30-12-2024,2606.100098,2626.899902,2597,2620.699951,794
31-12-2024,2629.199951,2629.199951,2604.899902,2608.399902,401
02-01-2025,2658.899902,2663.100098,2633,2633,1728
03-01-2025,2645,2658.699951,2641.800049,2658.699951,591
06-01-2025,2638.399902,2647,2617.300049,2645.5,960
07-01-2025,2656.699951,2657.5,2653,2653.399902,643
08-01-2025,2664.5,2676.899902,2653.5,2655.5,999
09-01-2025,2683.800049,2686.300049,2667.899902,2669.699951,1139
10-01-2025,2708.5,2720.100098,2683.699951,2686.100098,403
13-01-2025,2673.5,2711.199951,2673.5,2711.100098,765
14-01-2025,2677.5,2688.300049,2670.800049,2673.600098,794
15-01-2025,2712.5,2712.5,2690.800049,2690.800049,930
16-01-2025,2746.399902,2749.800049,2731.699951,2731.699951,1721
17-01-2025,2744.300049,2751.600098,2725.5,2736,1214
21-01-2025,2755,2755,2724.800049,2746,1439
22-01-2025,2767.600098,2768.800049,2753.5,2754.5,2079
23-01-2025,2763.100098,2765,2745.399902,2760,2201
24-01-2025,2777.300049,2792,2759.800049,2759.800049,1593
27-01-2025,2737.5,2762.199951,2737.5,2761.100098,984
28-01-2025,2766.800049,2766.800049,2738,2738,2307
29-01-2025,2769.100098,2769.100098,2769.100098,2769.100098,125692
30-01-2025,2823,2829.5,2770,2772.5,40141
31-01-2025,2812.5,2838,2804,2829,3443
03-02-2025,2833.899902,2848.399902,2780.899902,2818.199951,2649
04-02-2025,2853.300049,2853.300049,2816.100098,2827.600098,2187
05-02-2025,2871.600098,2880.5,2848,2850,4519
06-02-2025,2856,2871.699951,2836.300049,2865.199951,3116
07-02-2025,2867.300049,2889.5,2857.800049,2859.899902,1822
10-02-2025,2914.300049,2916.100098,2863.800049,2864.199951,2237
11-02-2025,2912.5,2945.399902,2890,2925.5,2554
12-02-2025,2909,2912.300049,2868.600098,2902,2504
13-02-2025,2925.899902,2937.699951,2910.600098,2911.300049,4670
14-02-2025,2883.600098,2944.399902,2874.800049,2937.300049,1992
18-02-2025,2931.600098,2936.399902,2873.800049,2879.199951,4010
19-02-2025,2919.399902,2946,2917.100098,2938.699951,2630
20-02-2025,2940,2955.800049,2924.199951,2949.100098,656
21-02-2025,2937.600098,2940,2917.300049,2938.800049,570
24-02-2025,2947.899902,2957.899902,2933.100098,2933.100098,415
25-02-2025,2904.5,2943.199951,2890,2938.699951,1854
26-02-2025,2916.800049,2917,2913,2913.5,2050
27-02-2025,2883.199951,2922.800049,2870.399902,2918.5,3215
28-02-2025,2836.800049,2877.100098,2834.100098,2877.100098,990
03-03-2025,2890.199951,2891.800049,2863.399902,2872.699951,423
04-03-2025,2909.600098,2927.899902,2886.100098,2886.100098,885
05-03-2025,2915.300049,2922,2893,2916.699951,551
06-03-2025,2916.600098,2918.600098,2903.800049,2904,870
07-03-2025,2904.699951,2927.300049,2900.5,2900.899902,531
10-03-2025,2891,2915.100098,2880.199951,2910.100098,55
11-03-2025,2912.899902,2916.699951,2880.399902,2884.399902,197
12-03-2025,2939.100098,2939.100098,2910,2912,213
13-03-2025,2984.300049,2988,2935.199951,2937.100098,2366
14-03-2025,2994.5,3004.800049,2986,2994.399902,1800
17-03-2025,3000,3001.5,2989,2991,214
18-03-2025,3035.100098,3039.199951,3004.399902,3006.399902,428
19-03-2025,3035.899902,3050.899902,3030.899902,3035.199951,175
20-03-2025,3040,3047.300049,3034.399902,3047.300049,185
21-03-2025,3018.199951,3037.5,3000.899902,3034.5,151
24-03-2025,3013.100098,3024.300049,3006,3024.300049,137
25-03-2025,3023.699951,3028.800049,3023.699951,3026.399902,74
26-03-2025,3020.899902,3033.199951,3019.5,3033.199951,83
27-03-2025,3060.199951,3065,3025.5,3025.5,124359
28-03-2025,3086.5,3094.899902,3066.800049,3069.699951,31206
31-03-2025,3122.800049,3132.5,3086,3091,3438
01-04-2025,3118.899902,3149.5,3104,3129.699951,1721
02-04-2025,3139.899902,3168.600098,3117.399902,3120.699951,5946
03-04-2025,3097,3166.899902,3052,3150,5516
04-04-2025,3012,3127.699951,3011,3110.5,3247
07-04-2025,2951.300049,3050.800049,2949.699951,3016.399902,4424
08-04-2025,2968.399902,3014.5,2968.399902,2994,3213
09-04-2025,3056.5,3090.399902,2965.800049,2965.800049,2175
10-04-2025,3155.199951,3167,3072.100098,3073.899902,3456
11-04-2025,3222.199951,3235,3182.100098,3182.100098,862
14-04-2025,3204.800049,3228.800049,3194.5,3215.5,263
15-04-2025,3218.699951,3218.699951,3214,3216,390
16-04-2025,3326.600098,3334.899902,3238.300049,3238.300049,1874
17-04-2025,3308.699951,3345,3287.800049,3345,824
21-04-2025,3406.199951,3418.5,3342.199951,3342.199951,78
22-04-2025,3400.800049,3485.600098,3361.699951,3422.199951,785
23-04-2025,3276.300049,3370.300049,3256.199951,3321.199951,331
24-04-2025,3332,3353.899902,3304.899902,3305.399902,560
25-04-2025,3282.399902,3355.5,3266.100098,3355.5,162
28-04-2025,3332.5,3332.5,3284.5,3284.5,1300
29-04-2025,3318.800049,3340,3299.899902,3340,1278
30-04-2025,3305,3318.699951,3268,3318.699951,207
01-05-2025,3210,3275,3198.600098,3272.899902,2131
02-05-2025,3231.899902,3257,3225,3239.899902,1349
05-05-2025,3311.300049,3315.699951,3239.699951,3242.699951,244
06-05-2025,3411.399902,3430.899902,3356.800049,3365.5,2357
07-05-2025,3381.399902,3418.699951,3364.699951,3418.699951,1080
08-05-2025,3296.600098,3390,3288.699951,3390,200
09-05-2025,3335.399902,3335.5,3299,3299,216
12-05-2025,3220,3300.699951,3205,3300.699951,886
13-05-2025,3240.300049,3251.399902,3223.5,3232,2424
14-05-2025,3181.399902,3233,3171.699951,3233,3518
15-05-2025,3220.699951,3228.100098,3125,3151,652
16-05-2025,3182,3228.100098,3173.899902,3227.699951,199
19-05-2025,3228.899902,3241,3228.300049,3234.399902,266
20-05-2025,3280.300049,3293.199951,3207.5,3219,356
21-05-2025,3309.300049,3317.5,3290.199951,3293.399902,979
22-05-2025,3292.300049,3328,3282.699951,3327.300049,1210
23-05-2025,3363.600098,3363.600098,3323.5,3328,47
27-05-2025,3299.100098,3341,3296.300049,3332.5,189
28-05-2025,3293.600098,3293.600098,3293.600098,3293.600098,127758
29-05-2025,3317.100098,3328.800049,3242.399902,3283.699951,24370
30-05-2025,3288.899902,3318,3270.899902,3315.100098,2213
02-06-2025,3370.600098,3380.800049,3296.899902,3296.899902,976
03-06-2025,3350.199951,3390,3331.300049,3385.100098,6410
04-06-2025,3373.5,3380,3344,3355,207
05-06-2025,3350.699951,3400,3343.699951,3371.5,731
06-06-2025,3322.699951,3364.300049,3306,3364.300049,81
09-06-2025,3332.100098,3334.600098,3290,3315.600098,1887
10-06-2025,3320.899902,3344.300049,3302,3302,65
11-06-2025,3321.300049,3356,3321.300049,3328,2106
12-06-2025,3380.899902,3395.899902,3353.399902,3363,1818
13-06-2025,3431.199951,3444,3407.300049,3407.300049,499
16-06-2025,3396.399902,3442,3385.399902,3442,480
17-06-2025,3386.600098,3398.300049,3376.100098,3398.300049,1477
18-06-2025,3389.800049,3391.899902,3365.100098,3385.300049,0
20-06-2025,3368.100098,3372.899902,3341,3350,709
23-06-2025,3377.699951,3387.899902,3350,3365.899902,30
24-06-2025,3317.399902,3358,3301,3358,538
25-06-2025,3327.100098,3331.199951,3310.600098,3321.600098,373
26-06-2025,3333.5,3333.5,3332.399902,3332.399902,2058
27-06-2025,3273.699951,3318.699951,3253.800049,3318.699951,284
30-06-2025,3294.399902,3306.899902,3262,3265.899902,1242
01-07-2025,3336.699951,3354.100098,3310.100098,3310.100098,371
02-07-2025,3348,3357.5,3329,3329,39
03-07-2025,3331.600098,3362,3322.300049,3362,0
04-07-2025,3332.5,3342,3332.5,3342,0
07-07-2025,3332.199951,3333.300049,3299.199951,3305.5,254
08-07-2025,3307,3334.5,3287.600098,3330.399902,909
09-07-2025,3311.600098,3314,3282,3289.399902,114
10-07-2025,3317.399902,3330.5,3311.600098,3323.600098,209
11-07-2025,3356,3370,3330.5,3330.5,776
14-07-2025,3351.5,3375.5,3350,3367,583
15-07-2025,3329.800049,3341,3329.800049,3341,210
16-07-2025,3352.5,3352.899902,3329.5,3341.199951,10
17-07-2025,3340.100098,3340.800049,3313.800049,3313.800049,667
18-07-2025,3353,3353,3338.199951,3338.199951,602
21-07-2025,3401.899902,3411.699951,3350.300049,3350.300049,53
22-07-2025,3439.199951,3441,3395.600098,3411,39
23-07-2025,3394.100098,3433.899902,3388.100098,3430.300049,63
24-07-2025,3371,3371,3367,3367,1175
25-07-2025,3334,3345,3326.5,3344,67
28-07-2025,3309.100098,3326.800049,3309.100098,3326.600098,533
29-07-2025,3323.399902,3323.399902,3323.399902,3323.399902,113144
30-07-2025,3295.800049,3331.800049,3263.899902,3325.800049,19252
31-07-2025,3293.199951,3312,3272.899902,3272.899902,3704
01-08-2025,3347.699951,3360.600098,3281,3286.199951,3420
04-08-2025,3374.399902,3386.5,3347.399902,3367.600098,351
05-08-2025,3381.899902,3387.199951,3351.199951,3378.5,915
06-08-2025,3380,3383.300049,3361.300049,3380.699951,1492
07-08-2025,3400.300049,3422.899902,3384.899902,3384.899902,5464
08-08-2025,3439.100098,3477,3402.5,3438.800049,7657
11-08-2025,3353.100098,3383.899902,3349.199951,3383.899902,1488
12-08-2025,3348.899902,3356.199951,3330.100098,3356.199951,1611
13-08-2025,3358.699951,3363.399902,3358.699951,3358.800049,1011
14-08-2025,3335.199951,3356,3328.899902,3346.800049,592
15-08-2025,3336,3346.800049,3335.899902,3346.800049,1185
18-08-2025,3331.699951,3347.800049,3331.699951,3333.5,646
19-08-2025,3313.399902,3343.5,3313.399902,3330.199951,1655
20-08-2025,3343.399902,3343.5,3310.100098,3310.600098,1213
21-08-2025,3336.899902,3349.399902,3326.5,3349.399902,142
22-08-2025,3374.399902,3377.699951,3349.399902,3349.399902,1240
25-08-2025,3373.800049,3378,3366,3366,1044
26-08-2025,3388.600098,3396.5,3371.100098,3378.899902,905
27-08-2025,3404.600098,3404.600098,3382,3397,3222
28-08-2025,3431.800049,3434.600098,3400,3409,1035
29-08-2025,3473.699951,3475.600098,3426.600098,3432.5,0
02-09-2025,3549.399902,3559.199951,3485.699951,3485.699951,658
03-09-2025,3593.199951,3593.699951,3553.199951,3554.800049,72
04-09-2025,3565.800049,3573.600098,3549.899902,3549.899902,237
05-09-2025,3613.199951,3613.199951,3567.800049,3567.800049,925
08-09-2025,3638.100098,3641,3590,3594.5,97
09-09-2025,3643.300049,3670.399902,3627.800049,3647.100098,535
10-09-2025,3643.600098,3655.399902,3620.800049,3625,136
11-09-2025,3636.899902,3636.899902,3618.399902,3632.899902,307
12-09-2025,3649.399902,3656.800049,3643,3655.5,1300
15-09-2025,3682.199951,3686.399902,3635.100098,3640,210
16-09-2025,3688.899902,3698.600098,3681.399902,3681.399902,373
17-09-2025,3681.800049,3685.199951,3661.600098,3669,183
18-09-2025,3643.699951,3667.399902,3637,3654.600098,80
19-09-2025,3671.5,3685.899902,3658.199951,3659,211
22-09-2025,3740.699951,3748.199951,3688,3688.199951,410
23-09-2025,3780.600098,3786,3740,3747,627
24-09-2025,3732.100098,3772.5,3732.100098,3769.800049,588
25-09-2025,3736.899902,3756,3724.699951,3742.800049,1899
26-09-2025,3775.300049,3775.300049,3775.300049,3775.300049,19308
29-09-2025,3820.899902,3827.600098,3754.800049,3754.800049,8860
30-09-2025,3840.800049,3865.5,3793.399902,3827.5,1611
01-10-2025,3867.5,3891.899902,3853.300049,3863.5,1778
02-10-2025,3839.699951,3888.600098,3823.699951,3856.199951,3418
03-10-2025,3880.800049,3886.800049,3853.699951,3855.199951,392
06-10-2025,3948.5,3960,3926.800049,3931.300049,1267
07-10-2025,3976.600098,3981.5,3940,3959.399902,2903
08-10-2025,4043.300049,4049.199951,3987.199951,3987.199951,2179
09-10-2025,3946.300049,4046.199951,3940,4011.199951,3130
10-10-2025,3975.899902,4012,3945.5,3957,1697
13-10-2025,4108.600098,4111,4016,4016,1697
14-10-2025,4138.700195,4160.100098,4085.800049,4131.700195,2424
15-10-2025,4176.899902,4210.600098,4145,4145,3287
16-10-2025,4280.200195,4307,4196.600098,4198.799805,4705
17-10-2025,4189.899902,4358,4182.200195,4354.700195,4060
20-10-2025,4336.399902,4356.600098,4214.600098,4244.100098,1750
21-10-2025,4087.699951,4332.700195,4087.699951,4332.700195,2943
22-10-2025,4044.399902,4148.5,4006,4109.700195,1237
23-10-2025,4125.5,4136.799805,4070.699951,4078.399902,354
24-10-2025,4118.399902,4120.600098,4074.899902,4117.5,123
27-10-2025,4001.899902,4078.600098,3971.300049,4060,220
28-10-2025,3966.199951,3966.199951,3923.600098,3929.699951,219
29-10-2025,3983.699951,3983.699951,3983.699951,3983.699951,1344
30-10-2025,4001.300049,4027.199951,3913.699951,3960,935
31-10-2025,3982.199951,4034.5,3976.600098,4034.5,559
03-11-2025,4000.300049,4020,3959,3976.199951,0
04-11-2025,3947.699951,3995.399902,3927.399902,3994.199951,657
05-11-2025,3980.300049,3983.5,3929.899902,3929.899902,559
06-11-2025,3979.899902,4007.5,3979.899902,4004,650
07-11-2025,3999.399902,3999.399902,3980.800049,3980.800049,245
10-11-2025,4111.799805,4111.799805,4060,4060,189
11-11-2025,4106.799805,4140.100098,4106.799805,4140.100098,569
12-11-2025,4204.399902,4204.399902,4102.899902,4115.600098,396
13-11-2025,4186.899902,4228.700195,4163.700195,4228.700195,167
14-11-2025,4087.600098,4197.899902,4047,4197.700195,483
17-11-2025,4068.300049,4099.5,4019.399902,4070,1552
18-11-2025,4061.300049,4063.399902,4035.600098,4037.399902,1375
19-11-2025,4077.699951,4122.700195,4072,4086.100098,486
20-11-2025,4056.5,4090.399902,4040.199951,4045,202
21-11-2025,4076.699951,4085.199951,4031.800049,4031.800049,171
24-11-2025,4091.899902,4091.899902,4060.5,4060.5,591
25-11-2025,4139.200195,4139.200195,4139.200195,4139.200195,132704
26-11-2025,4165.200195,4171,4127.5,4128.600098,25088
28-11-2025,4218.299805,4223.899902,4140,4163.399902,3615
01-12-2025,4239.299805,4262.100098,4214.899902,4218.5,913
02-12-2025,4186.600098,4230.5,4167,4230.5,366
03-12-2025,4199.299805,4234.100098,4195.700195,4215.700195,1897
04-12-2025,4211.799805,4211.799805,4175,4211,616
05-12-2025,4212.899902,4255.700195,4194.5,4204.100098,533
08-12-2025,4187.200195,4215.799805,4175.5,4205.5,318
09-12-2025,4206.700195,4219.700195,4177.700195,4190.700195,660
10-12-2025,4196.399902,4234.5,4183.600098,4209,692
11-12-2025,4285.5,4286.899902,4214.299805,4224,528
12-12-2025,4300.100098,4355,4260,4276.399902,1531
15-12-2025,4306.700195,4349.200195,4292.899902,4308.299805,854
16-12-2025,4304.5,4321.399902,4270.5,4270.5,1796
17-12-2025,4347.5,4351.399902,4308.5,4308.5,2169
18-12-2025,4339.5,4348.100098,4328.200195,4331,705
19-12-2025,4361.399902,4361.399902,4350.100098,4350.100098,1065
22-12-2025,4444.600098,4447.600098,4371.100098,4371.100098,449
23-12-2025,4482.799805,4503.799805,4450.399902,4503.299805,694
24-12-2025,4480.600098,4503.399902,4468.399902,4500.700195,500
26-12-2025,4529.100098,4556.299805,4502,4512,263
29-12-2025,4325.100098,4379,4325.100098,4371.5,2044
30-12-2025,4370.100098,4403.600098,4338,4346.399902,1837
31-12-2025,4325.600098,4363.799805,4285,4333.5,785
